date,Kjelavatn,Staavatn,Langesae,Foersvatn,Venemo,Botnedalsvatn,Bitdalsvatn,Vaamarvatn,Langeidvatn,Totak,Songavatn,Vinjevatn,Bandak,Bordalsvatn,Byrtevatn,Hyljelihyl,Vatjern
2015-01-01 00:00:00+00:00,42.352,17.472,56.669,92.15,18.263,32.999,92.404,9.796,30.541,170.219,492.379,6.672,137.785,166.063,63.929,0.13,0.15
2015-01-02 00:00:00+00:00,42.001,16.474,56.262,92.185,18.332,32.999,92.024,11.079,30.587,170.219,489.891,5.959,137.785,165.969,63.884,0.13,0.15
2015-01-03 00:00:00+00:00,41.494,15.36,55.753,92.079,18.356,32.743,91.786,12.257,30.587,170.219,487.126,6.445,137.785,165.733,63.703,0.13,0.15
2015-01-04 00:00:00+00:00,41.221,14.784,55.516,91.938,18.388,32.589,91.453,11.425,30.541,169.512,485.468,6.996,137.785,165.591,63.568,0.13,0.15
2015-01-05 00:00:00+00:00,41.182,14.63,55.482,91.903,18.388,32.538,91.025,10.143,30.541,169.512,485.191,7.028,137.785,165.544,63.522,0.13,0.15
2015-01-06 00:00:00+00:00,40.246,11.29,54.261,91.163,18.369,31.36,90.55,9.033,30.357,167.04,479.109,7.417,137.785,164.883,62.89,0.13,0.15
2015-01-07 00:00:00+00:00,39.856,9.907,53.786,90.881,18.344,30.848,90.074,9.865,30.312,166.334,475.792,7.028,138.769,164.599,62.619,0.13,0.15
2015-01-08 00:00:00+00:00,39.48,8.448,53.345,90.634,18.35,30.285,89.646,10.559,30.266,165.275,471.369,7.06,138.769,164.363,62.303,0.13,0.15
2015-01-09 00:00:00+00:00,39.222,6.758,52.938,90.352,18.369,29.85,89.266,9.865,30.266,164.215,468.881,6.931,139.754,164.174,62.032,0.13,0.15
2015-01-10 00:00:00+00:00,38.928,4.954,52.599,90.105,18.363,29.44,88.79,9.657,30.266,162.802,467.775,6.348,138.277,163.985,61.671,0.13,0.15
2015-01-11 00:00:00+00:00,38.671,3.994,52.362,89.964,18.35,29.21,88.648,10.281,30.22,161.743,466.946,5.959,137.293,163.844,61.445,0.13,0.15
2015-01-12 00:00:00+00:00,38.634,3.955,52.328,89.893,18.35,29.184,88.315,10.004,30.22,161.743,466.669,5.992,136.801,163.796,61.4,0.13,0.15
2015-01-13 00:00:00+00:00,37.899,3.187,51.514,88.412,18.381,28.698,88.029,11.183,30.312,162.449,460.311,6.38,136.309,162.757,60.226,0.13,0.15
2015-01-14 00:00:00+00:00,37.826,2.957,51.107,87.636,18.363,28.369,87.744,9.519,30.266,161.39,457.27,7.481,137.785,162.096,60.0,0.13,0.15
2015-01-15 00:00:00+00:00,37.679,2.765,50.7,86.825,18.332,28.076,87.364,8.097,30.266,160.684,455.059,7.708,137.293,161.482,59.819,0.13,0.15
2015-01-16 00:00:00+00:00,37.458,2.611,50.293,85.944,18.332,27.752,86.983,8.929,30.22,159.977,452.294,7.611,137.785,160.868,59.548,0.13,0.15
2015-01-17 00:00:00+00:00,37.201,2.573,49.852,84.992,18.332,27.366,86.65,9.172,30.128,159.977,449.253,6.445,137.293,160.112,59.232,0.13,0.15
2015-01-18 00:00:00+00:00,37.017,2.534,49.649,84.498,18.332,27.165,86.175,9.692,30.082,160.33,447.871,5.376,137.293,159.734,59.097,0.13,0.15
2015-01-19 00:00:00+00:00,36.98,2.534,49.581,84.392,18.332,27.134,85.699,10.385,30.082,160.33,447.595,5.409,136.309,159.64,59.051,0.13,0.15
2015-01-20 00:00:00+00:00,36.135,2.227,48.326,81.994,18.313,26.223,85.176,8.444,29.807,158.212,439.301,6.056,136.309,157.704,58.238,0.13,0.15
2015-01-21 00:00:00+00:00,35.731,2.227,47.783,81.042,18.294,25.791,84.7,7.889,29.715,157.505,435.984,5.182,136.309,156.853,57.877,0.13,0.15
2015-01-22 00:00:00+00:00,35.364,2.266,47.207,80.196,18.251,25.343,84.177,9.276,29.578,156.093,432.39,6.089,135.817,156.003,57.516,0.13,0.15
2015-01-23 00:00:00+00:00,34.959,2.342,46.63,79.455,18.207,24.88,83.702,8.34,29.44,154.68,429.073,5.927,135.817,155.153,57.2,0.13,0.15
2015-01-24 00:00:00+00:00,34.555,2.381,45.986,78.715,18.17,24.386,83.179,6.731,29.349,153.621,425.756,4.664,135.325,154.303,56.838,0.13,0.15
2015-01-25 00:00:00+00:00,34.334,2.381,45.613,78.327,18.158,24.139,82.703,9.103,29.303,153.267,424.097,4.502,134.341,153.878,56.658,0.13,0.15
2015-01-26 00:00:00+00:00,34.298,2.381,45.545,78.327,18.158,24.093,82.228,8.271,29.303,152.914,423.82,4.566,134.341,153.783,56.613,0.13,0.15
2015-01-27 00:00:00+00:00,33.305,2.227,43.714,77.939,18.189,22.827,81.704,7.473,29.028,147.617,415.804,5.927,133.356,151.705,55.619,0.13,0.15
2015-01-28 00:00:00+00:00,32.938,2.227,43.002,77.41,18.12,22.302,81.181,6.094,28.936,145.498,412.763,5.959,133.849,150.855,55.213,0.13,0.15
2015-01-29 00:00:00+00:00,32.534,2.342,42.357,76.599,18.189,21.762,80.706,6.663,28.798,143.732,409.445,6.218,134.833,150.005,54.851,0.13,0.15
2015-01-30 00:00:00+00:00,32.152,2.419,41.713,75.647,18.214,21.206,80.183,7.099,28.661,141.967,405.852,6.931,136.801,149.108,54.445,0.13,0.15
2015-01-31 00:00:00+00:00,31.756,2.381,41.137,74.765,18.226,20.65,79.66,5.86,28.569,139.848,402.258,6.769,139.754,148.21,54.038,0.13,0.15
2015-02-01 00:00:00+00:00,31.558,2.342,40.865,74.342,18.226,20.372,79.136,5.658,28.477,139.141,400.323,6.251,138.277,147.738,53.812,0.13,0.15
2015-02-02 00:00:00+00:00,31.525,2.342,40.797,74.307,18.226,20.31,78.613,6.697,28.477,139.141,400.046,6.251,137.785,147.643,53.767,0.13,0.15
2015-02-03 00:00:00+00:00,30.568,2.189,39.509,73.249,18.189,18.89,78.043,7.233,28.294,134.904,390.98,6.121,137.293,145.424,52.729,0.13,0.15
2015-02-04 00:00:00+00:00,30.172,2.074,38.966,72.226,18.226,18.257,77.52,5.826,28.202,132.432,387.678,7.643,135.817,144.479,52.322,0.13,0.15
2015-02-05 00:00:00+00:00,29.776,1.997,38.39,71.204,18.245,17.655,76.949,3.682,28.11,129.606,384.597,8.324,135.325,143.487,51.961,0.13,0.15
2015-02-06 00:00:00+00:00,29.38,2.035,37.915,70.322,18.22,17.053,76.378,3.85,28.019,126.075,382.836,6.866,134.833,142.542,51.554,0.13,0.15
2015-02-07 00:00:00+00:00,28.984,2.035,37.406,69.476,18.189,16.482,75.808,4.017,27.927,123.603,381.295,4.631,134.341,141.503,51.058,0.13,0.15
2015-02-08 00:00:00+00:00,28.753,2.035,37.135,69.017,18.189,16.173,75.475,7.889,27.881,123.25,380.415,4.145,133.356,141.031,50.787,0.13,0.15
2015-02-09 00:00:00+00:00,28.72,2.035,37.101,68.947,18.195,16.111,74.999,6.764,27.881,123.25,380.195,4.178,131.88,140.937,50.741,0.13,0.15
2015-02-10 00:00:00+00:00,27.631,2.15,35.88,67.113,18.276,14.552,74.428,5.39,27.606,119.718,372.491,4.793,131.88,138.339,49.612,0.13,0.15
2015-02-11 00:00:00+00:00,27.169,2.304,35.371,66.584,18.251,13.95,73.858,4.821,27.468,117.246,369.41,5.927,131.88,137.3,49.116,0.13,0.15
2015-02-12 00:00:00+00:00,26.74,2.419,34.863,65.562,18.263,13.332,73.24,2.844,27.377,114.421,366.329,6.963,131.388,136.214,48.619,0.13,0.15
2015-02-13 00:00:00+00:00,26.311,2.458,34.32,64.539,18.251,12.622,72.669,2.577,27.239,111.596,363.027,7.579,131.388,135.08,48.167,0.13,0.15
2015-02-14 00:00:00+00:00,25.915,2.496,33.811,63.657,18.17,11.896,72.098,1.672,27.102,109.477,360.166,6.801,130.896,133.946,47.715,0.13,0.15
2015-02-15 00:00:00+00:00,25.72,2.496,33.574,63.305,18.114,11.541,71.48,3.179,27.056,108.77,358.625,6.283,130.404,133.427,47.49,0.13,0.15
2015-02-16 00:00:00+00:00,25.69,2.496,33.54,63.199,18.12,11.464,70.957,4.452,27.056,108.417,358.405,6.283,129.912,133.332,47.445,0.13,0.15
2015-02-17 00:00:00+00:00,24.88,2.419,32.421,60.625,18.201,9.766,70.386,3.381,26.826,103.12,352.462,6.445,128.928,130.64,46.315,0.13,0.15
2015-02-18 00:00:00+00:00,24.55,2.304,31.946,59.673,18.17,9.087,69.958,2.644,26.781,101.001,350.481,5.862,127.944,129.507,45.909,0.13,0.15
2015-02-19 00:00:00+00:00,24.28,2.419,31.505,58.791,18.12,8.531,69.388,3.347,26.689,99.235,348.06,5.992,127.944,128.42,45.548,0.13,0.15
2015-02-20 00:00:00+00:00,23.98,2.534,31.03,57.804,18.139,8.266,68.96,2.945,26.597,97.47,345.199,6.542,127.451,127.24,45.141,0.13,0.15
2015-02-21 00:00:00+00:00,23.65,2.534,30.522,56.816,18.151,8.011,68.436,1.973,26.505,95.704,342.118,7.093,127.944,126.106,44.69,0.13,0.15
2015-02-22 00:00:00+00:00,23.5,2.458,30.25,56.323,18.151,7.87,67.866,1.806,26.46,94.998,340.577,7.287,127.451,125.492,44.464,0.13,0.15
2015-02-23 00:00:00+00:00,23.47,2.458,30.183,56.217,18.151,7.841,67.295,1.571,26.46,94.998,340.357,7.255,128.436,125.35,44.419,0.13,0.15
2015-02-24 00:00:00+00:00,22.72,2.496,28.657,54.419,18.214,7.133,66.822,1.873,26.23,91.466,333.094,6.38,128.436,122.517,43.38,0.13,0.15
2015-02-25 00:00:00+00:00,22.42,2.458,28.012,53.808,18.238,6.793,66.406,2.71,26.139,89.347,330.452,7.222,128.436,121.336,42.928,0.13,0.15
2015-02-26 00:00:00+00:00,22.12,2.419,27.402,53.153,18.251,6.453,65.915,0.935,26.001,87.228,327.591,7.773,127.944,120.155,42.477,0.13,0.15
2015-02-27 00:00:00+00:00,21.79,2.342,26.859,52.475,18.269,6.311,65.499,0.935,25.909,85.109,324.07,7.805,127.944,118.927,41.619,0.13,0.15
2015-02-28 00:00:00+00:00,21.49,2.304,26.384,51.978,18.263,6.382,65.008,0.586,25.772,83.697,321.208,6.445,127.451,117.699,40.535,0.13,0.15
2015-03-01 00:00:00+00:00,21.34,2.266,26.147,51.82,18.257,6.425,64.516,1.538,25.726,83.344,320.108,5.376,128.436,117.085,39.947,0.13,0.15
2015-03-02 00:00:00+00:00,21.31,2.266,26.113,51.752,18.257,6.389,64.176,2.811,25.726,83.344,319.888,5.409,127.944,116.943,39.902,0.13,0.15
2015-03-03 00:00:00+00:00,20.5,2.266,24.926,50.102,18.263,5.596,63.685,1.906,25.451,79.459,312.404,6.348,127.944,113.968,38.502,0.13,0.15
2015-03-04 00:00:00+00:00,20.17,2.266,24.417,49.356,18.282,5.171,63.193,0.528,25.313,77.34,309.103,6.251,127.944,112.645,37.96,0.13,0.15
2015-03-05 00:00:00+00:00,19.81,2.266,23.977,48.723,18.288,4.703,62.702,0.596,25.176,74.868,305.801,7.384,127.944,111.37,37.48,0.13,0.15
2015-03-06 00:00:00+00:00,19.503,2.304,23.536,48.181,18.263,4.498,62.21,0.532,25.084,72.043,302.94,7.967,127.944,110.048,36.777,0.13,0.15
2015-03-07 00:00:00+00:00,19.338,2.496,23.197,47.797,18.276,4.739,61.681,0.446,25.038,69.924,300.739,6.834,126.467,108.867,36.113,0.13,0.15
2015-03-08 00:00:00+00:00,19.283,2.573,23.027,47.684,18.319,4.93,61.265,0.55,24.992,69.218,299.859,5.894,126.467,108.3,35.918,0.13,0.15
2015-03-09 00:00:00+00:00,19.283,2.573,23.129,47.593,18.319,4.916,60.887,1.973,24.992,69.218,299.638,5.927,127.944,108.158,35.918,0.13,0.15
2015-03-10 00:00:00+00:00,18.954,2.342,25.299,45.401,18.332,4.661,60.396,0.528,24.992,66.392,293.916,6.348,129.912,105.277,35.528,0.13,0.15
2015-03-11 00:00:00+00:00,18.707,2.496,25.435,44.384,18.325,4.236,60.056,1.035,24.9,66.392,290.614,5.7,129.912,103.955,35.293,0.13,0.15
2015-03-12 00:00:00+00:00,18.46,2.65,25.469,43.39,18.307,3.69,59.527,1.739,24.809,65.333,287.533,6.121,130.896,102.632,35.059,0.13,0.15
2015-03-13 00:00:00+00:00,18.24,2.573,25.537,42.395,18.288,3.025,58.997,0.594,24.671,64.627,284.451,5.441,132.864,101.216,34.747,0.13,0.15
2015-03-14 00:00:00+00:00,18.021,2.419,25.537,41.446,18.294,2.323,58.506,0.526,24.579,63.567,281.15,4.987,132.864,99.799,34.356,0.13,0.15
2015-03-15 00:00:00+00:00,17.883,2.381,25.57,40.994,18.313,1.99,57.977,1.438,24.534,63.214,279.609,5.668,133.356,99.043,34.122,0.13,0.15
2015-03-16 00:00:00+00:00,17.856,2.381,25.57,40.904,18.319,1.983,57.448,0.526,24.534,63.214,279.389,5.603,133.356,98.901,34.044,0.13,0.15
2015-03-17 00:00:00+00:00,17.225,2.112,25.638,38.757,18.394,1.778,56.918,0.514,24.258,59.329,271.466,4.437,133.356,95.312,32.053,0.13,0.15
2015-03-18 00:00:00+00:00,16.923,2.189,25.638,37.83,18.381,1.771,56.389,0.538,24.121,57.564,267.944,5.247,132.864,93.8,31.155,0.13,0.15
2015-03-19 00:00:00+00:00,16.621,2.227,25.672,36.881,18.356,1.388,55.822,0.496,23.983,55.092,264.642,6.898,132.372,92.242,30.452,0.13,0.15
2015-03-20 00:00:00+00:00,16.319,2.227,25.706,35.932,18.344,0.822,55.293,0.41,23.892,52.619,261.341,7.028,130.896,90.636,29.788,0.13,0.15
2015-03-21 00:00:00+00:00,16.017,2.189,25.74,34.96,18.325,0.482,54.726,0.356,23.754,51.207,258.04,5.409,130.404,89.03,28.969,0.13,0.15
2015-03-22 00:00:00+00:00,15.852,2.15,25.774,34.44,18.319,0.446,54.197,0.52,23.662,50.854,256.279,4.599,129.912,88.227,28.539,0.13,0.15
2015-03-23 00:00:00+00:00,15.825,2.15,25.774,34.35,18.325,0.475,53.63,0.56,23.662,50.854,255.839,4.664,129.42,88.038,28.422,0.13,0.15
2015-03-24 00:00:00+00:00,15.083,2.304,25.876,32.045,18.4,1.14,53.063,0.424,23.387,46.616,247.475,6.542,128.436,83.598,26.041,0.13,0.15
2015-03-25 00:00:00+00:00,14.782,2.342,25.91,31.095,18.4,1.424,52.458,0.408,23.341,44.497,243.953,7.481,127.944,81.898,25.064,0.13,0.15
2015-03-26 00:00:00+00:00,14.48,2.342,25.943,30.124,18.388,1.672,51.891,0.404,23.25,42.025,240.872,8.064,127.944,80.198,24.049,0.13,0.15
2015-03-27 00:00:00+00:00,14.19,2.381,25.977,29.129,18.388,1.898,51.362,0.324,23.112,40.259,237.57,7.384,127.451,78.45,22.995,0.13,0.15
2015-03-28 00:00:00+00:00,14.073,2.381,25.977,28.655,18.388,2.005,50.757,0.336,23.066,39.553,235.809,6.639,126.467,77.553,22.488,0.13,0.15
2015-03-29 00:00:00+00:00,14.049,2.381,25.977,28.564,18.388,2.026,50.152,0.482,23.066,39.553,235.369,6.672,125.975,77.364,22.371,0.13,0.15
2015-03-30 00:00:00+00:00,13.441,2.227,26.045,26.169,18.381,2.458,49.547,0.444,22.699,36.021,226.345,7.125,125.483,73.019,19.833,0.13,0.15
2015-03-31 00:00:00+00:00,13.184,2.304,26.079,25.174,18.363,2.607,48.943,0.332,22.562,33.549,222.603,7.222,124.007,71.177,18.74,0.13,0.15
2015-04-01 00:00:00+00:00,12.926,2.419,26.113,24.225,18.325,2.748,48.3,0.326,22.424,31.43,218.862,7.352,123.515,69.288,17.647,0.13,0.15
2015-04-02 00:00:00+00:00,12.645,2.342,26.113,23.321,18.288,2.89,47.657,0.358,22.287,30.018,214.9,7.158,122.531,67.446,16.553,0.13,0.15
2015-04-03 00:00:00+00:00,12.341,2.266,26.147,22.372,18.263,3.017,47.015,0.306,22.149,28.252,210.938,7.028,121.546,65.556,15.46,0.13,0.15
2015-04-04 00:00:00+00:00,12.06,2.304,26.147,21.423,18.276,3.145,46.372,0.354,22.011,26.133,206.976,6.898,121.054,63.62,14.367,0.13,0.15
2015-04-05 00:00:00+00:00,11.803,2.342,26.147,20.473,18.319,3.265,45.692,0.286,21.828,24.721,203.015,6.445,120.07,61.636,13.235,0.13,0.15
2015-04-06 00:00:00+00:00,11.522,2.419,26.181,19.524,18.325,3.223,45.049,0.378,21.69,22.955,199.053,6.931,119.578,59.652,12.298,0.13,0.15
2015-04-07 00:00:00+00:00,11.241,2.342,26.181,18.575,18.301,2.925,44.369,0.306,21.553,21.189,194.871,6.931,118.102,57.669,11.673,0.13,0.15
2015-04-08 00:00:00+00:00,10.937,2.227,26.215,17.581,18.288,2.529,43.726,0.264,21.415,19.423,190.909,7.352,117.61,55.685,11.127,0.13,0.15
2015-04-09 00:00:00+00:00,10.633,2.189,26.215,16.586,18.301,2.309,43.537,0.302,21.278,17.658,186.947,8.097,118.102,53.654,10.58,0.13,0.15
2015-04-10 00:00:00+00:00,10.329,2.266,26.249,15.614,18.325,2.557,42.365,0.204,21.186,16.245,182.985,8.032,118.594,51.623,9.877,0.13,0.15
2015-04-11 00:00:00+00:00,10.048,2.342,26.317,14.688,18.332,3.088,41.723,0.32,21.094,16.598,179.244,7.773,119.086,49.64,9.097,0.13,0.15
2015-04-12 00:00:00+00:00,9.744,2.381,26.418,13.739,18.319,3.471,41.118,0.354,21.003,17.304,175.062,7.773,120.07,47.609,8.745,0.13,0.15
2015-04-13 00:00:00+00:00,9.444,2.419,26.452,12.722,18.288,3.726,40.513,0.392,20.957,16.951,171.1,7.773,120.562,45.483,8.94,0.13,0.15
2015-04-14 00:00:00+00:00,9.192,2.304,26.52,11.727,18.245,3.96,39.833,0.282,20.865,16.598,168.112,7.125,119.086,43.311,9.253,0.13,0.15
2015-04-15 00:00:00+00:00,8.901,2.227,26.554,10.688,18.245,3.953,39.19,0.35,20.727,16.245,165.123,6.737,117.61,41.138,9.76,0.13,0.15
2015-04-16 00:00:00+00:00,8.591,2.342,26.554,9.976,18.282,3.598,38.51,0.392,20.59,15.539,162.135,7.417,117.118,38.918,10.112,0.13,0.15
2015-04-17 00:00:00+00:00,8.28,2.304,26.588,9.698,18.307,3.124,37.829,0.314,20.452,13.773,159.146,7.935,115.641,36.651,9.956,0.13,0.15
2015-04-18 00:00:00+00:00,7.931,2.266,26.588,9.431,18.325,2.734,37.149,0.214,20.315,12.713,156.315,7.903,116.133,34.384,9.604,0.13,0.15
2015-04-19 00:00:00+00:00,7.562,2.304,26.622,9.165,18.363,2.564,36.469,0.31,20.223,12.713,153.484,7.287,116.625,32.117,9.37,0.13,0.15
2015-04-20 00:00:00+00:00,7.562,2.304,26.622,9.165,18.363,2.564,35.826,0.304,20.223,12.713,153.484,7.287,116.133,32.117,9.37,0.13,0.15
2015-04-21 00:00:00+00:00,7.194,2.342,26.622,8.869,18.394,2.727,35.183,0.416,20.177,13.773,150.496,6.477,117.118,29.897,9.331,0.13,0.15
2015-04-22 00:00:00+00:00,6.864,2.381,26.656,8.597,18.325,3.102,34.616,0.442,20.085,15.892,147.507,6.38,118.102,27.677,9.448,0.13,0.15
2015-04-23 00:00:00+00:00,6.554,2.458,26.69,8.366,18.35,3.577,34.049,0.462,20.085,18.011,144.676,6.639,120.07,25.505,9.721,0.13,0.15
2015-04-24 00:00:00+00:00,6.243,2.419,26.723,8.124,18.444,3.868,33.52,0.494,20.085,20.483,142.002,6.737,121.546,23.332,10.034,0.13,0.15
2015-04-25 00:00:00+00:00,5.972,2.419,26.791,7.852,18.388,3.804,32.953,0.48,20.085,23.308,139.171,6.348,122.531,21.159,10.19,0.13,0.15
2015-04-26 00:00:00+00:00,5.719,2.381,26.893,7.568,18.332,3.655,32.386,0.496,20.131,26.486,136.183,5.538,124.007,18.892,10.268,0.13,0.15
2015-04-27 00:00:00+00:00,5.62,2.342,26.927,7.426,18.325,3.591,31.744,0.502,20.131,27.899,134.61,4.987,123.023,17.759,10.307,0.13,0.15
2015-04-28 00:00:00+00:00,4.932,2.304,26.995,6.656,18.332,3.23,31.063,0.518,20.131,32.843,126.903,5.732,121.054,11.76,9.643,0.13,0.15
2015-04-29 00:00:00+00:00,4.628,2.189,27.029,6.361,18.301,2.954,30.421,0.538,20.131,34.962,123.757,4.761,121.054,9.257,9.37,0.13,0.15
2015-04-30 00:00:00+00:00,4.308,2.227,27.097,6.083,18.282,2.578,29.74,0.552,20.131,36.375,120.611,4.534,120.07,6.754,9.058,0.13,0.15
2015-05-01 00:00:00+00:00,3.972,2.304,27.097,5.816,18.257,2.26,29.157,0.566,20.085,36.728,117.308,4.728,119.086,4.204,8.706,0.13,0.15
2015-05-02 00:00:00+00:00,3.636,2.304,27.13,5.319,18.251,2.09,28.671,0.5,20.04,37.081,114.005,4.566,118.594,2.362,8.316,0.13,0.15
2015-05-03 00:00:00+00:00,3.332,2.342,27.198,4.473,18.263,1.941,28.158,0.484,20.04,37.787,111.017,4.178,118.102,1.889,7.964,0.13,0.15
2015-05-04 00:00:00+00:00,3.028,2.419,27.232,3.639,18.301,1.955,27.672,0.492,20.085,38.493,108.343,4.178,117.61,1.795,7.886,0.13,0.15
2015-05-05 00:00:00+00:00,2.788,2.419,27.3,3.077,18.356,2.826,27.24,0.56,20.269,39.906,106.141,5.182,117.118,1.842,8.394,0.13,0.15
2015-05-06 00:00:00+00:00,2.66,2.458,27.368,2.937,18.419,4.066,26.862,0.588,20.59,42.025,104.254,6.639,119.086,2.078,9.214,0.13,0.15
2015-05-07 00:00:00+00:00,2.548,2.458,27.436,2.888,18.431,4.682,26.646,1.304,20.911,43.791,102.523,7.838,123.023,2.314,9.799,0.13,0.15
2015-05-08 00:00:00+00:00,2.463,2.419,27.537,2.919,18.356,4.788,26.484,1.672,21.186,45.556,100.636,7.903,125.483,2.409,10.151,0.13,0.15
2015-05-09 00:00:00+00:00,2.362,2.381,27.605,3.183,18.288,4.654,26.214,1.035,21.415,45.556,98.591,7.32,126.467,2.456,10.307,0.13,0.15
2015-05-10 00:00:00+00:00,2.35,2.419,27.707,3.172,18.35,4.562,25.917,1.773,21.645,45.91,97.018,6.996,126.467,2.739,10.502,0.13,0.15
2015-05-11 00:00:00+00:00,2.644,2.573,27.334,3.089,18.4,4.965,25.566,0.734,22.057,48.382,96.075,7.028,126.959,3.259,11.127,0.13,0.15
2015-05-12 00:00:00+00:00,3.172,3.84,26.215,3.674,18.388,5.617,25.323,1.136,22.653,50.854,95.131,7.643,128.928,3.637,11.947,0.13,0.15
2015-05-13 00:00:00+00:00,3.46,5.491,25.096,4.183,18.437,6.106,25.242,1.773,23.341,54.385,94.345,8.324,130.896,3.873,12.649,0.13,0.15
2015-05-14 00:00:00+00:00,3.556,6.451,24.316,4.112,18.475,6.488,25.134,2.342,23.937,58.976,93.873,8.453,132.372,4.015,13.157,0.13,0.15
2015-05-15 00:00:00+00:00,3.556,7.181,23.671,3.959,18.431,6.75,25.026,3.046,24.442,63.92,93.244,7.028,132.864,3.873,13.547,0.13,0.15
2015-05-16 00:00:00+00:00,3.46,7.834,23.095,4.231,18.245,6.899,24.864,3.816,24.809,67.805,92.772,5.214,133.849,3.637,13.782,0.13,0.15
2015-05-17 00:00:00+00:00,3.3,8.333,22.518,4.402,18.176,6.963,24.702,5.558,25.13,70.983,92.143,4.761,132.864,3.306,14.016,0.13,0.15
2015-05-18 00:00:00+00:00,3.092,8.832,21.942,4.059,18.232,7.012,24.513,4.955,25.451,74.515,91.356,5.279,131.88,3.023,14.289,0.13,0.15
2015-05-19 00:00:00+00:00,2.9,9.331,21.399,3.68,18.251,7.048,24.243,4.218,25.772,76.987,90.57,5.603,131.88,2.739,14.484,0.13,0.15
2015-05-20 00:00:00+00:00,2.724,9.83,20.924,3.314,18.288,7.083,24.0,3.917,26.093,79.459,89.941,5.506,133.356,2.503,14.64,0.13,0.15
2015-05-21 00:00:00+00:00,2.676,10.483,20.517,3.03,18.332,7.26,23.757,4.017,26.551,81.931,89.154,5.894,135.325,2.362,14.992,0.13,0.15
2015-05-22 00:00:00+00:00,2.74,11.213,20.178,3.373,18.319,7.558,23.541,4.319,27.102,84.05,88.997,5.992,135.817,2.55,15.382,0.13,0.15
2015-05-23 00:00:00+00:00,2.772,11.866,19.839,3.917,18.301,7.77,23.514,4.285,27.606,85.462,88.682,5.862,136.309,2.787,15.695,0.13,0.15
2015-05-24 00:00:00+00:00,2.708,12.403,19.466,4.408,18.325,7.891,23.433,4.921,28.019,86.169,88.053,6.283,137.293,3.023,15.968,0.13,0.15
2015-05-25 00:00:00+00:00,2.612,12.902,19.093,4.852,18.356,8.04,23.352,4.519,28.477,86.875,87.109,6.283,137.785,3.306,16.241,0.13,0.15
2015-05-26 00:00:00+00:00,2.548,13.478,18.686,4.793,18.356,8.224,23.19,4.452,28.936,89.347,86.48,6.089,137.293,3.731,16.514,0.13,0.15
2015-05-27 00:00:00+00:00,2.516,14.093,18.347,4.532,18.325,8.429,23.109,5.19,29.165,92.525,85.537,6.251,137.293,4.204,16.827,0.13,0.15
2015-05-28 00:00:00+00:00,2.45,14.63,18.008,4.118,18.375,8.654,23.028,5.491,28.89,95.351,84.75,6.996,136.801,4.487,17.1,0.13,0.15
2015-05-29 00:00:00+00:00,2.338,15.053,17.567,3.621,18.468,8.793,23.028,5.86,28.431,98.176,86.48,8.097,137.785,4.534,17.725,0.13,0.15
2015-05-30 00:00:00+00:00,2.225,15.437,17.126,3.379,18.338,8.917,22.866,5.525,28.019,100.648,86.166,7.967,137.785,4.44,18.701,0.13,0.15
2015-05-31 00:00:00+00:00,2.1,15.936,16.753,3.272,18.207,9.195,22.704,5.826,27.652,103.473,85.851,7.773,139.754,4.487,19.989,0.13,0.15
2015-06-01 00:00:00+00:00,1.95,16.435,16.414,3.018,18.294,9.488,22.542,7.032,27.285,106.652,85.537,8.162,140.738,4.392,21.512,0.13,0.15
2015-06-02 00:00:00+00:00,1.75,16.819,16.041,2.911,18.406,9.72,22.407,7.166,26.964,109.83,85.222,7.805,140.738,4.204,23.073,0.13,0.15
2015-06-03 00:00:00+00:00,1.587,17.203,15.634,2.797,18.499,9.982,22.272,8.132,26.689,113.361,84.75,7.481,141.722,4.109,24.596,0.13,0.15
2015-06-04 00:00:00+00:00,1.5,17.664,15.803,2.63,18.555,10.306,22.11,8.617,26.505,116.893,84.593,7.06,141.722,4.156,26.08,0.13,0.15
2015-06-05 00:00:00+00:00,1.663,18.509,17.092,2.567,18.674,11.449,21.948,8.271,26.551,121.484,86.323,6.51,141.722,4.912,27.954,0.13,0.15
2015-06-06 00:00:00+00:00,2.25,19.93,18.347,2.611,18.885,13.487,21.867,9.553,26.872,127.841,90.727,6.704,141.722,6.471,30.14,0.13,0.15
2015-06-07 00:00:00+00:00,3.012,21.427,19.059,2.76,18.953,15.262,22.488,11.148,27.102,133.844,94.816,7.06,141.23,8.171,32.053,0.13,0.15
2015-06-08 00:00:00+00:00,3.396,22.656,19.602,2.992,18.562,16.497,23.19,11.183,27.331,139.495,97.648,7.838,139.754,9.918,33.615,0.13,0.15
2015-06-09 00:00:00+00:00,3.54,23.693,20.043,3.497,18.276,17.408,23.622,12.847,27.514,143.379,100.164,8.129,135.817,11.855,35.137,0.13,0.15
2015-06-10 00:00:00+00:00,3.86,24.922,20.585,4.03,18.444,18.628,23.946,12.881,27.468,147.264,102.995,7.805,132.372,14.216,36.816,0.13,0.15
2015-06-11 00:00:00+00:00,4.244,26.342,21.365,4.698,18.499,20.434,24.27,13.54,27.423,152.561,106.456,7.838,130.404,17.239,38.909,0.13,0.15
2015-06-12 00:00:00+00:00,4.308,27.84,22.179,5.479,18.388,22.225,24.81,14.06,27.423,157.505,110.388,7.676,128.928,20.215,40.986,0.13,0.15
2015-06-13 00:00:00+00:00,4.036,29.146,22.79,6.207,18.282,23.522,25.539,14.337,27.239,161.39,114.163,7.352,128.928,22.671,42.793,0.13,0.15
2015-06-14 00:00:00+00:00,3.572,30.182,23.23,6.822,18.17,24.185,26.241,14.407,26.918,164.215,117.151,7.222,128.928,24.607,44.283,0.13,0.15
2015-06-15 00:00:00+00:00,2.996,30.989,23.57,7.378,18.133,24.294,26.754,15.481,26.505,165.981,119.353,6.51,126.467,26.213,45.638,0.13,0.15
2015-06-16 00:00:00+00:00,2.463,31.68,23.909,7.905,18.139,24.263,27.132,14.545,26.139,167.747,120.611,5.7,128.436,27.724,47.038,0.13,0.15
2015-06-17 00:00:00+00:00,2.2,32.525,24.417,8.426,18.145,24.463,27.456,13.956,26.047,168.453,122.341,5.862,130.404,29.378,48.619,0.13,0.15
2015-06-18 00:00:00+00:00,2.138,33.523,25.13,8.964,18.176,24.973,27.78,13.609,26.322,169.865,125.487,6.672,131.88,31.645,50.425,0.13,0.15
2015-06-19 00:00:00+00:00,2.138,34.598,25.842,9.491,18.22,25.575,28.266,13.713,26.781,172.338,129.577,7.546,131.88,34.242,52.187,0.13,0.15
2015-06-20 00:00:00+00:00,2.138,35.712,26.52,9.994,18.226,26.131,29.238,14.476,27.239,175.163,133.666,7.32,131.388,36.746,53.948,0.13,0.15
2015-06-21 00:00:00+00:00,2.163,36.864,27.164,11.569,18.201,26.671,30.61,15.343,27.698,177.635,137.598,6.866,130.404,39.249,55.709,0.13,0.15
2015-06-22 00:00:00+00:00,2.225,38.131,27.91,13.874,18.158,27.211,32.046,14.58,28.202,180.46,141.845,6.672,131.88,41.374,57.471,0.13,0.15
2015-06-23 00:00:00+00:00,2.362,39.437,28.724,16.744,18.133,27.798,33.634,15.308,28.661,183.285,146.563,6.963,131.88,42.933,59.277,0.13,0.15
2015-06-24 00:00:00+00:00,2.438,40.589,29.369,18.711,18.269,28.199,35.372,17.111,29.028,186.464,151.282,7.449,132.372,44.019,60.858,0.13,0.15
2015-06-25 00:00:00+00:00,2.313,41.434,29.776,18.824,18.549,28.292,36.922,17.319,29.257,191.408,155.057,6.477,130.896,44.68,62.303,0.13,0.15
2015-06-26 00:00:00+00:00,2.138,42.202,30.149,18.236,18.785,28.261,37.981,17.811,29.486,198.118,158.203,5.538,131.388,45.2,63.703,0.13,0.15
2015-06-27 00:00:00+00:00,2.075,43.162,30.691,17.92,18.972,28.338,38.699,19.03,29.761,206.24,161.82,5.506,130.896,45.908,65.193,0.13,0.15
2015-06-28 00:00:00+00:00,2.225,44.352,31.437,18.078,19.04,28.724,39.606,20.398,30.082,213.656,166.067,6.38,128.928,46.9,66.819,0.13,0.15
2015-06-29 00:00:00+00:00,2.463,45.619,32.217,18.213,19.121,29.671,40.778,21.248,30.357,218.247,171.76,6.866,126.959,47.986,68.084,0.13,0.15
2015-06-30 00:00:00+00:00,2.724,46.925,32.862,18.485,19.239,31.028,42.517,21.248,30.633,220.366,180.784,6.607,125.975,49.026,68.852,0.13,0.15
2015-07-01 00:00:00+00:00,3.876,47.846,33.676,19.75,19.109,32.717,44.293,19.104,30.999,221.779,193.11,6.477,130.404,50.915,69.71,0.13,0.15
2015-07-02 00:00:00+00:00,7.019,47.885,34.693,22.259,18.537,34.791,46.523,19.474,31.366,223.898,210.058,6.963,131.88,53.843,70.703,0.13,0.15
2015-07-03 00:00:00+00:00,10.82,47.578,35.609,25.4,18.052,36.839,50.19,21.876,31.687,226.723,226.565,6.801,132.372,57.48,71.607,0.13,0.15
2015-07-04 00:00:00+00:00,13.488,47.462,36.389,27.977,18.108,38.503,53.894,22.8,31.917,228.842,240.431,5.959,131.388,61.306,72.284,0.13,0.15
2015-07-05 00:00:00+00:00,16.73,47.731,37.474,30.643,18.319,40.448,56.427,23.17,32.472,230.607,256.279,5.765,131.388,65.604,73.368,0.13,0.15
2015-07-06 00:00:00+00:00,20.86,47.578,38.695,33.581,18.356,42.548,58.468,21.617,32.937,233.786,272.786,5.506,133.356,70.421,74.497,0.13,0.15
2015-07-07 00:00:00+00:00,23.98,47.232,39.543,36.248,18.301,44.468,62.324,22.8,33.123,237.67,285.992,5.57,133.356,74.53,75.581,0.13,0.15
2015-07-08 00:00:00+00:00,25.69,47.309,40.187,38.689,18.282,46.464,64.478,23.909,33.03,240.849,297.437,6.121,131.88,77.931,76.62,0.13,0.15
2015-07-09 00:00:00+00:00,26.905,47.309,40.594,40.881,18.245,47.898,66.822,24.352,32.658,242.968,306.461,5.765,131.388,80.34,77.121,0.13,0.15
2015-07-10 00:00:00+00:00,27.565,47.194,40.797,42.847,18.232,48.538,68.96,24.611,32.426,241.908,313.505,5.344,131.388,81.804,77.304,0.13,0.15
2015-07-11 00:00:00+00:00,27.862,47.117,41.103,44.633,18.232,48.871,69.911,23.096,32.333,238.024,320.108,5.279,133.356,82.984,77.349,0.13,0.15
2015-07-12 00:00:00+00:00,27.994,47.386,41.577,46.35,18.238,49.178,70.576,20.878,32.286,232.726,326.491,5.894,135.817,84.354,77.395,0.13,0.15
2015-07-13 00:00:00+00:00,28.39,47.693,42.086,47.729,18.238,49.511,71.337,19.843,32.286,228.488,331.993,7.093,137.293,85.818,77.395,0.13,0.15
2015-07-14 00:00:00+00:00,29.017,47.77,42.527,48.271,18.251,49.767,72.241,19.104,32.24,227.076,336.615,7.643,136.309,87.282,77.349,0.13,0.15
2015-07-15 00:00:00+00:00,29.809,47.654,42.9,48.836,18.263,49.946,72.954,19.696,32.24,226.37,340.797,7.935,134.341,88.558,77.258,0.13,0.15
2015-07-16 00:00:00+00:00,30.535,47.347,43.273,50.147,18.245,50.023,73.525,20.398,32.24,225.663,344.319,6.996,132.372,89.691,77.121,0.13,0.15
2015-07-17 00:00:00+00:00,31.624,47.501,43.951,51.887,18.294,50.1,73.905,20.324,32.333,226.016,350.041,6.413,130.404,91.155,77.121,0.13,0.15
2015-07-18 00:00:00+00:00,34.482,47.578,44.969,53.718,18.344,50.356,74.191,22.615,32.472,227.076,358.185,7.611,131.388,93.186,77.258,0.13,0.15
2015-07-19 00:00:00+00:00,37.127,47.194,45.545,55.582,18.282,50.612,75.047,22.948,32.519,228.135,365.889,8.518,128.928,95.123,77.258,0.13,0.15
2015-07-20 00:00:00+00:00,38.377,47.155,45.884,58.192,18.22,50.816,76.14,23.133,32.565,227.782,372.491,8.324,125.483,96.681,77.212,0.13,0.15
2015-07-21 00:00:00+00:00,39.59,47.347,46.461,60.695,18.232,50.996,76.806,22.578,32.612,227.076,379.095,7.741,126.467,98.146,77.167,0.13,0.15
2015-07-22 00:00:00+00:00,40.753,47.386,46.936,62.987,18.257,51.124,77.567,22.541,32.612,226.016,384.817,7.514,127.451,99.421,77.121,0.13,0.15
2015-07-23 00:00:00+00:00,41.494,47.347,47.309,65.138,18.226,51.124,78.423,22.283,32.565,224.957,389.659,6.931,127.451,100.413,76.984,0.13,0.15
2015-07-24 00:00:00+00:00,41.923,47.309,47.682,67.254,18.22,51.021,78.899,21.876,32.519,224.251,394.517,5.797,127.944,101.216,76.847,0.13,0.15
2015-07-25 00:00:00+00:00,42.274,47.232,48.021,69.299,18.238,51.072,79.184,21.95,32.472,223.544,399.493,6.153,128.436,102.066,76.71,0.13,0.15
2015-07-26 00:00:00+00:00,42.664,47.155,48.36,71.345,18.214,51.149,79.374,22.615,32.426,221.779,404.469,7.158,126.959,102.963,76.575,0.13,0.15
2015-07-27 00:00:00+00:00,42.898,47.117,48.665,73.355,18.195,51.021,79.707,21.913,32.379,220.013,409.169,7.449,125.483,103.766,76.484,0.13,0.15
2015-07-28 00:00:00+00:00,42.976,47.194,48.97,75.365,18.195,51.021,80.04,21.765,32.379,218.6,413.316,6.575,126.467,104.522,76.575,0.13,0.15
2015-07-29 00:00:00+00:00,43.054,47.539,49.343,77.375,18.176,51.226,80.278,21.47,32.379,218.247,418.015,5.992,126.467,105.466,76.801,0.13,0.15
2015-07-30 00:00:00+00:00,43.6,47.654,49.717,79.385,18.189,51.482,80.753,22.172,32.333,217.894,422.715,6.024,126.959,106.411,76.938,0.13,0.15
2015-07-31 00:00:00+00:00,44.224,47.501,49.988,81.359,18.245,51.559,81.419,21.913,32.286,218.247,427.138,5.376,126.467,107.214,76.893,0.13,0.15
2015-08-01 00:00:00+00:00,44.614,47.424,50.293,83.334,18.307,51.61,81.8,22.098,32.24,218.247,431.561,5.02,125.483,107.97,76.847,0.13,0.15
2015-08-02 00:00:00+00:00,44.809,47.462,50.564,84.921,18.325,51.661,82.085,21.913,32.193,218.6,435.155,5.02,126.467,108.631,76.801,0.13,0.15
2015-08-03 00:00:00+00:00,45.277,47.808,50.971,86.508,18.294,51.789,82.418,22.061,32.147,218.6,439.301,5.57,125.975,109.575,76.893,0.13,0.15
2015-08-04 00:00:00+00:00,47.305,48.039,51.514,88.059,18.313,52.224,82.56,21.802,32.193,218.953,446.765,5.376,126.959,111.606,77.212,0.13,0.15
2015-08-05 00:00:00+00:00,49.866,47.731,52.023,88.553,18.313,52.66,83.131,21.58,32.193,219.66,454.229,4.955,127.451,114.251,77.395,0.13,0.15
2015-08-06 00:00:00+00:00,51.526,47.578,52.396,88.588,18.269,52.839,84.272,22.246,32.147,219.66,460.864,5.149,127.944,116.896,77.349,0.13,0.15
2015-08-07 00:00:00+00:00,53.061,47.462,52.803,88.765,18.282,52.941,84.843,22.283,32.054,219.66,466.669,5.862,128.928,119.352,77.258,0.13,0.15
2015-08-08 00:00:00+00:00,54.057,47.27,53.074,88.941,18.276,52.967,85.461,22.209,31.962,220.719,471.922,6.445,128.928,121.478,77.075,0.13,0.15
2015-08-09 00:00:00+00:00,54.223,47.386,53.379,89.223,18.257,53.069,85.889,22.283,31.917,221.425,476.345,6.121,127.451,123.414,76.71,0.13,0.15
2015-08-10 00:00:00+00:00,54.555,47.77,53.752,89.646,18.263,53.351,86.175,22.43,31.871,221.779,481.044,6.153,126.467,125.492,76.394,0.13,0.15
2015-08-11 00:00:00+00:00,55.593,47.846,54.125,90.14,18.294,53.658,86.46,22.467,31.825,220.719,486.573,7.19,126.467,127.523,76.123,0.13,0.15
2015-08-12 00:00:00+00:00,56.766,47.424,54.397,90.634,18.332,53.837,87.078,22.32,31.733,218.6,491.273,7.741,125.975,129.223,75.762,0.13,0.15
2015-08-13 00:00:00+00:00,57.18,47.194,54.6,91.092,18.338,53.888,87.459,21.1,31.641,217.894,495.143,7.481,126.467,130.829,75.4,0.13,0.15
2015-08-14 00:00:00+00:00,57.134,47.424,54.871,91.656,18.307,53.863,87.744,21.433,31.55,217.894,498.737,6.737,127.944,132.388,75.265,0.13,0.15
2015-08-15 00:00:00+00:00,59.296,47.693,55.38,92.538,18.294,54.533,87.934,22.135,31.596,218.953,503.989,6.931,126.467,134.608,76.394,0.13,0.15
2015-08-16 00:00:00+00:00,63.114,47.501,55.99,93.561,18.282,55.104,88.362,21.543,31.779,221.425,511.177,8.032,128.928,137.3,77.76,0.13,0.15
2015-08-17 00:00:00+00:00,65.428,47.27,56.397,94.407,18.238,54.818,90.36,22.172,31.779,223.191,517.535,8.064,137.785,139.661,77.897,0.13,0.15
2015-08-18 00:00:00+00:00,66.188,47.501,56.737,95.253,18.201,54.533,91.501,22.578,31.733,223.544,522.511,7.805,139.754,141.362,77.669,0.13,0.15
2015-08-19 00:00:00+00:00,66.852,47.578,57.008,96.029,18.207,54.352,92.072,22.689,31.641,221.779,526.934,8.097,138.277,142.731,77.44,0.13,0.15
2015-08-20 00:00:00+00:00,67.565,47.462,57.245,96.805,18.245,54.17,92.5,21.285,31.55,220.366,531.081,7.708,134.833,143.912,77.304,0.13,0.15
2015-08-21 00:00:00+00:00,67.803,47.462,57.449,97.581,18.245,53.991,92.785,21.026,31.458,220.013,534.675,6.607,130.896,144.998,77.212,0.13,0.15
2015-08-22 00:00:00+00:00,67.85,47.462,57.652,98.321,18.22,53.735,93.07,22.32,31.366,220.719,537.992,6.251,128.928,145.99,76.893,0.13,0.15
2015-08-23 00:00:00+00:00,68.087,47.539,57.856,99.062,18.182,53.479,93.26,22.357,31.275,221.425,541.033,5.7,127.944,147.029,76.756,0.13,0.15
2015-08-24 00:00:00+00:00,70.13,47.808,58.297,99.978,18.189,54.248,93.451,22.43,31.55,222.485,544.903,6.218,126.959,148.588,77.851,0.13,0.15
2015-08-25 00:00:00+00:00,74.12,47.846,58.907,101.036,18.158,55.181,93.736,22.209,31.917,224.251,550.985,7.125,127.944,150.997,79.084,0.13,0.15
2015-08-26 00:00:00+00:00,77.7,47.386,59.348,102.129,18.114,55.155,95.4,22.32,32.147,228.488,558.172,7.06,141.722,153.689,79.358,0.13,0.15
2015-08-27 00:00:00+00:00,79.4,47.27,59.755,103.223,18.102,54.87,96.684,22.985,32.379,233.079,564.531,6.801,146.151,155.72,79.175,0.13,0.15
2015-08-28 00:00:00+00:00,79.9,47.77,60.128,104.316,18.17,54.559,98.444,23.428,32.472,235.198,570.06,5.473,152.056,156.995,78.673,0.13,0.15
2015-08-29 00:00:00+00:00,81.25,47.616,60.467,105.338,18.276,54.352,99.395,23.798,32.472,234.492,574.759,6.089,150.58,158.081,78.354,0.13,0.15
2015-08-30 00:00:00+00:00,82.5,47.117,60.704,106.291,18.263,54.196,99.966,23.502,32.426,232.02,579.735,7.903,146.643,159.026,78.217,0.13,0.15
2015-08-31 00:00:00+00:00,82.5,46.963,60.908,107.278,18.195,54.119,100.346,20.915,32.519,230.607,584.158,6.996,140.738,160.018,78.399,0.13,0.15
2015-09-01 00:00:00+00:00,83.05,47.347,61.518,108.759,18.182,54.948,100.632,21.507,32.984,232.726,588.305,6.251,135.325,161.388,79.632,0.13,0.15
2015-09-02 00:00:00+00:00,83.5,48.039,62.23,110.487,18.332,55.57,101.107,23.428,33.263,236.611,592.728,7.546,132.864,162.899,80.591,0.13,0.15
2015-09-03 00:00:00+00:00,83.0,48.465,62.57,111.721,18.319,55.13,104.246,23.576,32.984,240.142,597.151,8.324,156.485,164.08,79.951,0.13,0.15
2015-09-04 00:00:00+00:00,82.6,48.542,62.739,112.462,18.214,54.715,106.338,24.241,32.891,241.908,600.468,8.0,169.771,164.977,79.221,0.13,0.15
2015-09-05 00:00:00+00:00,82.6,48.271,62.875,112.955,18.238,54.429,107.052,24.574,32.891,242.615,603.233,7.093,163.374,165.733,78.764,0.13,0.15
2015-09-06 00:00:00+00:00,82.6,47.885,62.977,113.449,18.294,54.196,107.384,24.611,32.844,242.615,605.444,6.315,154.024,166.488,78.536,0.13,0.15
2015-09-07 00:00:00+00:00,82.3,47.616,63.044,113.943,18.126,53.94,107.575,23.428,32.751,243.321,607.103,5.635,144.675,167.197,78.262,0.13,0.15
2015-09-08 00:00:00+00:00,81.8,47.501,63.112,114.507,17.306,53.607,107.67,24.685,32.286,244.027,608.209,5.7,133.356,168.0,77.258,0.13,0.15
2015-09-09 00:00:00+00:00,81.05,47.578,63.18,115.001,16.467,53.248,107.717,24.796,31.733,244.027,607.656,6.737,130.404,168.803,75.31,0.13,0.15
2015-09-10 00:00:00+00:00,80.0,47.77,63.214,115.494,16.255,52.864,107.717,24.833,31.504,242.968,606.55,7.481,128.928,169.464,73.594,0.13,0.15
2015-09-11 00:00:00+00:00,79.05,48.077,63.316,116.023,16.274,52.532,107.48,24.833,31.55,241.555,606.55,7.255,129.912,170.172,73.187,0.13,0.15
2015-09-12 00:00:00+00:00,78.65,48.503,63.451,116.587,16.33,53.453,107.384,24.611,31.871,240.849,606.55,6.737,129.42,170.975,74.271,0.13,0.15
2015-09-13 00:00:00+00:00,79.2,48.929,63.655,117.222,16.473,55.104,107.432,24.426,32.565,242.261,606.274,6.801,128.928,171.967,76.484,0.13,0.15
2015-09-14 00:00:00+00:00,81.15,49.355,63.994,117.927,16.84,55.778,107.67,24.463,33.542,246.499,609.315,7.967,133.849,173.242,79.495,0.13,0.15
2015-09-15 00:00:00+00:00,83.3,49.394,64.333,118.738,17.443,55.519,108.811,24.722,33.961,248.971,615.12,6.704,155.008,174.659,80.545,0.13,0.15
2015-09-16 00:00:00+00:00,84.5,49.161,64.672,119.655,18.027,55.233,111.537,25.276,33.775,250.031,621.202,6.024,194.606,175.982,80.043,0.13,0.15
2015-09-17 00:00:00+00:00,85.107,49.045,64.977,120.713,18.512,55.104,111.057,24.315,33.542,253.915,626.731,8.356,206.053,177.163,79.723,0.13,0.15
2015-09-18 00:00:00+00:00,85.31,48.852,65.147,121.454,18.872,54.741,111.201,25.609,33.217,257.094,630.601,9.101,202.071,178.06,79.038,0.13,0.15
2015-09-19 00:00:00+00:00,85.461,48.658,65.249,121.771,19.102,54.507,110.721,26.052,32.984,259.232,633.642,8.712,195.103,178.768,78.627,0.13,0.15
2015-09-20 00:00:00+00:00,85.31,48.542,65.35,122.053,19.239,54.377,110.48,26.275,32.844,259.948,635.577,8.129,183.656,179.382,78.308,0.13,0.15
2015-09-21 00:00:00+00:00,85.259,48.503,65.418,121.912,19.457,54.352,110.336,26.462,32.705,257.8,637.512,7.676,173.216,179.996,78.171,0.13,0.15
2015-09-22 00:00:00+00:00,85.208,48.503,65.486,121.559,19.687,54.403,110.24,24.167,32.612,254.975,638.341,7.481,167.311,180.422,78.125,0.13,0.15
2015-09-23 00:00:00+00:00,84.905,48.542,65.588,121.418,19.662,54.455,110.24,22.874,32.519,254.268,637.512,7.741,162.39,180.705,78.125,0.13,0.15
2015-09-24 00:00:00+00:00,84.652,48.619,65.723,121.031,19.544,54.455,110.096,22.43,32.472,254.975,636.406,8.226,157.469,180.941,78.217,0.13,0.15
2015-09-25 00:00:00+00:00,84.45,48.658,65.859,120.819,19.538,54.326,110.144,22.357,32.426,254.268,635.577,8.55,152.548,181.13,77.897,0.13,0.15
2015-09-26 00:00:00+00:00,84.0,48.581,65.927,120.889,19.6,54.144,110.192,21.691,32.333,252.15,634.471,8.647,151.564,181.319,77.486,0.13,0.15
2015-09-27 00:00:00+00:00,83.4,48.465,65.995,120.396,19.643,53.914,110.048,20.767,32.24,250.737,633.089,8.032,150.088,181.461,77.167,0.13,0.15
2015-09-28 00:00:00+00:00,82.6,48.387,66.063,119.585,19.426,53.581,109.952,20.139,32.147,250.737,631.154,6.866,149.103,181.555,76.984,0.13,0.15
2015-09-29 00:00:00+00:00,81.75,48.348,66.097,119.021,18.928,53.223,109.762,21.47,32.054,251.09,628.942,5.506,146.151,181.65,76.801,0.13,0.15
2015-09-30 00:00:00+00:00,80.85,48.348,66.164,118.174,18.624,52.839,109.572,21.839,32.008,251.443,626.454,4.599,142.214,181.744,76.575,0.13,0.15
2015-10-01 00:00:00+00:00,79.95,48.348,66.198,117.716,18.344,52.429,109.382,22.43,31.917,250.384,625.072,5.506,138.769,181.838,76.394,0.13,0.15
2015-10-02 00:00:00+00:00,79.2,48.271,66.232,117.293,18.114,52.02,109.144,22.209,31.825,247.912,624.519,6.575,134.341,181.933,76.168,0.13,0.15
2015-10-03 00:00:00+00:00,78.4,48.155,66.266,115.812,18.158,51.559,109.049,21.47,31.733,246.852,622.584,7.158,130.404,182.027,75.897,0.13,0.15
2015-10-04 00:00:00+00:00,77.55,48.077,66.3,114.119,18.257,51.047,108.859,20.324,31.641,246.499,619.82,7.028,130.896,182.075,75.671,0.13,0.15
2015-10-05 00:00:00+00:00,76.7,47.962,66.334,113.061,18.269,50.56,108.526,19.954,31.55,246.146,617.884,5.862,130.404,182.075,75.4,0.13,0.15
2015-10-06 00:00:00+00:00,76.0,47.731,66.368,112.603,18.182,50.176,108.24,21.47,31.504,245.087,617.055,4.437,129.42,182.027,75.174,0.13,0.15
2015-10-07 00:00:00+00:00,75.6,47.424,66.402,111.651,18.17,49.895,108.098,22.911,31.458,244.733,615.949,3.411,127.944,181.886,74.903,0.13,0.15
2015-10-08 00:00:00+00:00,75.2,47.27,66.47,110.24,18.226,49.741,107.908,22.209,31.458,245.087,614.014,3.34,126.959,181.697,74.587,0.13,0.15
2015-10-09 00:00:00+00:00,74.9,47.27,66.503,108.583,18.245,49.588,107.717,21.691,31.366,243.321,612.908,4.145,126.467,181.224,74.316,0.13,0.15
2015-10-10 00:00:00+00:00,74.85,47.27,66.537,107.348,18.282,49.332,107.48,21.026,31.32,238.73,613.738,5.959,126.959,180.658,74.045,0.13,0.15
2015-10-11 00:00:00+00:00,74.75,47.309,66.571,106.079,18.344,49.024,107.432,19.696,31.32,235.552,613.461,6.769,127.451,180.044,73.91,0.13,0.15
2015-10-12 00:00:00+00:00,74.65,47.347,66.571,104.316,18.381,48.717,107.384,18.92,31.275,235.198,611.25,6.251,126.467,179.43,73.774,0.13,0.15
2015-10-13 00:00:00+00:00,74.5,47.347,66.605,102.623,18.425,48.359,107.147,19.917,31.183,235.905,608.485,5.7,126.959,178.768,73.549,0.13,0.15
2015-10-14 00:00:00+00:00,74.12,47.309,66.639,101.459,18.313,48.0,106.861,20.176,31.091,236.258,605.721,5.247,125.975,178.06,73.232,0.13,0.15
2015-10-15 00:00:00+00:00,73.693,47.309,66.639,100.366,18.214,47.668,106.528,20.509,30.999,236.258,602.956,4.858,126.467,177.399,72.871,0.13,0.15
2015-10-16 00:00:00+00:00,73.218,47.27,66.673,98.956,18.245,47.232,106.196,20.657,30.908,236.258,600.192,5.117,125.975,176.69,72.6,0.13,0.15
2015-10-17 00:00:00+00:00,72.79,47.232,66.673,97.545,18.294,46.746,105.91,19.917,30.816,235.552,597.428,5.992,126.959,175.982,72.103,0.13,0.15
2015-10-18 00:00:00+00:00,72.315,47.232,66.707,96.029,18.369,46.26,105.577,18.846,30.678,234.845,594.387,6.38,126.467,175.273,71.561,0.13,0.15
2015-10-19 00:00:00+00:00,72.03,47.194,66.707,94.442,18.431,45.722,105.197,18.55,30.587,234.492,591.069,5.765,126.959,174.47,71.2,0.13,0.15
2015-10-20 00:00:00+00:00,71.983,47.194,66.741,92.996,18.412,45.236,104.816,18.661,30.495,234.492,588.028,4.696,127.944,173.573,70.929,0.13,0.15
2015-10-21 00:00:00+00:00,72.79,47.578,66.944,92.185,18.189,45.082,104.436,19.77,30.449,233.786,586.37,3.951,126.959,172.817,70.613,0.13,0.15
2015-10-22 00:00:00+00:00,75.0,47.616,67.012,92.115,18.052,45.21,104.151,20.472,30.449,234.492,584.988,4.502,126.467,172.156,70.387,0.13,0.15
2015-10-23 00:00:00+00:00,77.1,47.232,66.639,92.256,18.126,45.543,104.008,21.543,30.403,234.845,583.882,6.996,123.515,171.495,69.89,0.13,0.15
2015-10-24 00:00:00+00:00,78.0,47.27,66.097,92.714,18.182,46.029,103.818,21.211,30.357,234.492,584.711,8.647,120.07,170.834,69.077,0.13,0.15
2015-10-25 00:00:00+00:00,78.7,47.309,65.486,92.891,18.263,46.208,103.675,21.654,30.312,234.492,585.54,8.745,115.641,170.172,68.49,0.13,0.15
2015-10-26 00:00:00+00:00,79.1,47.347,64.842,92.503,18.35,46.029,103.675,22.098,30.22,235.905,584.158,8.194,114.657,169.417,68.129,0.13,0.15
2015-10-27 00:00:00+00:00,79.3,47.424,64.163,92.432,18.338,45.748,103.485,21.802,30.174,237.317,582.223,7.384,116.625,168.661,67.768,0.13,0.15
2015-10-28 00:00:00+00:00,79.4,47.539,63.485,92.221,18.319,45.364,103.247,21.58,30.082,238.024,579.735,6.348,123.023,167.905,67.452,0.13,0.15
2015-10-29 00:00:00+00:00,79.4,47.654,62.807,91.515,18.381,44.954,102.962,21.211,30.036,239.083,577.247,5.668,129.912,167.102,67.09,0.13,0.15
2015-10-30 00:00:00+00:00,79.45,47.885,62.163,90.881,18.431,44.877,102.629,20.989,29.991,239.436,575.036,6.542,137.293,166.394,66.458,0.13,0.15
2015-10-31 00:00:00+00:00,79.75,48.155,61.552,90.352,18.437,45.184,102.344,20.509,29.945,239.436,573.1,7.579,142.706,165.733,65.555,0.13,0.15
2015-11-01 00:00:00+00:00,80.1,48.348,60.942,89.823,18.437,45.261,102.153,19.954,29.899,239.083,571.995,7.708,140.738,165.024,64.832,0.13,0.15
2015-11-02 00:00:00+00:00,80.55,48.426,60.263,89.223,18.456,45.056,101.963,20.583,29.807,239.789,570.336,7.158,138.277,164.316,64.335,0.13,0.15
2015-11-03 00:00:00+00:00,81.0,48.426,59.619,88.624,18.462,44.852,101.773,21.026,29.715,240.849,568.124,6.38,137.785,163.56,63.839,0.13,0.15
2015-11-04 00:00:00+00:00,81.3,48.426,58.941,88.024,18.499,44.544,101.535,20.878,29.624,242.615,565.636,5.603,137.293,162.804,63.387,0.13,0.15
2015-11-05 00:00:00+00:00,81.4,48.426,58.229,87.46,18.574,44.135,101.25,21.839,29.532,244.733,563.148,4.405,134.341,162.096,63.116,0.13,0.15
2015-11-06 00:00:00+00:00,82.0,48.619,57.686,88.8,18.369,44.416,100.964,22.098,29.578,245.087,561.766,5.409,134.341,161.624,62.845,0.13,0.15
2015-11-07 00:00:00+00:00,83.0,48.813,57.177,91.797,18.176,45.159,100.679,21.137,29.624,244.38,562.043,6.996,134.833,161.388,62.845,0.13,0.15
2015-11-08 00:00:00+00:00,83.85,48.774,56.635,94.548,18.319,45.927,100.774,20.324,29.761,244.38,562.596,6.445,134.833,161.199,63.026,0.13,0.15
2015-11-09 00:00:00+00:00,84.35,48.735,56.092,96.241,18.512,46.72,100.822,22.726,29.899,246.852,562.319,5.57,137.293,161.01,63.116,0.13,0.15
2015-11-10 00:00:00+00:00,84.25,48.697,55.516,96.84,18.549,47.079,100.917,23.798,30.036,248.618,562.596,5.344,139.262,160.821,63.161,0.13,0.15
2015-11-11 00:00:00+00:00,84.1,48.658,54.973,97.122,18.605,47.309,100.774,23.354,30.174,247.559,563.978,5.409,139.262,160.679,63.161,0.13,0.15
2015-11-12 00:00:00+00:00,84.15,48.619,54.397,97.827,18.742,47.54,100.774,22.578,30.403,246.499,565.36,5.409,140.246,160.537,63.342,0.13,0.15
2015-11-13 00:00:00+00:00,84.25,48.619,53.922,99.52,18.518,47.949,100.822,22.061,30.633,246.146,565.636,6.024,141.722,160.49,63.342,0.13,0.15
2015-11-14 00:00:00+00:00,84.3,48.581,53.345,100.719,18.381,48.282,100.869,21.47,30.724,246.146,564.531,6.704,142.706,160.443,63.161,0.13,0.15
2015-11-15 00:00:00+00:00,84.25,48.542,52.735,100.296,18.624,48.282,100.727,21.063,30.77,246.499,563.148,7.093,141.722,160.396,63.116,0.13,0.15
2015-11-16 00:00:00+00:00,84.25,48.542,52.158,99.661,18.711,48.128,100.489,20.583,30.77,247.205,561.49,7.222,139.754,160.348,63.026,0.13,0.15
2015-11-17 00:00:00+00:00,84.1,48.503,51.582,99.767,18.468,47.898,100.346,21.359,30.816,248.265,559.278,7.417,137.785,160.16,62.89,0.13,0.15
2015-11-18 00:00:00+00:00,83.85,48.426,50.937,100.507,18.232,47.668,100.108,21.691,30.77,248.971,556.79,7.449,135.817,159.971,62.71,0.13,0.15
2015-11-19 00:00:00+00:00,83.65,48.426,50.293,101.177,18.22,47.386,99.776,21.876,30.724,248.265,554.302,6.931,132.864,159.829,62.484,0.13,0.15
2015-11-20 00:00:00+00:00,83.6,48.387,49.581,101.847,18.232,46.976,99.49,21.913,30.678,247.205,551.538,6.801,130.404,159.593,62.168,0.13,0.15
2015-11-21 00:00:00+00:00,83.6,48.348,48.835,103.011,18.214,46.541,99.157,21.248,30.587,244.733,548.497,7.255,129.42,159.451,61.897,0.13,0.15
2015-11-22 00:00:00+00:00,83.55,48.348,48.055,103.046,18.195,46.106,98.777,20.139,30.495,243.321,545.456,6.413,129.42,159.451,61.535,0.13,0.15
2015-11-23 00:00:00+00:00,83.45,48.31,47.241,102.165,18.189,45.645,98.444,19.474,30.403,242.968,542.415,5.473,129.42,159.498,61.264,0.13,0.15
2015-11-24 00:00:00+00:00,83.15,48.31,46.393,101.53,18.245,45.133,98.016,20.804,30.357,242.261,539.374,5.862,129.912,159.546,60.948,0.13,0.15
2015-11-25 00:00:00+00:00,82.7,48.271,45.342,101.107,18.325,44.596,97.683,21.211,30.266,241.202,536.057,5.797,128.436,159.498,60.632,0.13,0.15
2015-11-26 00:00:00+00:00,82.3,48.348,44.223,102.165,18.313,44.365,97.255,19.696,30.266,239.083,534.122,5.182,128.928,159.546,60.316,0.13,0.15
2015-11-27 00:00:00+00:00,82.05,48.503,43.273,104.492,18.288,44.724,96.875,19.363,30.403,236.964,533.292,4.858,129.912,159.782,60.045,0.13,0.15
2015-11-28 00:00:00+00:00,81.9,48.465,42.391,106.925,18.288,45.312,96.732,20.324,30.495,235.905,532.74,5.344,128.928,160.112,59.729,0.13,0.15
2015-11-29 00:00:00+00:00,81.8,48.426,41.984,108.159,18.276,45.543,96.589,21.1,30.541,235.905,532.74,5.959,127.944,160.301,59.548,0.13,0.15
2015-11-30 00:00:00+00:00,81.25,48.31,40.831,109.182,18.319,45.364,96.447,21.765,30.633,236.964,529.699,5.668,124.499,160.726,59.277,0.13,0.15
2015-12-01 00:00:00+00:00,80.85,48.116,40.221,109.852,18.325,45.133,96.209,20.398,30.633,236.611,527.487,5.344,125.483,160.962,59.322,0.13,0.15
2015-12-02 00:00:00+00:00,80.6,47.885,39.712,110.522,18.232,44.903,95.876,19.474,30.678,235.905,525.276,5.247,126.467,161.199,59.232,0.13,0.15
2015-12-03 00:00:00+00:00,80.45,47.654,39.17,111.756,18.114,44.826,95.591,19.511,30.724,233.433,524.723,4.664,126.959,161.624,59.006,0.13,0.15
2015-12-04 00:00:00+00:00,80.9,47.77,38.695,113.661,18.344,45.543,95.258,19.067,31.091,229.548,527.211,4.34,127.944,162.616,59.638,0.13,0.15
2015-12-05 00:00:00+00:00,82.05,48.232,38.593,115.565,18.891,47.77,95.21,19.141,32.008,229.901,531.357,5.732,129.42,164.221,61.084,0.13,0.15
2015-12-06 00:00:00+00:00,82.85,48.348,38.593,116.517,19.221,49.613,95.591,20.804,32.705,233.786,533.569,6.607,129.912,165.733,62.393,0.13,0.15
2015-12-07 00:00:00+00:00,83.0,48.116,38.593,116.552,19.102,50.023,96.019,23.022,32.891,237.67,533.016,6.024,135.325,166.819,63.522,0.13,0.15
2015-12-08 00:00:00+00:00,83.1,48.0,38.322,117.222,18.499,50.535,95.924,21.765,33.03,240.496,532.463,4.696,136.309,167.905,63.974,0.13,0.15
2015-12-09 00:00:00+00:00,83.3,47.923,37.745,118.633,18.108,51.456,95.733,21.913,33.17,242.261,532.74,4.728,135.817,169.181,64.064,0.13,0.15
2015-12-10 00:00:00+00:00,83.35,47.77,37.101,118.95,18.294,52.02,95.638,22.393,33.217,243.674,531.91,6.38,134.341,170.314,64.2,0.13,0.15
2015-12-11 00:00:00+00:00,83.1,47.462,37.27,119.232,18.4,52.02,95.591,21.543,33.123,243.674,529.975,7.449,133.849,171.07,64.2,0.13,0.15
2015-12-12 00:00:00+00:00,82.8,47.078,38.423,119.691,18.419,51.789,95.305,20.361,33.03,242.968,528.04,7.741,134.341,171.448,64.064,0.13,0.15
2015-12-13 00:00:00+00:00,82.45,46.656,39.136,118.668,18.524,51.482,94.972,19.88,32.937,243.674,525.276,7.125,133.849,171.637,63.884,0.13,0.15
2015-12-14 00:00:00+00:00,82.05,46.234,39.237,117.081,18.624,51.072,94.64,20.028,32.844,244.38,522.788,7.028,132.864,171.778,63.658,0.13,0.15
2015-12-15 00:00:00+00:00,81.7,45.811,39.339,115.388,18.698,50.663,94.259,21.359,32.798,245.087,519.747,7.546,131.388,171.92,63.387,0.13,0.15
2015-12-16 00:00:00+00:00,81.3,45.389,39.441,113.696,18.767,50.304,93.831,20.139,32.751,245.087,516.982,7.06,129.42,172.014,63.071,0.13,0.15
2015-12-17 00:00:00+00:00,81.15,45.158,39.577,112.144,18.829,50.176,93.451,19.622,32.751,244.733,514.494,5.862,128.928,172.156,62.935,0.13,0.15
2015-12-18 00:00:00+00:00,81.45,45.389,39.983,112.285,18.468,50.765,93.118,19.511,32.891,244.027,512.836,5.247,128.928,172.44,63.071,0.13,0.15
2015-12-19 00:00:00+00:00,82.95,46.618,40.865,114.507,18.214,52.813,92.88,19.363,33.263,244.38,514.771,6.251,129.42,173.29,63.929,0.13,0.15
2015-12-20 00:00:00+00:00,84.5,48.039,41.781,116.834,18.599,54.611,92.832,19.585,33.31,247.205,519.194,7.579,127.944,174.659,65.329,0.13,0.15
2015-12-21 00:00:00+00:00,84.955,48.542,42.323,118.633,18.667,54.741,93.546,21.248,32.984,251.443,523.617,8.064,127.451,175.698,66.368,0.13,0.15
2015-12-22 00:00:00+00:00,84.905,48.542,42.697,118.879,18.841,54.507,93.974,24.241,32.658,252.503,527.764,8.324,127.944,176.643,66.91,0.13,0.15
2015-12-23 00:00:00+00:00,84.804,48.348,42.934,117.716,19.289,54.352,94.259,24.5,32.472,251.443,531.634,7.643,126.959,177.493,67.226,0.13,0.15
2015-12-24 00:00:00+00:00,84.753,48.116,43.103,116.517,19.239,54.248,94.592,22.874,32.426,251.443,533.569,7.093,127.451,178.107,67.587,0.13,0.15
2015-12-25 00:00:00+00:00,84.551,47.846,43.273,116.517,18.555,54.093,94.782,22.615,32.333,251.796,533.845,7.125,127.451,178.627,67.813,0.13,0.15
2015-12-26 00:00:00+00:00,84.25,47.501,43.409,116.905,18.12,53.863,94.83,22.357,32.286,251.09,533.016,7.19,127.451,179.099,67.768,0.13,0.15
2015-12-27 00:00:00+00:00,83.95,47.155,43.544,115.776,18.412,53.607,94.687,21.248,32.24,249.678,531.357,7.028,127.451,179.524,67.723,0.13,0.15
2015-12-28 00:00:00+00:00,83.6,46.733,43.646,114.013,18.636,53.325,94.544,20.546,32.193,249.678,529.146,6.737,126.467,179.808,67.587,0.13,0.15
2015-12-29 00:00:00+00:00,83.3,46.31,43.714,112.391,18.736,52.992,94.212,20.324,32.147,249.678,527.211,6.866,125.483,179.949,67.452,0.13,0.15
2015-12-30 00:00:00+00:00,83.0,45.85,43.782,111.545,18.543,52.711,93.974,20.102,32.1,248.618,525.276,7.417,124.499,179.996,67.452,0.13,0.15
2015-12-31 00:00:00+00:00,82.75,45.389,43.883,110.981,18.276,52.378,93.688,20.139,32.1,247.912,523.34,8.064,124.991,179.996,67.406,0.13,0.15
2016-01-01 00:00:00+00:00,82.45,44.89,43.985,109.993,18.269,51.994,93.498,19.954,32.008,247.559,520.852,8.064,125.483,179.949,67.271,0.13,0.15
2016-01-02 00:00:00+00:00,82.2,44.39,44.053,108.9,18.325,51.584,93.26,19.88,32.008,246.499,518.364,7.417,126.959,179.855,67.09,0.13,0.15
2016-01-03 00:00:00+00:00,81.85,43.853,44.121,107.56,18.437,51.175,92.975,19.917,31.962,246.146,515.6,6.931,128.436,179.666,66.865,0.13,0.15
2016-01-04 00:00:00+00:00,81.5,43.315,44.189,106.22,18.568,50.74,92.642,19.88,31.917,245.793,512.559,6.769,128.928,179.43,66.594,0.13,0.15
2016-01-05 00:00:00+00:00,81.3,42.662,44.223,104.845,18.68,50.279,92.262,19.733,31.825,245.087,509.518,5.862,128.436,179.194,66.368,0.13,0.15
2016-01-06 00:00:00+00:00,81.2,41.971,44.29,103.505,18.779,49.869,91.263,24.315,31.733,245.087,506.477,4.502,128.928,178.863,65.961,0.13,0.15
2016-01-07 00:00:00+00:00,81.15,41.203,44.29,102.235,18.854,49.434,90.835,24.389,31.687,245.44,503.436,4.178,128.928,178.485,65.555,0.13,0.15
2016-01-08 00:00:00+00:00,81.15,40.397,44.358,101.072,18.904,48.922,90.407,24.389,31.596,245.44,500.396,4.631,126.959,178.107,65.239,0.13,0.15
2016-01-09 00:00:00+00:00,81.15,39.59,44.392,99.908,18.947,48.41,90.027,24.389,31.55,245.44,497.078,5.441,126.959,177.729,64.923,0.13,0.15
2016-01-10 00:00:00+00:00,81.1,38.822,44.46,98.815,18.991,47.898,89.599,24.315,31.458,245.087,493.761,6.413,129.42,177.304,64.606,0.13,0.15
2016-01-11 00:00:00+00:00,81.05,38.016,44.46,97.757,19.015,47.386,89.171,24.278,31.366,244.733,490.444,7.222,130.404,176.832,64.245,0.13,0.15
2016-01-12 00:00:00+00:00,81.0,37.21,44.528,96.699,19.028,46.848,88.79,24.204,31.275,244.38,486.85,7.384,131.388,176.36,63.974,0.13,0.15
2016-01-13 00:00:00+00:00,80.95,36.403,44.562,95.606,19.053,46.285,88.362,24.167,31.229,244.027,483.532,6.737,130.896,175.887,63.613,0.13,0.15
2016-01-14 00:00:00+00:00,80.95,35.52,44.596,94.477,19.096,45.696,87.887,24.13,31.091,243.674,480.215,6.38,132.372,175.368,63.297,0.13,0.15
2016-01-15 00:00:00+00:00,80.9,34.637,44.596,93.384,19.146,45.108,87.411,24.057,30.999,243.321,476.621,6.38,131.88,174.801,62.89,0.13,0.15
2016-01-16 00:00:00+00:00,80.85,33.715,44.63,92.326,19.189,44.493,86.936,23.946,30.908,242.615,473.028,6.801,132.372,174.282,62.529,0.13,0.15
2016-01-17 00:00:00+00:00,80.75,32.755,44.663,91.268,19.214,43.879,86.46,23.909,30.77,242.261,469.434,7.06,130.404,173.668,62.168,0.13,0.15
2016-01-18 00:00:00+00:00,80.7,31.795,44.697,90.281,19.233,43.264,85.984,23.872,30.449,241.908,465.564,7.125,129.42,173.101,61.761,0.13,0.15
2016-01-19 00:00:00+00:00,80.65,30.797,44.697,89.258,19.245,42.65,85.509,23.872,29.67,241.908,461.97,6.704,129.42,172.487,61.445,0.13,0.15
2016-01-20 00:00:00+00:00,80.65,29.722,44.731,88.271,19.264,42.01,85.033,23.946,28.936,242.615,458.376,5.959,128.436,171.873,61.084,0.13,0.15
2016-01-21 00:00:00+00:00,80.6,28.608,44.731,87.248,19.283,41.37,84.558,24.057,28.707,243.321,454.506,6.283,127.451,171.259,60.677,0.13,0.15
2016-01-22 00:00:00+00:00,80.55,27.456,44.765,86.226,19.32,40.679,84.082,24.057,28.569,243.321,450.912,6.866,126.959,170.598,60.271,0.13,0.15
2016-01-23 00:00:00+00:00,80.5,26.266,44.799,85.415,19.308,40.039,83.607,24.02,28.477,242.968,447.318,6.996,126.959,169.936,59.864,0.13,0.15
2016-01-24 00:00:00+00:00,80.45,24.998,44.833,84.709,19.258,39.424,83.131,24.057,28.386,243.321,443.448,7.06,127.944,169.228,59.458,0.13,0.15
2016-01-25 00:00:00+00:00,80.55,23.885,44.901,84.004,19.233,38.964,82.703,24.13,28.34,243.674,440.131,6.704,126.959,168.661,59.142,0.13,0.15
2016-01-26 00:00:00+00:00,80.7,22.848,45.037,83.44,19.202,38.733,82.323,24.315,28.431,245.087,437.09,6.251,125.975,168.142,59.006,0.13,0.15
2016-01-27 00:00:00+00:00,80.85,21.542,45.172,82.876,19.165,38.426,81.942,24.463,28.477,246.146,434.049,5.927,124.991,167.575,58.826,0.13,0.15
2016-01-28 00:00:00+00:00,81.45,19.814,45.308,82.312,19.165,37.991,81.609,24.574,28.477,246.852,432.114,5.538,124.007,167.008,58.645,0.13,0.15
2016-01-29 00:00:00+00:00,82.3,17.664,45.511,81.853,19.171,37.556,81.372,24.537,28.569,246.499,431.008,6.056,124.499,166.488,58.509,0.13,0.15
2016-01-30 00:00:00+00:00,83.05,15.437,45.715,81.324,19.189,37.069,81.086,24.463,28.615,246.146,428.796,7.676,124.499,165.922,58.238,0.13,0.15
2016-01-31 00:00:00+00:00,83.55,13.44,45.884,80.654,19.264,36.557,80.658,24.574,28.615,246.852,425.756,8.032,124.499,165.355,57.967,0.13,0.15
2016-02-01 00:00:00+00:00,83.75,11.827,46.054,80.055,19.32,36.096,80.278,24.722,28.615,247.912,422.715,7.741,124.007,164.788,57.742,0.13,0.15
2016-02-02 00:00:00+00:00,83.65,10.406,46.223,79.385,19.351,35.61,79.85,24.907,28.569,248.971,419.674,7.676,124.499,164.127,57.425,0.13,0.15
2016-02-03 00:00:00+00:00,83.45,8.947,46.325,78.715,19.376,35.021,79.374,25.054,28.477,250.031,416.356,7.19,123.023,163.418,57.109,0.13,0.15
2016-02-04 00:00:00+00:00,83.25,7.104,46.393,78.151,19.364,34.407,78.851,25.054,28.386,250.031,413.039,7.514,122.531,162.71,56.793,0.13,0.15
2016-02-05 00:00:00+00:00,83.2,4.608,46.461,77.798,19.295,33.818,78.376,24.943,28.294,249.324,409.998,8.064,123.515,162.049,56.522,0.13,0.15
2016-02-06 00:00:00+00:00,82.85,2.65,46.563,77.974,19.015,33.255,77.948,24.833,28.202,248.618,406.957,7.514,125.483,161.388,56.251,0.13,0.15
2016-02-07 00:00:00+00:00,82.1,1.958,46.63,78.538,18.568,32.768,77.52,24.833,28.11,248.618,403.64,7.125,126.467,160.726,55.98,0.13,0.15
2016-02-08 00:00:00+00:00,81.2,1.728,46.732,78.821,18.338,32.231,77.092,24.796,28.019,248.265,400.599,6.51,126.467,160.112,55.574,0.13,0.15
2016-02-09 00:00:00+00:00,80.15,1.574,46.8,78.715,18.238,31.719,76.616,24.685,27.927,247.559,397.835,5.149,127.944,159.404,55.213,0.13,0.15
2016-02-10 00:00:00+00:00,79.0,1.536,46.834,78.609,18.139,31.207,76.188,24.426,27.835,245.793,395.347,4.858,129.912,158.743,55.032,0.13,0.15
2016-02-11 00:00:00+00:00,77.85,1.728,46.868,78.115,18.226,30.567,75.712,24.057,27.698,243.321,392.029,5.797,130.404,158.034,54.761,0.13,0.15
2016-02-12 00:00:00+00:00,76.7,1.805,46.902,77.198,18.381,29.824,75.189,23.687,27.606,240.849,388.999,6.672,131.388,157.326,54.4,0.13,0.15
2016-02-13 00:00:00+00:00,75.5,1.613,46.936,76.317,18.45,29.082,74.666,23.317,27.468,238.377,386.138,5.57,132.372,156.617,54.038,0.13,0.15
2016-02-14 00:00:00+00:00,74.358,1.536,46.936,75.576,18.462,28.416,74.143,23.059,27.377,236.611,383.056,4.631,132.864,155.862,53.632,0.13,0.15
2016-02-15 00:00:00+00:00,73.218,1.574,46.97,74.801,18.456,27.952,73.572,22.689,27.285,234.139,379.975,5.862,132.372,155.106,53.271,0.13,0.15
2016-02-16 00:00:00+00:00,72.078,1.69,46.97,74.025,18.456,27.458,73.097,22.098,27.193,229.901,378.214,6.121,132.372,154.35,52.909,0.13,0.15
2016-02-17 00:00:00+00:00,70.938,1.843,47.003,73.249,18.444,26.964,72.764,21.248,27.056,224.251,377.554,6.542,132.864,153.547,52.593,0.13,0.15
2016-02-18 00:00:00+00:00,69.797,1.958,47.037,72.438,18.431,26.455,72.288,20.583,26.918,219.66,375.793,7.935,133.356,152.792,52.232,0.13,0.15
2016-02-19 00:00:00+00:00,68.705,1.997,47.071,71.627,18.425,25.961,71.813,20.139,26.826,216.835,372.932,8.194,132.864,152.036,51.87,0.13,0.15
2016-02-20 00:00:00+00:00,67.66,1.997,47.173,70.816,18.419,25.451,71.337,19.77,26.735,214.362,370.07,7.903,132.864,151.28,51.509,0.13,0.15
2016-02-21 00:00:00+00:00,66.615,1.882,47.275,70.04,18.394,24.911,70.814,19.474,26.643,212.244,366.989,8.421,132.372,150.524,51.148,0.13,0.15
2016-02-22 00:00:00+00:00,65.475,1.766,47.309,69.299,18.363,24.34,70.244,19.178,26.505,210.125,363.908,8.615,131.88,149.674,50.832,0.13,0.15
2016-02-23 00:00:00+00:00,64.356,1.766,47.343,68.488,18.338,23.769,69.673,18.993,26.368,209.065,360.826,8.064,129.42,148.824,50.561,0.13,0.15
2016-02-24 00:00:00+00:00,63.252,1.651,47.377,67.677,18.307,23.167,69.102,18.883,26.23,208.359,357.745,7.384,127.451,147.974,50.245,0.13,0.15
2016-02-25 00:00:00+00:00,62.102,1.459,47.377,66.866,18.282,22.564,68.484,18.846,26.139,208.006,354.443,5.473,126.467,147.124,49.974,0.13,0.15
2016-02-26 00:00:00+00:00,60.906,1.267,47.41,66.091,18.257,21.947,67.913,18.809,26.001,207.653,351.362,4.566,124.991,146.274,49.657,0.13,0.15
2016-02-27 00:00:00+00:00,59.618,1.114,47.41,65.35,18.226,21.314,67.343,18.698,25.863,206.946,348.06,5.797,124.499,145.424,49.341,0.13,0.15
2016-02-28 00:00:00+00:00,58.974,1.075,47.444,64.962,18.214,20.99,67.087,18.624,25.772,206.593,346.52,6.542,121.054,144.998,49.206,0.13,0.15
2016-02-29 00:00:00+00:00,57.042,1.229,47.478,63.834,18.189,20.017,66.406,18.476,25.634,205.534,341.678,6.737,118.102,143.676,48.664,0.13,0.15
2016-03-01 00:00:00+00:00,55.759,1.344,47.512,63.093,18.189,19.353,65.953,18.439,25.542,205.181,338.376,6.056,117.61,142.826,48.348,0.13,0.15
2016-03-02 00:00:00+00:00,54.555,1.459,47.58,62.282,18.195,18.674,65.461,18.291,25.405,204.121,335.295,5.473,119.578,141.976,48.077,0.13,0.15
2016-03-03 00:00:00+00:00,53.351,1.498,47.58,61.471,18.207,17.979,65.008,18.07,25.313,202.708,331.993,6.056,120.562,141.078,47.715,0.13,0.15
2016-03-04 00:00:00+00:00,52.148,1.498,47.614,60.66,18.207,17.284,64.554,17.665,25.176,199.883,328.692,7.06,122.531,140.134,47.354,0.13,0.15
2016-03-05 00:00:00+00:00,50.903,1.459,47.648,59.814,18.201,16.559,64.063,17.249,25.084,197.058,325.39,7.481,123.515,139.142,46.993,0.13,0.15
2016-03-06 00:00:00+00:00,49.699,1.421,47.648,59.038,18.17,15.818,63.609,16.868,24.946,194.233,322.089,8.032,124.007,138.197,46.632,0.13,0.15
2016-03-07 00:00:00+00:00,48.455,1.421,47.682,58.368,18.12,15.077,63.118,16.487,24.809,191.408,318.787,7.838,124.991,137.205,46.27,0.13,0.15
2016-03-08 00:00:00+00:00,47.188,1.421,47.682,57.733,18.133,14.305,62.588,16.14,24.671,188.936,315.486,7.093,124.991,136.166,45.864,0.13,0.15
2016-03-09 00:00:00+00:00,45.979,1.421,47.716,56.993,18.201,13.518,62.097,15.793,24.534,186.464,311.964,6.801,124.499,135.174,45.548,0.13,0.15
2016-03-10 00:00:00+00:00,44.731,1.382,47.716,56.217,18.257,12.699,61.606,15.412,24.396,183.638,308.662,7.158,124.007,134.183,45.186,0.13,0.15
2016-03-11 00:00:00+00:00,43.444,1.344,47.716,55.441,18.294,11.85,61.114,14.961,24.258,180.46,305.141,8.064,123.515,133.144,44.825,0.13,0.15
2016-03-12 00:00:00+00:00,42.157,1.344,47.716,54.893,18.238,11.001,60.585,14.511,24.121,177.282,301.619,8.55,123.023,132.057,44.464,0.13,0.15
2016-03-13 00:00:00+00:00,40.792,1.344,47.75,54.464,18.133,10.198,60.056,14.129,23.983,174.456,298.318,8.421,122.531,131.018,44.148,0.13,0.15
2016-03-14 00:00:00+00:00,39.443,1.344,47.75,54.034,18.077,9.565,59.602,13.852,23.892,172.338,294.796,7.417,122.038,130.074,44.057,0.13,0.15
2016-03-15 00:00:00+00:00,38.12,1.382,47.783,53.605,18.077,9.087,59.111,13.644,23.754,170.925,291.275,5.797,122.531,129.129,44.057,0.13,0.15
2016-03-16 00:00:00+00:00,36.797,1.459,47.783,53.176,18.083,8.778,58.695,13.54,23.616,170.219,287.753,5.182,123.515,128.184,44.328,0.13,0.15
2016-03-17 00:00:00+00:00,35.547,1.536,47.817,52.972,18.095,8.639,58.279,13.401,23.479,169.159,284.451,5.538,124.991,127.24,44.644,0.13,0.15
2016-03-18 00:00:00+00:00,34.261,1.574,47.817,52.769,18.089,8.45,57.826,13.193,23.387,167.747,280.93,6.737,126.959,126.342,44.825,0.13,0.15
2016-03-19 00:00:00+00:00,33.011,1.536,47.817,52.294,18.077,8.224,57.334,13.089,23.25,167.04,277.408,6.121,128.436,125.35,44.87,0.13,0.15
2016-03-20 00:00:00+00:00,31.789,1.536,47.817,51.82,18.077,7.933,56.805,13.089,23.112,167.04,273.887,4.761,128.928,124.311,44.78,0.13,0.15
2016-03-21 00:00:00+00:00,30.667,1.536,47.851,51.345,18.133,7.608,56.276,13.02,22.974,166.334,270.365,4.89,127.451,123.272,44.644,0.13,0.15
2016-03-22 00:00:00+00:00,29.512,1.498,47.885,50.848,18.22,7.239,55.747,12.812,22.837,164.921,266.623,5.117,127.944,122.28,44.464,0.13,0.15
2016-03-23 00:00:00+00:00,28.357,1.459,47.885,50.328,18.263,6.85,55.217,12.569,22.699,163.156,263.102,5.992,127.451,121.241,44.238,0.13,0.15
2016-03-24 00:00:00+00:00,27.202,1.421,47.919,49.831,18.226,6.439,54.65,12.257,22.608,161.037,259.36,7.19,127.944,120.202,43.967,0.13,0.15
2016-03-25 00:00:00+00:00,25.981,1.382,47.953,49.447,18.164,6.0,54.083,12.015,22.47,159.271,255.618,7.708,126.959,119.116,43.696,0.13,0.15
2016-03-26 00:00:00+00:00,24.85,1.382,47.953,49.062,18.207,5.56,53.554,12.084,22.378,159.624,252.097,7.19,126.467,118.077,43.606,0.13,0.15
2016-03-27 00:00:00+00:00,23.68,1.421,47.987,48.949,18.263,5.128,53.063,12.673,22.287,163.862,248.575,5.765,124.991,117.132,43.696,0.13,0.15
2016-03-28 00:00:00+00:00,22.51,1.459,48.021,48.814,18.257,4.668,52.534,13.263,22.195,168.1,245.054,5.603,121.054,116.188,43.967,0.13,0.15
2016-03-29 00:00:00+00:00,21.22,1.536,48.055,48.362,18.288,4.123,52.004,13.505,22.103,169.865,241.312,6.931,122.531,115.29,44.148,0.13,0.15
2016-03-30 00:00:00+00:00,19.668,1.536,48.089,47.932,18.294,3.471,51.4,13.436,21.966,169.512,237.35,7.514,129.42,114.44,44.057,0.13,0.15
2016-03-31 00:00:00+00:00,18.103,1.536,48.089,47.548,18.269,2.72,50.795,13.297,21.828,168.453,233.608,7.546,131.88,113.637,43.786,0.13,0.15
2016-04-01 00:00:00+00:00,16.483,1.498,48.089,47.187,18.232,1.934,50.19,13.159,21.69,167.393,229.867,7.481,132.372,112.834,43.425,0.13,0.15
2016-04-02 00:00:00+00:00,14.782,1.536,48.157,46.87,18.182,1.197,49.585,13.02,21.599,166.334,226.125,7.028,132.864,112.031,42.928,0.13,0.15
2016-04-03 00:00:00+00:00,13.207,1.536,48.157,46.622,18.151,0.666,48.98,12.916,21.461,165.628,222.383,6.51,131.88,111.323,42.431,0.13,0.15
2016-04-04 00:00:00+00:00,11.592,1.536,48.19,46.373,18.164,0.496,48.376,12.708,21.369,164.215,218.642,6.963,131.388,110.567,42.115,0.13,0.15
2016-04-05 00:00:00+00:00,9.837,1.574,48.224,46.192,18.22,0.588,47.809,12.569,21.278,163.156,214.9,7.287,134.341,109.859,41.98,0.13,0.15
2016-04-06 00:00:00+00:00,8.241,1.613,48.258,46.192,18.251,0.73,47.204,12.5,21.186,162.802,211.158,7.06,140.246,109.198,41.799,0.13,0.15
2016-04-07 00:00:00+00:00,7.0,1.651,48.292,45.921,18.269,0.822,46.637,12.604,21.14,163.509,207.637,6.704,141.23,108.3,41.528,0.13,0.15
2016-04-08 00:00:00+00:00,6.34,1.69,48.326,45.13,18.276,0.779,46.032,12.604,21.094,163.509,203.675,7.255,140.738,107.119,41.077,0.13,0.15
2016-04-09 00:00:00+00:00,5.875,1.651,48.326,44.316,18.232,0.616,45.389,12.5,21.003,162.802,199.933,6.672,139.754,105.75,40.58,0.13,0.15
2016-04-10 00:00:00+00:00,5.444,1.613,48.326,43.458,18.245,0.715,44.86,12.257,20.957,161.037,197.732,5.538,138.769,104.333,39.857,0.13,0.15
2016-04-11 00:00:00+00:00,5.076,1.536,48.36,42.486,18.301,1.24,44.444,11.737,20.865,157.152,197.732,5.668,137.293,102.916,38.999,0.13,0.15
2016-04-12 00:00:00+00:00,4.676,1.459,48.36,41.514,18.307,1.565,44.104,11.044,20.773,152.208,198.612,5.57,135.325,101.404,38.231,0.13,0.15
2016-04-13 00:00:00+00:00,4.292,1.382,48.36,40.09,18.251,1.466,43.764,10.455,20.682,147.97,199.273,5.085,133.849,100.46,37.714,0.13,0.15
2016-04-14 00:00:00+00:00,4.052,1.344,48.394,37.921,18.151,1.339,43.462,9.935,20.59,144.085,199.933,5.214,134.341,100.271,37.245,0.13,0.15
2016-04-15 00:00:00+00:00,3.972,1.306,48.428,35.48,18.064,1.381,43.121,9.345,20.498,139.848,200.814,6.283,133.849,100.318,36.777,0.13,0.15
2016-04-16 00:00:00+00:00,3.956,1.344,48.428,33.355,18.139,1.509,42.781,8.791,20.406,135.963,201.254,5.862,133.356,100.318,36.191,0.13,0.15
2016-04-17 00:00:00+00:00,3.972,1.344,48.496,31.208,18.226,1.509,42.517,8.375,20.361,132.785,202.134,4.826,133.356,100.365,35.645,0.13,0.15
2016-04-18 00:00:00+00:00,3.972,1.382,48.563,28.609,18.182,1.509,42.214,7.924,20.269,129.606,203.015,4.566,130.896,100.46,35.098,0.13,0.15
2016-04-19 00:00:00+00:00,3.972,1.421,48.597,25.875,18.151,1.587,41.912,7.439,20.223,126.075,203.675,5.409,130.896,100.46,34.512,0.13,0.15
2016-04-20 00:00:00+00:00,3.972,1.459,48.631,22.959,18.151,1.58,41.647,6.798,20.131,121.484,204.115,6.834,129.42,100.46,34.005,0.13,0.15
2016-04-21 00:00:00+00:00,3.956,1.536,48.665,19.954,18.151,1.601,41.345,6.161,20.04,116.54,204.775,7.676,129.42,100.507,33.497,0.13,0.15
2016-04-22 00:00:00+00:00,3.94,1.574,48.699,16.857,18.133,1.544,41.118,5.525,19.994,111.949,205.436,8.324,128.928,100.507,32.951,0.13,0.15
2016-04-23 00:00:00+00:00,3.908,1.574,48.699,13.603,18.17,1.523,40.853,4.888,19.902,107.005,206.096,8.259,128.928,100.507,32.248,0.13,0.15
2016-04-24 00:00:00+00:00,3.892,1.536,48.733,11.094,18.245,1.495,40.589,4.252,19.81,102.414,206.536,7.481,128.436,99.751,31.506,0.13,0.15
2016-04-25 00:00:00+00:00,3.876,1.536,48.733,10.258,18.226,1.558,40.362,3.682,19.764,98.176,207.196,6.769,127.451,97.626,30.725,0.13,0.15
2016-04-26 00:00:00+00:00,3.844,1.498,48.767,10.213,18.182,1.622,40.135,3.28,19.719,94.998,207.637,6.477,127.451,94.839,29.867,0.13,0.15
2016-04-27 00:00:00+00:00,3.812,1.459,48.767,10.1,18.133,1.509,39.908,2.878,19.627,92.172,208.297,5.83,125.483,92.053,29.086,0.13,0.15
2016-04-28 00:00:00+00:00,3.796,1.459,48.767,10.059,18.145,1.665,39.719,2.476,19.535,88.994,208.737,5.052,123.515,89.313,28.149,0.13,0.15
2016-04-29 00:00:00+00:00,3.78,1.498,48.767,10.023,18.214,1.962,39.53,1.973,19.443,85.462,209.397,5.279,122.531,86.574,27.173,0.13,0.15
2016-04-30 00:00:00+00:00,3.78,1.536,48.801,9.994,18.245,2.245,39.341,1.371,19.352,80.872,209.838,6.413,121.054,83.787,26.197,0.13,0.15
2016-05-01 00:00:00+00:00,3.78,1.651,48.835,9.94,18.269,2.522,39.152,0.801,19.168,76.634,210.498,6.38,119.578,81.095,25.26,0.13,0.15
2016-05-02 00:00:00+00:00,3.764,1.805,48.869,9.899,18.301,2.72,39.001,0.584,18.618,73.102,211.158,5.052,119.578,78.403,24.518,0.13,0.15
2016-05-03 00:00:00+00:00,3.716,1.843,48.903,9.958,18.226,2.635,38.888,0.558,17.472,69.924,211.819,4.372,120.07,75.711,24.049,0.13,0.15
2016-05-04 00:00:00+00:00,3.668,1.766,48.937,9.999,18.176,2.359,38.737,0.536,16.096,67.099,212.259,4.566,121.546,73.113,23.737,0.13,0.15
2016-05-05 00:00:00+00:00,3.636,1.92,48.937,10.047,18.158,2.175,38.661,0.514,14.812,64.273,212.919,5.862,123.515,70.61,23.542,0.13,0.15
2016-05-06 00:00:00+00:00,3.62,2.496,48.97,10.326,18.164,2.288,38.661,0.492,13.757,61.448,213.579,6.866,124.499,69.429,23.581,0.13,0.15
2016-05-07 00:00:00+00:00,3.62,3.226,49.038,10.755,18.288,2.982,38.812,0.492,13.069,61.448,214.46,6.963,125.483,69.665,23.971,0.13,0.15
2016-05-08 00:00:00+00:00,3.684,3.802,49.106,10.552,18.456,4.087,39.115,0.522,12.748,65.333,215.78,6.575,124.499,69.288,24.752,0.13,0.15
2016-05-09 00:00:00+00:00,3.78,4.378,49.208,10.094,18.63,5.227,39.568,0.558,12.519,69.924,217.321,5.538,123.515,67.776,25.806,0.13,0.15
2016-05-10 00:00:00+00:00,3.876,5.107,49.31,10.145,18.86,6.333,40.249,0.596,12.702,74.515,219.522,4.631,127.451,65.792,27.251,0.13,0.15
2016-05-11 00:00:00+00:00,4.036,6.067,49.479,10.017,18.984,7.36,41.042,1.169,13.436,79.459,222.383,3.789,129.912,64.753,28.695,0.13,0.15
2016-05-12 00:00:00+00:00,4.228,7.181,49.649,9.644,19.059,8.273,41.836,1.906,14.399,84.756,225.245,3.789,130.896,65.178,29.632,0.13,0.15
2016-05-13 00:00:00+00:00,4.292,8.333,49.818,9.207,18.972,9.395,42.441,2.61,15.316,90.053,228.106,4.372,130.896,65.887,30.218,0.13,0.15
2016-05-14 00:00:00+00:00,4.196,9.293,49.954,8.852,18.618,10.136,42.819,3.347,16.05,95.704,230.747,4.664,128.928,66.501,30.452,0.13,0.15
2016-05-15 00:00:00+00:00,4.02,10.138,50.09,8.372,18.381,10.538,43.159,3.983,16.6,100.295,233.168,4.178,125.483,67.068,30.608,0.13,0.15
2016-05-16 00:00:00+00:00,3.812,10.906,50.225,7.692,18.344,10.785,43.462,4.218,17.105,102.061,235.589,3.789,124.991,67.634,30.764,0.13,0.15
2016-05-17 00:00:00+00:00,3.588,11.635,50.361,6.952,18.332,10.986,43.764,4.218,17.517,102.061,238.01,3.983,128.436,68.154,30.96,0.13,0.15
2016-05-18 00:00:00+00:00,3.492,12.442,50.53,6.225,18.363,11.356,44.18,4.151,17.976,101.707,240.652,4.243,132.864,68.862,31.35,0.13,0.15
2016-05-19 00:00:00+00:00,3.54,13.786,50.802,5.591,18.555,12.483,45.049,4.252,18.618,102.414,244.834,5.279,136.801,69.949,32.131,0.13,0.15
2016-05-20 00:00:00+00:00,3.524,15.667,51.141,5.189,18.885,14.181,46.259,4.687,19.398,105.592,250.336,4.761,138.277,71.413,33.146,0.13,0.15
2016-05-21 00:00:00+00:00,3.748,18.163,51.616,5.254,19.183,16.652,48.149,5.625,20.361,112.655,257.159,3.66,138.769,73.633,34.981,0.13,0.15
2016-05-22 00:00:00+00:00,4.676,21.043,52.192,5.574,19.482,20.079,50.946,6.898,21.599,122.19,267.724,4.696,137.293,76.703,37.48,0.13,0.15
2016-05-23 00:00:00+00:00,5.875,23.731,52.769,5.781,19.693,23.537,53.705,7.924,22.929,129.606,281.15,5.927,138.277,79.914,39.812,0.13,0.15
2016-05-24 00:00:00+00:00,6.437,25.997,53.311,5.899,19.749,26.254,55.822,8.652,24.121,134.904,293.035,5.732,138.277,82.654,41.619,0.13,0.15
2016-05-25 00:00:00+00:00,6.263,27.878,53.854,6.106,19.743,28.107,57.448,9.137,25.13,138.435,302.72,5.149,137.785,84.685,43.064,0.13,0.15
2016-05-26 00:00:00+00:00,6.321,29.453,54.329,6.236,19.699,29.645,58.846,9.519,25.909,141.26,311.524,5.311,137.785,86.338,44.238,0.13,0.15
2016-05-27 00:00:00+00:00,6.709,30.95,54.837,6.142,19.606,30.592,60.245,9.865,26.551,143.732,319.668,5.57,137.293,88.227,45.186,0.13,0.15
2016-05-28 00:00:00+00:00,7.077,32.294,55.278,5.988,19.407,31.207,61.681,10.559,27.147,148.676,327.811,5.441,136.309,90.022,46.044,0.13,0.15
2016-05-29 00:00:00+00:00,7.427,33.984,55.889,5.858,19.339,32.487,63.987,11.529,27.881,155.739,337.716,6.089,135.325,92.336,47.715,0.13,0.15
2016-05-30 00:00:00+00:00,7.989,36.288,56.703,6.183,19.475,34.484,67.2,12.604,28.936,163.509,350.481,7.676,131.388,95.123,50.064,0.13,0.15
2016-05-31 00:00:00+00:00,8.785,38.899,57.55,7.224,19.556,36.276,71.052,13.644,29.899,170.925,363.908,7.805,137.785,96.776,52.141,0.13,0.15
2016-06-01 00:00:00+00:00,9.58,41.472,58.364,8.467,19.612,37.735,74.524,14.615,30.678,177.988,377.554,6.931,142.214,97.532,53.858,0.13,0.15
2016-06-02 00:00:00+00:00,10.422,43.776,59.178,9.698,19.488,38.861,77.852,15.447,31.183,183.992,390.76,5.732,141.722,98.618,55.122,0.13,0.15
2016-06-03 00:00:00+00:00,10.984,45.811,59.89,13.648,18.928,39.732,80.801,16.071,31.55,188.582,405.575,5.085,139.262,100.129,56.161,0.13,0.15
2016-06-04 00:00:00+00:00,12.271,46.925,60.535,17.626,18.481,40.423,83.084,16.591,31.871,192.114,419.121,5.214,136.309,101.499,56.929,0.13,0.15
2016-06-05 00:00:00+00:00,14.699,47.002,61.077,19.795,18.506,40.935,84.938,16.972,32.054,194.939,431.837,5.409,134.341,102.585,57.606,0.13,0.15
2016-06-06 00:00:00+00:00,17.417,46.963,61.62,21.129,18.736,41.626,86.698,17.145,32.193,196.352,443.724,6.251,133.849,103.341,58.148,0.13,0.15
2016-06-07 00:00:00+00:00,19.84,46.925,62.163,22.462,18.885,42.752,88.315,17.249,32.333,197.058,455.059,6.121,133.849,103.955,58.69,0.13,0.15
2016-06-08 00:00:00+00:00,22.06,46.771,62.637,23.705,18.966,43.751,89.646,17.353,32.379,197.764,465.011,5.57,132.864,104.286,59.006,0.13,0.15
2016-06-09 00:00:00+00:00,23.29,46.656,63.01,24.767,18.991,44.314,90.502,17.319,32.333,197.411,473.304,6.056,132.372,103.955,59.142,0.13,0.15
2016-06-10 00:00:00+00:00,23.83,46.656,63.316,25.717,18.897,44.57,91.025,17.076,32.24,195.645,479.939,6.996,131.388,103.246,59.187,0.13,0.15
2016-06-11 00:00:00+00:00,24.1,46.733,63.587,26.349,18.798,44.647,91.406,16.833,32.193,193.88,485.744,7.903,132.864,102.349,59.187,0.13,0.15
2016-06-12 00:00:00+00:00,24.28,46.848,63.824,26.824,18.705,44.698,91.739,16.625,32.1,192.467,491.273,7.255,133.356,101.499,59.232,0.13,0.15
2016-06-13 00:00:00+00:00,24.58,47.04,64.13,27.231,18.642,44.749,92.167,16.521,32.054,191.761,497.078,6.315,133.356,100.79,59.322,0.13,0.15
2016-06-14 00:00:00+00:00,25.18,47.232,64.469,27.615,18.618,44.928,92.832,16.417,32.054,191.055,503.436,6.672,134.341,100.224,59.638,0.13,0.15
2016-06-15 00:00:00+00:00,26.509,47.27,64.876,27.977,18.636,45.44,93.926,16.521,32.1,191.761,510.624,6.963,133.849,99.846,60.226,0.13,0.15
2016-06-16 00:00:00+00:00,28.126,47.117,65.317,28.361,18.661,46.055,95.02,16.868,32.147,194.233,518.088,7.19,132.372,99.515,60.903,0.13,0.15
2016-06-17 00:00:00+00:00,29.611,47.155,65.757,28.745,18.705,46.644,96.019,17.353,32.147,197.764,526.105,7.32,131.388,99.374,61.49,0.13,0.15
2016-06-18 00:00:00+00:00,30.964,47.309,66.198,29.061,18.761,47.181,96.97,17.848,32.147,201.296,534.398,7.352,129.42,99.279,62.122,0.13,0.15
2016-06-19 00:00:00+00:00,32.387,47.424,66.368,29.581,18.841,47.719,97.826,18.365,32.193,204.827,542.139,7.352,127.944,99.043,62.935,0.13,0.15
2016-06-20 00:00:00+00:00,34.224,47.501,66.198,30.598,18.928,48.436,98.729,18.809,32.24,207.653,550.708,7.19,124.991,98.948,63.793,0.13,0.15
2016-06-21 00:00:00+00:00,36.062,47.232,65.825,31.751,18.997,49.05,99.633,18.957,32.193,208.712,558.172,7.19,126.467,98.76,64.29,0.13,0.15
2016-06-22 00:00:00+00:00,37.642,46.963,65.452,32.813,19.028,49.357,100.346,18.993,32.147,209.065,565.36,6.801,129.912,98.429,64.652,0.13,0.15
2016-06-23 00:00:00+00:00,39.296,47.194,65.113,33.875,19.046,49.869,101.25,18.993,32.147,209.065,573.377,6.251,132.372,98.429,65.239,0.13,0.15
2016-06-24 00:00:00+00:00,41.923,47.309,64.876,34.915,19.078,50.484,102.344,18.993,32.147,209.065,581.947,5.797,134.833,99.043,65.961,0.13,0.15
2016-06-25 00:00:00+00:00,45.004,47.309,64.672,36.926,18.692,50.996,103.675,19.067,32.193,209.418,590.793,5.279,135.817,100.176,67.0,0.13,0.15
2016-06-26 00:00:00+00:00,47.998,47.309,64.469,39.209,18.176,51.38,105.054,19.104,32.286,209.772,599.639,4.955,137.293,101.452,68.174,0.13,0.15
2016-06-27 00:00:00+00:00,50.571,47.002,64.163,40.791,18.089,51.38,106.1,19.104,32.24,209.772,605.997,4.923,139.754,102.349,68.716,0.13,0.15
2016-06-28 00:00:00+00:00,51.691,46.925,63.96,42.96,18.145,51.277,106.528,19.252,32.147,210.831,608.762,5.02,138.769,102.821,68.897,0.13,0.15
2016-06-29 00:00:00+00:00,52.522,47.347,64.163,45.514,18.207,51.508,107.004,19.511,32.147,212.597,609.868,5.182,135.817,104.38,69.348,0.13,0.15
2016-06-30 00:00:00+00:00,54.14,47.654,64.57,47.774,18.276,51.994,107.622,19.733,32.193,214.009,611.25,6.38,134.341,107.119,70.116,0.13,0.15
2016-07-01 00:00:00+00:00,56.536,47.424,64.943,49.966,18.232,52.173,108.193,19.88,32.193,215.069,612.632,7.773,134.341,109.859,70.749,0.13,0.15
2016-07-02 00:00:00+00:00,58.56,47.194,65.283,52.023,18.207,52.096,108.621,19.843,32.147,214.716,612.908,8.032,135.817,112.268,71.155,0.13,0.15
2016-07-03 00:00:00+00:00,59.388,47.232,65.554,53.899,18.164,51.866,108.811,19.733,32.008,214.009,612.632,7.903,140.246,113.826,71.29,0.13,0.15
2016-07-04 00:00:00+00:00,59.802,47.309,65.757,54.69,18.052,51.61,108.859,19.696,31.962,213.656,612.356,7.449,140.738,114.298,71.245,0.13,0.15
2016-07-05 00:00:00+00:00,60.17,47.386,65.995,54.599,18.077,51.303,108.811,19.696,31.871,213.656,612.356,7.19,140.246,114.204,71.155,0.13,0.15
2016-07-06 00:00:00+00:00,60.492,47.347,66.198,54.26,18.17,50.944,108.764,19.696,31.733,213.656,612.079,7.514,139.262,114.062,70.974,0.13,0.15
2016-07-07 00:00:00+00:00,60.86,47.27,66.402,53.673,18.201,50.56,108.716,19.733,31.641,214.009,611.526,7.579,137.785,113.826,70.794,0.13,0.15
2016-07-08 00:00:00+00:00,61.228,47.27,66.605,54.08,18.182,50.202,108.621,19.733,31.55,214.009,610.973,6.639,136.309,113.637,70.613,0.13,0.15
2016-07-09 00:00:00+00:00,61.642,47.309,66.809,55.255,18.22,49.818,108.526,19.843,31.412,214.716,610.42,5.732,136.309,113.496,70.432,0.13,0.15
2016-07-10 00:00:00+00:00,62.102,47.386,67.046,57.451,18.17,49.485,108.526,20.065,31.366,216.128,610.42,5.668,135.325,113.496,70.297,0.13,0.15
2016-07-11 00:00:00+00:00,62.884,47.462,67.283,58.791,18.151,49.127,108.526,20.102,31.229,216.481,610.144,5.927,135.325,113.637,70.161,0.13,0.15
2016-07-12 00:00:00+00:00,63.942,47.386,67.555,58.862,18.207,48.845,108.573,20.213,31.229,217.188,610.42,6.315,135.817,113.826,70.071,0.13,0.15
2016-07-13 00:00:00+00:00,64.862,47.386,67.792,58.579,18.151,48.64,108.621,20.25,31.275,217.541,611.25,6.672,135.817,114.062,70.071,0.13,0.15
2016-07-14 00:00:00+00:00,65.617,47.309,68.03,59.567,18.108,48.436,108.621,20.139,31.229,216.835,611.803,7.158,138.769,114.204,70.026,0.13,0.15
2016-07-15 00:00:00+00:00,66.045,47.386,68.233,61.894,18.145,48.128,108.573,19.991,31.137,215.775,611.803,6.834,139.754,114.44,69.845,0.13,0.15
2016-07-16 00:00:00+00:00,66.425,47.462,68.47,63.939,18.145,47.77,108.478,19.991,31.091,215.775,611.25,6.445,140.246,114.724,69.71,0.13,0.15
2016-07-17 00:00:00+00:00,66.852,47.309,68.674,64.081,18.139,47.386,108.336,19.991,30.999,215.775,610.697,7.32,140.738,115.007,69.484,0.13,0.15
2016-07-18 00:00:00+00:00,66.995,47.194,68.843,62.599,18.133,46.951,108.145,19.991,30.862,215.775,610.42,7.805,140.246,115.196,69.258,0.13,0.15
2016-07-19 00:00:00+00:00,66.947,47.309,68.979,61.33,18.139,46.516,107.955,19.954,30.77,215.422,609.868,7.546,140.738,115.243,69.032,0.13,0.15
2016-07-20 00:00:00+00:00,67.185,47.501,69.149,60.272,18.195,46.106,107.812,19.991,30.633,215.775,609.038,7.481,140.738,115.29,68.987,0.13,0.15
2016-07-21 00:00:00+00:00,68.135,47.578,69.42,59.249,18.257,45.824,107.717,20.065,30.541,216.128,608.762,7.805,140.738,115.432,69.168,0.13,0.15
2016-07-22 00:00:00+00:00,69.322,47.501,69.691,58.121,18.325,45.671,107.67,20.213,30.449,217.188,609.038,8.388,138.769,115.574,69.484,0.13,0.15
2016-07-23 00:00:00+00:00,70.035,47.386,69.895,57.098,18.344,45.415,107.575,20.361,30.312,218.247,609.038,8.259,138.277,115.526,69.71,0.13,0.15
2016-07-24 00:00:00+00:00,70.51,47.501,70.098,56.287,18.319,45.184,107.622,20.62,30.22,220.013,609.038,8.064,140.246,115.432,70.071,0.13,0.15
2016-07-25 00:00:00+00:00,71.175,47.578,70.302,55.582,18.288,45.082,107.955,20.989,30.128,222.485,609.315,7.935,141.722,115.338,70.523,0.13,0.15
2016-07-26 00:00:00+00:00,72.125,47.616,70.505,55.074,18.232,45.005,108.193,21.248,29.991,224.251,609.591,7.352,143.69,115.196,70.839,0.13,0.15
2016-07-27 00:00:00+00:00,73.788,47.578,70.743,54.599,18.238,45.056,108.336,21.359,29.899,224.957,610.42,7.158,143.69,115.196,71.2,0.13,0.15
2016-07-28 00:00:00+00:00,75.35,47.347,70.946,54.034,18.276,45.108,108.478,21.47,29.807,225.663,611.526,7.255,144.182,115.29,71.561,0.13,0.15
2016-07-29 00:00:00+00:00,76.1,47.309,71.15,53.582,18.251,45.082,108.621,21.543,29.761,226.37,612.079,7.676,144.182,115.196,71.832,0.13,0.15
2016-07-30 00:00:00+00:00,76.5,47.386,71.353,54.26,18.133,44.928,108.668,21.543,29.67,226.37,611.803,8.518,143.69,114.912,71.968,0.13,0.15
2016-07-31 00:00:00+00:00,77.0,47.424,71.523,56.393,18.071,44.57,108.573,21.47,29.578,225.663,610.697,8.615,142.214,114.676,71.968,0.13,0.15
2016-08-01 00:00:00+00:00,77.55,47.27,71.692,58.932,18.102,44.16,108.431,21.248,29.486,224.251,609.315,8.583,140.246,114.487,71.878,0.13,0.15
2016-08-02 00:00:00+00:00,77.7,47.194,71.828,61.259,18.114,43.725,108.24,20.989,29.349,222.485,607.932,8.615,138.769,114.393,71.787,0.13,0.15
2016-08-03 00:00:00+00:00,77.7,47.424,72.031,63.411,18.139,43.572,108.098,20.841,29.303,221.425,606.827,8.388,136.801,114.582,71.878,0.13,0.15
2016-08-04 00:00:00+00:00,77.95,47.578,72.201,65.35,18.182,43.623,108.098,20.73,29.349,220.719,605.997,8.421,135.817,114.96,72.058,0.13,0.15
2016-08-05 00:00:00+00:00,78.25,47.501,72.37,67.078,18.232,43.469,108.288,20.767,29.257,221.072,604.892,7.708,137.785,115.338,72.239,0.13,0.15
2016-08-06 00:00:00+00:00,78.4,47.347,72.472,68.771,18.269,43.136,108.431,21.1,29.165,223.191,604.339,6.866,138.769,115.668,72.239,0.13,0.15
2016-08-07 00:00:00+00:00,79.05,47.501,72.71,70.498,18.294,42.829,108.621,21.396,29.165,225.31,604.062,6.931,136.309,116.14,72.284,0.13,0.15
2016-08-08 00:00:00+00:00,80.85,47.501,72.981,72.297,18.269,42.573,108.811,21.617,29.165,226.723,604.062,7.222,134.341,116.754,72.465,0.13,0.15
2016-08-09 00:00:00+00:00,82.2,47.117,73.184,74.06,18.257,42.292,108.811,21.654,29.073,227.076,603.786,7.579,132.864,117.274,72.6,0.13,0.15
2016-08-10 00:00:00+00:00,82.1,46.925,73.32,75.717,18.269,41.831,108.668,21.543,28.982,226.37,602.68,7.805,135.817,117.605,72.555,0.13,0.15
2016-08-11 00:00:00+00:00,81.8,46.81,73.456,77.41,18.245,41.191,108.478,21.47,28.844,225.663,601.021,7.967,138.277,117.935,72.374,0.13,0.15
2016-08-12 00:00:00+00:00,81.7,46.925,73.659,79.138,18.22,40.551,108.383,21.396,28.844,225.31,599.639,7.741,140.246,118.313,72.239,0.13,0.15
2016-08-13 00:00:00+00:00,81.7,47.117,73.829,80.831,18.207,39.936,108.336,21.359,28.844,224.957,598.257,8.0,139.754,118.785,72.149,0.13,0.15
2016-08-14 00:00:00+00:00,81.5,47.078,73.964,82.488,18.195,39.22,108.193,21.396,28.798,225.31,596.322,8.129,137.293,119.116,71.968,0.13,0.15
2016-08-15 00:00:00+00:00,81.15,47.002,74.066,84.11,18.189,38.426,108.003,21.47,28.798,225.663,594.387,7.384,134.833,119.399,71.742,0.13,0.15
2016-08-16 00:00:00+00:00,80.7,46.886,74.168,84.604,18.214,37.53,107.717,21.507,28.752,226.016,592.452,7.352,132.372,119.636,71.471,0.13,0.15
2016-08-17 00:00:00+00:00,80.2,46.848,74.236,85.062,18.214,36.685,107.432,21.47,28.569,225.663,590.24,7.611,133.849,119.824,71.2,0.13,0.15
2016-08-18 00:00:00+00:00,79.5,46.886,74.303,86.085,18.195,35.994,107.194,21.359,28.34,224.957,588.028,7.481,133.356,120.061,71.11,0.13,0.15
2016-08-19 00:00:00+00:00,78.75,47.04,74.371,87.143,18.182,35.456,106.956,21.285,28.156,224.604,586.37,7.611,132.372,120.25,71.065,0.13,0.15
2016-08-20 00:00:00+00:00,78.05,47.194,74.473,88.694,18.151,35.124,106.766,21.285,28.065,224.604,584.435,7.417,131.88,120.486,70.974,0.13,0.15
2016-08-21 00:00:00+00:00,77.35,47.386,74.541,90.246,18.133,34.791,106.576,21.359,28.019,224.957,582.5,7.352,131.88,120.769,71.155,0.13,0.15
2016-08-22 00:00:00+00:00,76.65,47.501,74.609,90.775,18.12,34.381,106.386,21.396,27.973,225.31,580.288,7.838,130.896,121.005,71.471,0.13,0.15
2016-08-23 00:00:00+00:00,75.95,47.616,74.677,91.268,18.095,33.869,106.196,21.359,27.973,224.957,578.076,7.611,131.388,121.241,71.742,0.13,0.15
2016-08-24 00:00:00+00:00,75.3,47.77,74.744,92.785,18.058,33.306,105.958,21.211,27.973,223.898,576.418,6.607,132.864,121.478,71.968,0.13,0.15
2016-08-25 00:00:00+00:00,75.45,48.0,74.88,94.301,18.027,32.871,105.91,20.989,27.973,222.485,575.588,5.506,134.341,121.855,72.284,0.13,0.15
2016-08-26 00:00:00+00:00,76.75,47.885,75.016,95.782,18.021,32.487,105.91,20.657,28.065,220.366,575.865,5.732,136.309,122.328,72.51,0.13,0.15
2016-08-27 00:00:00+00:00,77.9,47.424,75.151,97.193,18.039,32.0,105.863,20.25,28.11,217.541,576.418,6.963,138.277,122.753,72.465,0.13,0.15
2016-08-28 00:00:00+00:00,78.1,47.155,75.253,98.18,18.058,31.463,105.72,19.954,28.202,215.422,575.865,7.384,138.769,123.036,72.51,0.13,0.15
2016-08-29 00:00:00+00:00,77.6,47.194,75.321,97.968,18.114,30.874,105.53,19.843,28.248,214.716,573.93,7.19,138.277,123.32,72.6,0.13,0.15
2016-08-30 00:00:00+00:00,76.7,47.539,75.423,96.981,18.189,30.285,105.292,19.88,28.248,215.069,572.548,7.028,137.293,123.556,72.6,0.13,0.15
2016-08-31 00:00:00+00:00,75.9,48.039,75.524,96.135,18.189,29.645,105.054,19.88,28.294,215.069,571.165,6.704,136.309,123.839,72.736,0.13,0.15
2016-09-01 00:00:00+00:00,75.7,48.271,75.694,95.077,18.158,28.98,104.816,19.954,28.386,215.422,569.783,6.607,135.325,124.17,72.691,0.13,0.15
2016-09-02 00:00:00+00:00,76.2,48.0,75.863,94.795,18.089,28.385,104.626,19.843,28.431,214.716,569.23,6.898,133.356,124.5,72.465,0.13,0.15
2016-09-03 00:00:00+00:00,76.25,47.846,75.999,95.923,18.008,27.937,104.436,19.474,28.523,212.244,568.677,7.32,133.356,124.784,72.239,0.13,0.15
2016-09-04 00:00:00+00:00,75.5,47.923,76.067,97.475,17.984,27.675,104.246,19.104,28.523,209.772,568.124,7.222,134.341,125.02,71.697,0.13,0.15
2016-09-05 00:00:00+00:00,74.6,48.039,76.169,98.991,17.959,27.69,104.056,18.735,28.523,207.299,567.572,6.963,133.849,125.209,70.839,0.13,0.15
2016-09-06 00:00:00+00:00,74.025,48.116,76.27,99.344,18.133,27.767,103.865,18.55,28.523,205.887,566.742,6.413,133.356,125.398,69.845,0.13,0.15
2016-09-07 00:00:00+00:00,73.455,48.116,76.338,98.497,18.257,27.86,103.628,18.698,28.523,206.946,565.084,5.603,130.896,125.587,68.897,0.13,0.15
2016-09-08 00:00:00+00:00,72.742,48.232,76.406,98.885,18.133,27.767,103.39,18.624,28.386,206.593,563.978,5.182,130.404,125.776,68.084,0.13,0.15
2016-09-09 00:00:00+00:00,72.22,48.465,76.508,100.437,18.046,27.474,103.247,18.587,28.34,206.24,564.254,5.57,129.912,126.106,67.723,0.13,0.15
2016-09-10 00:00:00+00:00,73.502,48.465,76.779,102.165,18.151,27.397,103.77,18.809,28.477,207.653,566.466,7.028,127.944,126.862,67.994,0.13,0.15
2016-09-11 00:00:00+00:00,75.5,47.846,77.017,103.893,18.245,27.35,104.293,19.178,28.615,210.125,568.954,7.903,127.944,127.712,68.4,0.13,0.15
2016-09-12 00:00:00+00:00,75.85,47.386,77.152,104.422,18.307,27.042,104.341,19.585,28.615,212.95,569.507,7.546,128.928,128.09,68.355,0.13,0.15
2016-09-13 00:00:00+00:00,75.3,47.309,77.254,104.069,18.282,26.656,104.293,20.065,28.569,216.128,569.23,7.158,129.912,128.42,68.219,0.13,0.15
2016-09-14 00:00:00+00:00,74.55,47.347,77.322,104.809,18.176,26.223,104.151,20.361,28.477,218.247,568.954,7.093,130.896,128.657,68.039,0.13,0.15
2016-09-15 00:00:00+00:00,73.788,47.424,77.356,105.233,18.139,25.776,104.008,20.62,28.294,220.013,568.401,7.028,130.896,128.893,67.858,0.13,0.15
2016-09-16 00:00:00+00:00,72.98,47.462,77.423,104.281,18.064,25.312,103.865,20.767,28.11,221.072,567.572,7.352,131.88,129.129,67.723,0.13,0.15
2016-09-17 00:00:00+00:00,72.172,47.462,77.491,103.998,18.195,24.803,103.675,20.583,27.927,219.66,567.019,7.967,133.849,129.318,67.587,0.13,0.15
2016-09-18 00:00:00+00:00,71.318,47.424,77.525,103.822,18.288,24.402,103.485,20.472,27.881,218.953,565.913,7.514,136.309,129.46,67.406,0.13,0.15
2016-09-19 00:00:00+00:00,70.462,47.347,77.559,102.658,18.189,24.062,103.2,20.472,27.881,218.953,563.978,7.028,137.785,129.601,67.181,0.13,0.15
2016-09-20 00:00:00+00:00,69.703,47.27,77.593,101.601,18.22,23.583,102.914,20.398,27.835,218.6,562.319,7.255,140.738,129.743,67.0,0.13,0.15
2016-09-21 00:00:00+00:00,68.943,47.309,77.627,100.472,18.245,23.043,102.676,20.472,27.652,218.953,560.384,7.352,141.23,129.932,66.819,0.13,0.15
2016-09-22 00:00:00+00:00,68.135,47.424,77.593,100.578,18.182,22.518,102.581,20.139,27.468,216.835,560.384,7.481,141.23,130.168,66.684,0.13,0.15
2016-09-23 00:00:00+00:00,67.28,47.462,77.39,102.447,18.12,21.978,102.581,19.437,27.285,211.89,561.766,7.741,141.23,130.357,66.458,0.13,0.15
2016-09-24 00:00:00+00:00,66.425,47.386,77.017,104.492,18.058,21.422,102.534,18.809,27.102,207.653,563.148,7.903,139.262,130.499,66.232,0.13,0.15
2016-09-25 00:00:00+00:00,65.57,47.424,76.745,106.467,18.015,20.943,102.439,18.587,27.01,206.24,563.148,7.32,136.801,130.688,66.052,0.13,0.15
2016-09-26 00:00:00+00:00,65.19,47.693,76.779,108.195,17.99,20.635,102.439,18.587,26.964,206.24,562.872,6.607,133.356,130.971,66.187,0.13,0.15
2016-09-27 00:00:00+00:00,67.47,47.693,77.084,109.923,18.133,20.928,103.009,18.587,27.056,206.24,565.36,6.801,131.88,131.679,66.684,0.13,0.15
2016-09-28 00:00:00+00:00,71.983,47.654,77.797,111.615,18.369,22.302,104.293,18.846,27.56,208.006,573.1,6.996,129.42,133.521,67.316,0.13,0.15
2016-09-29 00:00:00+00:00,75.8,47.578,78.376,112.603,18.444,24.432,105.72,19.622,28.248,213.303,582.776,7.32,128.436,136.828,67.903,0.13,0.15
2016-09-30 00:00:00+00:00,77.55,47.232,78.445,112.92,18.301,26.208,106.481,20.398,28.707,218.6,590.24,7.417,124.991,139.992,68.084,0.13,0.15
2016-10-01 00:00:00+00:00,77.45,47.155,78.376,113.026,18.176,27.227,106.814,20.878,28.936,221.779,594.663,5.473,124.007,142.07,67.723,0.13,0.15
2016-10-02 00:00:00+00:00,76.65,47.27,78.342,112.638,18.189,27.86,107.004,21.026,28.982,222.838,597.428,4.955,124.991,143.818,67.135,0.13,0.15
2016-10-03 00:00:00+00:00,75.65,47.386,78.274,112.215,18.164,28.122,107.099,20.915,28.982,222.132,599.363,5.473,126.959,145.471,66.594,0.13,0.15
2016-10-04 00:00:00+00:00,74.65,47.424,78.274,112.109,18.139,28.045,107.052,20.915,28.89,222.132,599.363,5.992,126.467,147.077,66.097,0.13,0.15
2016-10-05 00:00:00+00:00,73.597,47.424,78.239,111.227,18.126,27.891,106.909,21.137,28.798,223.544,597.98,7.222,124.991,148.116,65.6,0.13,0.15
2016-10-06 00:00:00+00:00,72.553,47.386,78.205,109.676,18.151,27.628,106.719,21.396,28.752,225.31,596.045,7.708,123.515,148.494,65.329,0.13,0.15
2016-10-07 00:00:00+00:00,71.508,47.347,78.205,108.089,18.269,27.258,106.433,21.617,28.707,226.723,594.11,6.801,123.023,148.635,65.103,0.13,0.15
2016-10-08 00:00:00+00:00,70.462,47.347,78.205,106.432,18.294,26.872,106.148,21.765,28.661,227.782,591.622,5.57,124.499,148.777,64.877,0.13,0.15
2016-10-09 00:00:00+00:00,69.417,47.27,78.205,104.774,18.238,26.455,105.863,21.802,28.569,228.135,589.411,5.182,125.975,148.919,64.606,0.13,0.15
2016-10-10 00:00:00+00:00,68.278,47.232,78.171,103.117,18.214,26.007,105.577,21.765,28.431,227.782,586.923,4.502,126.959,149.013,64.381,0.13,0.15
2016-10-11 00:00:00+00:00,67.09,47.155,78.171,101.495,18.182,25.544,105.244,21.543,28.34,226.37,584.158,5.635,128.928,149.108,64.11,0.13,0.15
2016-10-12 00:00:00+00:00,65.903,47.155,78.205,99.732,18.22,25.05,104.912,21.285,28.202,224.604,581.394,6.445,129.912,149.202,63.839,0.13,0.15
2016-10-13 00:00:00+00:00,64.678,47.117,78.205,98.815,18.263,24.571,104.484,21.137,28.11,223.544,578.353,5.311,128.928,149.296,63.477,0.13,0.15
2016-10-14 00:00:00+00:00,63.436,47.078,78.171,99.661,17.865,24.077,104.103,21.026,28.019,222.838,575.312,5.052,126.959,149.391,63.116,0.13,0.15
2016-10-15 00:00:00+00:00,62.194,47.04,78.137,101.177,16.728,23.522,103.723,20.878,27.881,221.779,571.995,5.7,124.991,149.438,62.8,0.13,0.15
2016-10-16 00:00:00+00:00,60.952,47.04,78.103,102.658,15.311,22.981,103.342,20.73,27.744,220.719,568.954,5.279,123.515,149.533,62.529,0.13,0.15
2016-10-17 00:00:00+00:00,59.756,47.04,78.103,104.139,14.136,22.719,103.009,20.509,27.698,219.307,565.913,5.797,122.531,149.627,62.574,0.13,0.15
2016-10-18 00:00:00+00:00,58.514,47.078,78.137,105.621,13.259,22.688,102.676,20.139,27.744,216.835,563.148,7.676,122.531,149.722,62.71,0.13,0.15
2016-10-19 00:00:00+00:00,57.226,47.078,78.137,107.031,12.731,22.487,102.296,19.696,27.744,213.656,560.108,7.676,123.515,149.863,62.664,0.13,0.15
2016-10-20 00:00:00+00:00,55.984,47.078,78.137,108.477,12.495,22.117,101.868,19.326,27.698,211.184,556.514,7.481,124.007,149.91,62.574,0.13,0.15
2016-10-21 00:00:00+00:00,54.845,47.04,78.103,109.852,12.42,21.684,101.44,18.993,27.606,209.065,553.196,7.417,124.499,150.005,62.393,0.13,0.15
2016-10-22 00:00:00+00:00,53.684,47.002,78.103,111.192,12.383,21.422,100.964,18.698,27.56,206.946,549.603,7.028,122.531,150.099,61.897,0.13,0.15
2016-10-23 00:00:00+00:00,52.522,47.002,78.103,112.532,12.345,21.484,100.536,18.328,27.423,204.474,546.009,7.158,122.531,150.147,61.039,0.13,0.15
2016-10-24 00:00:00+00:00,51.359,46.963,78.103,113.872,12.296,21.669,100.108,17.959,27.331,202.002,542.415,7.384,121.546,150.194,60.0,0.13,0.15
2016-10-25 00:00:00+00:00,50.239,46.963,78.103,114.824,12.258,21.839,99.68,17.596,27.285,199.53,539.098,7.546,123.515,150.572,59.006,0.13,0.15
2016-10-26 00:00:00+00:00,49.201,47.078,78.171,115.001,12.221,22.055,99.252,17.319,27.239,197.411,535.504,7.417,130.404,151.469,58.013,0.13,0.15
2016-10-27 00:00:00+00:00,48.455,47.309,78.205,114.895,12.209,22.549,98.92,17.249,27.285,197.058,532.463,6.445,137.293,152.744,57.2,0.13,0.15
2016-10-28 00:00:00+00:00,47.666,47.539,78.205,114.859,12.234,23.151,98.539,17.423,27.331,198.118,529.422,6.056,135.325,154.02,56.387,0.13,0.15
2016-10-29 00:00:00+00:00,46.681,47.578,78.205,114.789,12.265,23.553,98.111,17.596,27.239,199.53,526.381,6.963,131.388,155.153,55.574,0.13,0.15
2016-10-30 00:00:00+00:00,45.784,47.693,78.239,114.683,12.289,24.0,97.731,17.596,27.147,199.53,523.064,7.222,127.451,156.287,54.535,0.13,0.15
2016-10-31 00:00:00+00:00,45.16,47.846,78.205,114.789,12.364,24.602,97.35,17.319,27.147,197.411,520.023,7.06,125.483,157.42,53.496,0.13,0.15
2016-11-01 00:00:00+00:00,44.692,47.808,78.205,115.177,12.544,25.112,96.97,16.972,27.147,194.939,516.982,6.931,127.944,158.318,52.638,0.13,0.15
2016-11-02 00:00:00+00:00,44.107,47.654,78.068,115.671,13.16,25.421,96.542,16.521,27.056,191.761,513.665,7.093,127.451,158.695,51.735,0.13,0.15
2016-11-03 00:00:00+00:00,43.444,47.501,77.593,115.459,14.757,25.668,96.114,15.932,26.964,187.523,510.348,7.481,128.928,158.79,50.741,0.13,0.15
2016-11-04 00:00:00+00:00,42.742,47.309,76.847,114.683,16.834,25.899,95.733,15.412,26.918,183.638,507.03,7.838,129.42,158.932,49.793,0.13,0.15
2016-11-05 00:00:00+00:00,41.923,47.117,76.067,113.943,18.624,26.1,95.305,14.961,26.826,180.46,503.713,6.477,130.404,159.026,48.845,0.13,0.15
2016-11-06 00:00:00+00:00,41.338,46.733,75.287,113.167,19.656,26.285,94.782,14.753,26.689,179.047,500.396,4.826,130.896,159.12,47.806,0.13,0.15
2016-11-07 00:00:00+00:00,41.143,46.08,74.507,112.321,19.873,26.424,94.307,14.719,26.551,178.694,496.802,4.987,129.912,159.168,46.677,0.13,0.15
2016-11-08 00:00:00+00:00,41.065,45.35,73.727,111.333,19.898,26.563,93.831,14.511,26.414,177.282,492.932,5.538,129.42,159.215,45.593,0.13,0.15
2016-11-09 00:00:00+00:00,40.987,44.621,72.947,110.381,19.904,26.687,93.356,14.268,26.368,175.516,489.614,6.089,128.928,159.309,44.464,0.13,0.15
2016-11-10 00:00:00+00:00,40.909,43.891,72.167,109.535,19.917,26.795,92.88,14.025,26.276,173.75,486.02,6.477,127.451,159.357,43.29,0.13,0.15
2016-11-11 00:00:00+00:00,40.792,43.123,71.353,108.724,19.911,26.903,92.404,13.783,26.139,171.984,482.427,6.575,126.467,159.451,42.115,0.13,0.15
2016-11-12 00:00:00+00:00,40.714,42.394,70.573,107.877,19.886,26.995,91.929,13.644,26.047,170.925,478.833,6.153,125.483,159.498,40.986,0.13,0.15
2016-11-13 00:00:00+00:00,40.597,41.664,69.793,107.031,19.886,27.103,91.453,13.575,25.909,170.572,475.516,5.441,123.515,159.593,39.812,0.13,0.15
2016-11-14 00:00:00+00:00,40.519,41.05,69.047,106.114,19.867,27.335,91.025,13.54,25.818,170.219,472.198,5.279,121.546,159.687,38.728,0.13,0.15
2016-11-15 00:00:00+00:00,40.558,40.55,68.335,105.233,19.736,27.675,90.55,13.54,25.726,170.219,468.881,5.409,120.07,159.829,37.753,0.13,0.15
2016-11-16 00:00:00+00:00,40.558,39.974,67.623,104.492,19.538,27.952,90.122,13.54,25.68,170.219,465.84,5.959,119.578,159.971,37.05,0.13,0.15
2016-11-17 00:00:00+00:00,40.48,39.36,66.877,103.681,19.339,28.184,89.694,13.54,25.634,170.219,463.076,6.769,119.578,160.16,36.269,0.13,0.15
2016-11-18 00:00:00+00:00,40.363,38.669,66.164,102.623,19.152,28.385,89.313,13.436,25.588,169.512,460.035,6.737,121.054,160.443,35.332,0.13,0.15
2016-11-19 00:00:00+00:00,40.285,37.978,65.418,101.495,18.997,28.57,88.838,13.436,25.451,169.512,456.994,6.348,122.038,160.726,34.395,0.13,0.15
2016-11-20 00:00:00+00:00,40.207,37.248,64.638,100.472,18.86,28.852,88.41,13.436,25.405,169.512,453.953,5.7,123.023,160.915,33.419,0.13,0.15
2016-11-21 00:00:00+00:00,40.129,36.48,63.858,99.591,18.736,28.852,87.934,13.401,25.313,169.159,450.636,5.797,122.531,161.057,32.678,0.13,0.15
2016-11-22 00:00:00+00:00,40.09,35.75,63.112,98.885,18.611,28.477,87.554,13.401,25.221,169.159,447.318,6.153,124.007,161.104,32.365,0.13,0.15
2016-11-23 00:00:00+00:00,40.012,34.982,62.332,98.215,18.487,28.122,87.078,13.297,25.176,168.453,444.001,5.862,124.007,161.104,32.365,0.13,0.15
2016-11-24 00:00:00+00:00,39.895,34.214,61.586,97.616,18.388,27.767,86.603,13.089,25.038,167.04,440.96,5.894,126.959,161.057,32.638,0.13,0.15
2016-11-25 00:00:00+00:00,39.856,33.562,60.806,97.087,18.325,27.582,86.175,13.055,24.946,166.687,437.643,4.696,129.912,161.057,32.912,0.13,0.15
2016-11-26 00:00:00+00:00,39.817,32.909,60.026,96.699,18.294,27.443,85.699,13.193,24.9,167.747,434.878,4.631,130.404,160.962,32.951,0.13,0.15
2016-11-27 00:00:00+00:00,39.663,32.141,59.246,96.205,18.313,27.103,85.224,13.089,24.809,167.04,431.561,6.542,131.388,160.868,32.795,0.13,0.15
2016-11-28 00:00:00+00:00,39.516,31.334,58.466,95.606,18.332,26.702,84.7,12.916,24.671,165.628,428.244,7.19,131.88,160.726,32.56,0.13,0.15
2016-11-29 00:00:00+00:00,39.369,30.566,57.686,95.112,18.276,26.254,84.225,12.708,24.579,164.215,424.926,7.676,133.849,160.537,32.326,0.13,0.15
2016-11-30 00:00:00+00:00,39.186,29.76,56.94,94.759,18.17,25.791,83.749,12.569,24.488,163.156,421.885,7.352,135.325,160.348,32.053,0.13,0.15
2016-12-01 00:00:00+00:00,38.965,28.915,56.16,94.372,18.114,25.297,83.226,12.5,24.396,162.802,418.568,6.801,133.849,160.16,31.78,0.13,0.15
2016-12-02 00:00:00+00:00,38.745,27.994,55.346,93.807,18.12,24.772,82.751,12.465,24.258,162.449,414.974,6.931,131.88,159.923,31.584,0.13,0.15
2016-12-03 00:00:00+00:00,38.487,27.072,54.566,93.243,18.145,24.232,82.228,12.223,24.121,160.684,411.38,7.028,131.388,159.687,31.623,0.13,0.15
2016-12-04 00:00:00+00:00,38.23,26.15,53.786,92.749,18.151,23.738,81.704,11.98,23.983,158.918,407.787,6.931,130.404,159.404,31.741,0.13,0.15
2016-12-05 00:00:00+00:00,37.936,25.267,53.006,92.362,18.139,23.228,81.181,11.737,23.846,157.152,404.469,7.06,128.436,159.12,31.858,0.13,0.15
2016-12-06 00:00:00+00:00,37.642,24.346,52.294,92.009,18.12,22.873,80.706,11.356,23.708,154.327,401.428,7.125,128.436,158.837,31.897,0.13,0.15
2016-12-07 00:00:00+00:00,37.826,24.0,51.616,91.868,18.164,23.074,80.325,10.905,23.662,151.148,399.77,6.834,130.896,158.743,32.209,0.13,0.15
2016-12-08 00:00:00+00:00,38.377,24.154,51.073,91.868,18.313,23.583,79.992,10.593,23.708,149.03,398.94,6.931,133.849,158.837,32.99,0.13,0.15
2016-12-09 00:00:00+00:00,38.634,24.077,50.463,92.185,18.406,23.877,79.66,10.42,23.8,147.617,397.835,7.255,137.293,158.932,33.732,0.13,0.15
2016-12-10 00:00:00+00:00,38.598,23.616,49.784,92.362,18.394,23.861,79.232,10.42,23.892,147.617,395.9,6.315,139.754,158.884,34.278,0.13,0.15
2016-12-11 00:00:00+00:00,38.414,22.963,49.004,92.115,18.363,23.63,78.804,10.524,23.846,148.323,393.412,4.826,140.246,158.743,34.591,0.13,0.15
2016-12-12 00:00:00+00:00,38.157,22.157,48.19,91.727,18.338,23.305,78.328,10.42,23.8,147.617,390.76,5.441,139.754,158.554,34.747,0.13,0.15
2016-12-13 00:00:00+00:00,37.863,21.312,47.309,91.304,18.301,22.842,77.805,10.177,23.708,145.851,388.339,7.093,138.769,158.318,34.864,0.13,0.15
2016-12-14 00:00:00+00:00,37.532,20.429,46.257,90.916,18.245,22.317,77.329,9.865,23.616,143.732,385.698,7.773,138.277,158.081,34.942,0.13,0.15
2016-12-15 00:00:00+00:00,37.164,19.507,45.003,90.563,18.182,21.762,76.854,9.588,23.479,141.613,383.276,7.838,136.309,157.845,35.098,0.13,0.15
2016-12-16 00:00:00+00:00,36.797,18.547,43.612,90.211,18.151,21.206,76.331,9.345,23.387,139.848,380.855,7.87,135.817,157.562,35.293,0.13,0.15
2016-12-17 00:00:00+00:00,36.393,17.626,42.222,89.964,18.139,20.619,75.855,9.137,23.25,138.435,378.214,7.611,132.864,157.278,35.449,0.13,0.15
2016-12-18 00:00:00+00:00,35.988,16.742,40.933,89.752,18.151,20.156,75.427,8.999,23.112,137.376,376.013,7.222,130.404,156.995,35.606,0.13,0.15
2016-12-19 00:00:00+00:00,35.657,16.013,39.814,89.505,18.189,19.909,75.047,8.86,22.974,136.316,373.812,7.158,128.436,156.712,35.84,0.13,0.15
2016-12-20 00:00:00+00:00,35.4,15.437,38.898,89.611,18.189,19.816,74.809,8.756,22.929,135.61,372.271,6.866,126.467,156.476,36.074,0.13,0.15
2016-12-21 00:00:00+00:00,35.216,14.784,38.118,90.034,18.189,19.523,74.524,8.687,22.929,135.257,371.171,6.737,124.991,156.287,36.113,0.13,0.15
2016-12-22 00:00:00+00:00,35.07,14.131,37.406,90.528,18.158,19.014,74.286,8.617,22.883,134.55,370.29,7.028,121.054,156.05,36.113,0.13,0.15
2016-12-23 00:00:00+00:00,34.886,13.517,36.796,90.739,18.151,18.504,74.0,8.652,22.837,134.904,369.19,5.603,121.546,155.909,36.152,0.13,0.15
2016-12-24 00:00:00+00:00,34.702,12.941,36.185,90.598,18.238,17.979,73.715,8.999,22.791,137.376,368.09,4.016,121.546,155.767,36.23,0.13,0.15
2016-12-25 00:00:00+00:00,34.592,12.403,35.609,90.422,18.307,17.516,73.43,9.38,22.791,140.201,366.769,3.822,122.038,155.625,36.66,0.13,0.15
2016-12-26 00:00:00+00:00,34.371,11.789,35.066,90.211,18.251,17.022,73.097,9.761,22.837,143.026,365.228,3.595,123.023,155.436,37.245,0.13,0.15
2016-12-27 00:00:00+00:00,34.004,11.059,34.591,89.893,18.145,16.451,72.669,10.073,22.745,145.145,363.247,4.502,122.531,155.2,37.753,0.13,0.15
2016-12-28 00:00:00+00:00,33.6,10.291,34.252,89.541,18.158,15.88,72.241,10.004,22.562,144.792,361.486,6.866,124.007,154.917,38.051,0.13,0.15
2016-12-29 00:00:00+00:00,33.305,9.715,33.811,89.47,18.176,15.355,71.86,9.831,22.516,143.379,360.386,6.607,126.467,154.728,38.096,0.13,0.15
2016-12-30 00:00:00+00:00,34.041,9.984,33.54,90.986,18.22,15.633,71.623,9.727,22.608,142.673,361.046,6.283,129.42,154.917,38.683,0.13,0.15
2016-12-31 00:00:00+00:00,35.327,10.253,33.506,93.878,18.307,16.296,71.48,9.692,22.883,142.32,363.247,7.19,130.404,155.436,39.36,0.13,0.15
2017-01-01 00:00:00+00:00,35.841,9.754,33.201,95.042,18.412,16.451,71.147,9.761,23.112,143.026,363.908,7.125,127.944,155.767,39.451,0.13,0.15
2017-01-02 00:00:00+00:00,35.952,8.986,32.455,94.407,18.555,16.451,70.767,9.831,23.204,143.379,363.247,6.315,130.404,155.862,39.722,0.13,0.15
2017-01-03 00:00:00+00:00,35.915,7.987,31.539,94.054,18.456,16.389,70.386,9.761,23.204,143.026,362.147,5.959,130.896,155.862,40.083,0.13,0.15
2017-01-04 00:00:00+00:00,35.731,6.874,30.657,93.561,18.294,16.235,69.911,9.727,23.158,142.673,359.726,6.769,129.912,155.814,40.309,0.13,0.15
2017-01-05 00:00:00+00:00,35.4,5.683,29.877,92.996,18.182,16.034,69.483,9.449,23.066,140.554,357.085,7.611,130.404,155.72,40.58,0.13,0.15
2017-01-06 00:00:00+00:00,34.886,4.685,29.131,93.208,18.002,15.849,69.055,8.999,22.929,137.376,355.324,8.064,130.896,155.625,40.806,0.13,0.15
2017-01-07 00:00:00+00:00,34.114,4.339,28.25,93.384,17.928,15.648,68.627,8.513,22.791,133.844,353.563,8.226,130.404,155.531,41.031,0.13,0.15
2017-01-08 00:00:00+00:00,33.195,4.147,27.266,93.349,17.977,15.432,68.151,8.097,22.699,131.019,351.582,8.226,130.404,155.436,41.257,0.13,0.15
2017-01-09 00:00:00+00:00,32.284,3.802,26.283,93.807,18.052,15.216,67.723,7.612,22.562,127.487,350.041,7.643,131.388,155.389,41.483,0.13,0.15
2017-01-10 00:00:00+00:00,31.492,3.494,25.333,95.324,18.083,15.015,67.39,7.032,22.516,123.25,349.161,6.413,130.896,155.389,41.799,0.13,0.15
2017-01-11 00:00:00+00:00,30.733,3.149,24.519,96.452,18.12,14.783,67.124,6.731,22.516,120.778,348.501,5.506,130.896,155.578,42.025,0.13,0.15
2017-01-12 00:00:00+00:00,29.908,2.918,23.739,95.853,18.263,14.521,66.784,6.63,22.47,120.071,347.18,5.894,127.944,155.673,42.206,0.13,0.15
2017-01-13 00:00:00+00:00,28.984,2.995,22.993,95.324,18.307,14.259,66.444,6.396,22.332,118.305,345.419,5.668,126.959,155.673,42.386,0.13,0.15
2017-01-14 00:00:00+00:00,27.994,3.072,22.315,95.183,18.294,14.027,66.104,6.161,22.241,116.54,343.879,4.696,128.436,155.673,42.567,0.13,0.15
2017-01-15 00:00:00+00:00,27.004,2.918,21.637,94.548,18.35,13.765,65.726,5.927,22.103,114.774,341.678,4.631,128.928,155.578,42.702,0.13,0.15
2017-01-16 00:00:00+00:00,26.014,2.688,20.857,93.525,18.344,13.502,65.31,5.592,21.966,112.302,339.036,5.862,130.404,155.436,42.838,0.13,0.15
2017-01-17 00:00:00+00:00,25.09,2.419,20.11,92.679,18.276,13.224,64.932,5.19,21.828,109.477,336.615,6.866,131.88,155.248,42.973,0.13,0.15
2017-01-18 00:00:00+00:00,24.25,2.342,19.432,91.938,18.282,12.993,64.554,4.888,21.736,107.005,334.634,7.06,131.388,155.011,43.154,0.13,0.15
2017-01-19 00:00:00+00:00,23.47,2.381,18.754,91.797,18.363,12.854,64.214,4.486,21.599,104.179,333.094,6.801,129.912,154.822,43.38,0.13,0.15
2017-01-20 00:00:00+00:00,22.69,2.381,18.11,91.974,18.301,12.761,63.874,4.319,21.461,102.767,331.553,6.639,127.944,154.681,43.606,0.13,0.15
2017-01-21 00:00:00+00:00,21.88,2.419,17.499,91.621,18.22,12.591,63.496,4.319,21.324,102.767,329.352,5.668,127.451,154.492,43.786,0.13,0.15
2017-01-22 00:00:00+00:00,21.01,2.419,16.855,90.881,18.232,12.36,63.08,4.319,21.232,102.767,326.711,4.858,127.451,154.208,43.922,0.13,0.15
2017-01-23 00:00:00+00:00,20.08,2.342,16.21,90.105,18.238,12.097,62.664,4.117,21.094,101.354,324.07,6.153,128.436,153.925,44.057,0.13,0.15
2017-01-24 00:00:00+00:00,19.201,2.266,15.6,89.541,18.251,11.819,62.248,3.749,21.003,98.529,322.089,7.028,128.436,153.642,44.193,0.13,0.15
2017-01-25 00:00:00+00:00,18.268,2.227,16.007,89.399,18.226,11.541,61.908,3.313,20.865,95.351,320.768,6.801,128.928,153.406,44.328,0.13,0.15
2017-01-26 00:00:00+00:00,17.28,2.266,17.635,88.976,18.232,11.263,61.568,2.945,20.727,92.525,319.668,6.056,127.944,153.122,44.509,0.13,0.15
2017-01-27 00:00:00+00:00,16.236,2.189,18.923,88.342,18.238,10.955,61.228,2.71,20.59,90.76,318.347,5.02,126.467,152.839,44.644,0.13,0.15
2017-01-28 00:00:00+00:00,15.166,2.189,19.432,87.672,18.251,10.631,60.887,2.71,20.452,90.76,317.246,4.793,124.991,152.603,44.78,0.13,0.15
2017-01-29 00:00:00+00:00,14.073,2.304,19.568,87.248,18.238,10.322,60.547,2.744,20.361,91.113,315.486,5.635,124.991,152.366,44.961,0.13,0.15
2017-01-30 00:00:00+00:00,13.09,2.266,19.602,86.719,18.195,9.998,60.131,2.61,20.177,90.053,312.624,6.445,123.515,152.036,45.096,0.13,0.15
2017-01-31 00:00:00+00:00,12.037,2.227,19.636,85.521,18.201,9.658,59.678,2.409,20.04,88.641,309.983,7.352,124.499,151.705,45.232,0.13,0.15
2017-02-01 00:00:00+00:00,10.914,2.266,19.67,84.392,18.232,9.303,59.3,2.175,19.948,86.875,307.562,7.805,123.023,151.327,45.367,0.13,0.15
2017-02-02 00:00:00+00:00,9.72,2.189,19.703,83.299,18.257,8.963,58.884,1.973,19.81,85.462,305.361,7.579,122.038,150.997,45.503,0.13,0.15
2017-02-03 00:00:00+00:00,8.649,2.112,19.737,82.276,18.257,8.624,58.468,2.141,19.673,86.522,302.72,7.481,121.546,150.572,45.683,0.13,0.15
2017-02-04 00:00:00+00:00,7.504,2.074,19.771,81.359,18.238,8.394,58.052,2.51,19.535,89.347,300.299,6.121,120.562,150.099,45.819,0.13,0.15
2017-02-05 00:00:00+00:00,6.204,2.112,19.805,80.725,18.232,8.224,57.674,2.945,19.398,92.525,298.098,4.534,121.054,149.627,45.954,0.13,0.15
2017-02-06 00:00:00+00:00,4.9,2.112,19.839,80.125,18.201,8.054,57.296,3.179,19.214,94.291,296.117,3.757,120.562,149.155,46.044,0.13,0.15
2017-02-07 00:00:00+00:00,4.004,2.035,19.839,78.997,18.195,7.926,56.881,3.213,19.077,94.644,293.916,3.482,122.038,148.494,46.09,0.13,0.15
2017-02-08 00:00:00+00:00,3.78,1.92,19.873,77.269,18.263,7.799,56.389,3.079,18.939,93.585,291.055,4.469,123.023,147.643,46.09,0.13,0.15
2017-02-09 00:00:00+00:00,3.796,1.843,19.873,75.435,18.269,7.622,55.936,2.744,18.801,91.113,287.973,6.575,123.515,146.604,46.18,0.13,0.15
2017-02-10 00:00:00+00:00,3.812,1.728,19.907,73.778,18.176,7.565,55.482,2.476,18.618,88.994,285.112,6.931,124.991,145.612,46.09,0.13,0.15
2017-02-11 00:00:00+00:00,3.828,1.69,19.941,72.226,18.133,7.608,55.028,2.543,18.435,89.7,282.03,4.728,124.991,144.526,45.819,0.13,0.15
2017-02-12 00:00:00+00:00,3.828,1.69,19.941,70.71,18.207,7.537,54.537,2.844,18.205,91.819,279.169,3.919,122.531,143.44,45.683,0.13,0.15
2017-02-13 00:00:00+00:00,3.828,1.69,19.941,69.158,18.269,7.473,54.008,2.878,18.022,92.172,275.868,4.534,120.562,142.306,45.593,0.13,0.15
2017-02-14 00:00:00+00:00,3.828,1.69,19.975,67.536,18.282,7.508,53.516,2.777,17.838,91.466,272.566,5.149,120.562,141.126,45.322,0.13,0.15
2017-02-15 00:00:00+00:00,3.828,1.613,19.975,65.985,18.282,7.551,52.987,2.51,17.655,89.347,269.485,5.927,121.054,139.85,45.051,0.13,0.15
2017-02-16 00:00:00+00:00,3.844,1.574,19.975,64.504,18.238,7.445,52.496,2.375,17.563,88.288,266.403,6.38,122.038,138.575,45.051,0.13,0.15
2017-02-17 00:00:00+00:00,3.86,1.536,20.009,63.446,18.201,7.324,52.004,2.275,17.38,87.581,263.322,6.121,122.038,137.3,45.006,0.13,0.15
2017-02-18 00:00:00+00:00,3.876,1.498,20.043,62.987,18.164,7.352,51.513,2.242,17.105,87.228,260.681,5.538,122.038,135.977,44.69,0.13,0.15
2017-02-19 00:00:00+00:00,3.908,1.536,20.11,62.247,18.158,7.409,51.059,2.242,16.967,87.228,258.26,5.052,123.023,134.749,44.464,0.13,0.15
2017-02-20 00:00:00+00:00,3.94,1.613,20.178,61.33,18.158,7.487,50.644,2.308,16.83,87.935,256.719,5.57,124.007,133.474,44.283,0.13,0.15
2017-02-21 00:00:00+00:00,4.004,1.766,20.314,62.106,18.114,7.558,50.303,2.409,16.784,88.641,255.618,4.89,124.499,132.246,44.102,0.13,0.15
2017-02-22 00:00:00+00:00,4.068,1.958,20.416,63.128,18.095,7.629,49.925,2.476,16.875,88.994,254.518,4.502,124.007,131.113,43.922,0.13,0.15
2017-02-23 00:00:00+00:00,4.1,2.112,20.45,62.846,18.108,7.678,49.51,2.375,16.875,88.288,253.197,5.538,123.023,129.885,43.696,0.13,0.15
2017-02-24 00:00:00+00:00,4.132,2.227,20.517,63.481,17.965,7.728,49.169,2.074,16.509,86.169,252.097,5.927,122.531,128.751,43.515,0.13,0.15
2017-02-25 00:00:00+00:00,4.18,2.342,20.551,65.244,17.785,7.785,48.829,1.94,16.096,85.109,251.877,5.635,124.499,127.665,43.29,0.13,0.15
2017-02-26 00:00:00+00:00,4.212,2.419,20.619,65.773,18.17,7.834,48.489,1.906,15.912,84.756,250.996,5.732,123.023,126.626,43.109,0.13,0.15
2017-02-27 00:00:00+00:00,4.26,2.496,20.687,66.267,18.562,7.898,48.111,1.739,15.867,83.697,249.456,5.7,121.054,125.681,42.973,0.13,0.15
2017-02-28 00:00:00+00:00,4.292,2.534,20.721,66.443,18.537,7.813,47.771,1.739,15.821,83.697,247.695,5.376,121.546,124.689,43.064,0.13,0.15
2017-03-01 00:00:00+00:00,4.308,2.496,20.755,65.279,18.468,7.572,47.355,1.739,15.683,83.697,246.154,5.7,123.023,123.792,43.38,0.13,0.15
2017-03-02 00:00:00+00:00,4.34,2.458,20.823,63.693,18.381,7.48,46.939,1.706,15.5,83.344,244.173,6.996,124.007,122.8,43.38,0.13,0.15
2017-03-03 00:00:00+00:00,4.372,2.419,20.857,61.824,18.35,7.537,46.561,1.605,15.316,82.637,243.073,7.028,124.499,121.761,43.154,0.13,0.15
2017-03-04 00:00:00+00:00,4.388,2.381,20.89,60.025,18.344,7.593,46.259,1.571,15.133,82.284,242.632,5.214,125.975,120.675,42.928,0.13,0.15
2017-03-05 00:00:00+00:00,4.404,2.304,20.924,58.509,18.381,7.508,45.881,1.504,14.995,81.931,241.532,5.376,127.451,119.588,42.973,0.13,0.15
2017-03-06 00:00:00+00:00,4.42,2.189,20.924,56.852,18.406,7.225,45.389,1.27,14.858,80.165,238.891,6.704,128.436,118.408,43.29,0.13,0.15
2017-03-07 00:00:00+00:00,4.436,2.112,20.958,55.029,18.338,6.906,44.898,1.002,14.491,78.046,236.03,7.643,130.404,117.227,43.606,0.13,0.15
2017-03-08 00:00:00+00:00,4.468,1.997,21.026,54.17,18.257,6.779,44.444,0.667,14.262,75.574,233.608,7.935,127.944,115.999,43.651,0.13,0.15
2017-03-09 00:00:00+00:00,4.484,1.882,21.06,53.65,18.214,6.828,43.991,0.578,14.262,72.396,231.628,8.291,125.975,114.771,43.425,0.13,0.15
2017-03-10 00:00:00+00:00,4.5,1.843,21.06,52.904,18.251,6.871,43.613,0.556,14.032,69.571,229.867,7.903,125.483,113.543,43.154,0.13,0.15
2017-03-11 00:00:00+00:00,4.5,1.766,21.094,53.017,18.269,6.913,43.31,0.538,13.757,67.452,229.206,5.959,125.483,112.268,42.928,0.13,0.15
2017-03-12 00:00:00+00:00,4.516,1.69,21.162,53.402,18.214,6.892,42.97,0.522,13.528,65.333,228.546,5.441,126.467,111.087,42.793,0.13,0.15
2017-03-13 00:00:00+00:00,4.548,1.574,21.23,53.469,18.114,6.871,42.668,0.506,13.344,63.214,227.446,6.51,124.991,109.953,42.702,0.13,0.15
2017-03-14 00:00:00+00:00,4.596,1.306,21.331,54.26,18.008,6.942,42.479,0.476,13.253,59.682,227.666,5.862,125.483,108.914,42.522,0.13,0.15
2017-03-15 00:00:00+00:00,4.612,1.114,21.433,54.419,17.984,6.949,42.214,0.46,13.069,57.564,227.225,5.506,123.023,107.922,42.431,0.13,0.15
2017-03-16 00:00:00+00:00,4.228,1.114,21.569,54.69,17.984,6.92,41.874,0.446,12.932,55.798,226.345,5.603,122.038,107.167,42.431,0.13,0.15
2017-03-17 00:00:00+00:00,3.22,1.267,21.67,56.358,17.984,6.977,41.609,0.426,13.023,53.326,226.345,5.052,122.038,106.694,42.341,0.13,0.15
2017-03-18 00:00:00+00:00,2.05,1.344,21.704,57.839,18.046,7.062,41.345,0.414,12.702,51.913,225.905,4.372,119.578,106.458,42.16,0.13,0.15
2017-03-19 00:00:00+00:00,1.238,1.152,21.772,57.416,18.139,6.998,41.042,0.406,12.29,50.854,224.804,5.085,119.578,106.175,42.206,0.13,0.15
2017-03-20 00:00:00+00:00,0.863,0.883,21.908,56.711,18.245,6.694,40.74,0.396,12.29,49.441,224.144,5.311,118.594,105.608,42.657,0.13,0.15
2017-03-21 00:00:00+00:00,0.713,0.691,21.976,57.381,18.294,6.276,40.475,0.378,12.244,47.322,222.824,5.214,120.562,104.994,43.199,0.13,0.15
2017-03-22 00:00:00+00:00,0.6,0.538,21.976,57.063,18.562,5.808,40.022,0.356,12.015,44.497,219.962,6.251,118.594,104.333,43.696,0.13,0.15
2017-03-23 00:00:00+00:00,0.537,0.384,22.01,55.688,19.028,5.277,39.53,0.324,11.694,40.612,217.321,6.963,119.086,103.624,44.283,0.13,0.15
2017-03-24 00:00:00+00:00,0.487,0.538,22.043,54.825,19.364,4.703,39.039,0.296,11.418,37.081,214.68,6.542,121.546,102.869,44.78,0.13,0.15
2017-03-25 00:00:00+00:00,0.438,0.845,22.043,54.125,19.668,4.094,38.774,0.268,11.281,33.549,213.579,6.089,123.515,102.066,45.277,0.13,0.15
2017-03-26 00:00:00+00:00,0.4,1.075,22.077,53.469,19.979,3.74,38.623,0.246,11.097,30.724,212.259,7.417,123.515,101.263,46.09,0.13,0.15
2017-03-27 00:00:00+00:00,0.525,1.574,22.111,52.791,20.315,3.91,38.321,0.238,10.914,29.665,209.397,7.449,124.991,100.46,47.038,0.13,0.15
2017-03-28 00:00:00+00:00,0.7,2.342,22.145,52.091,20.669,4.144,38.056,0.24,10.731,30.018,206.756,6.607,127.944,99.657,47.851,0.13,0.15
2017-03-29 00:00:00+00:00,0.812,2.534,22.213,51.39,21.011,3.995,37.754,0.238,10.547,29.665,203.895,6.963,129.912,98.807,48.574,0.13,0.15
2017-03-30 00:00:00+00:00,1.025,2.381,22.349,50.757,21.079,3.91,37.489,0.232,10.364,28.958,201.474,7.643,130.404,97.957,49.477,0.13,0.15
2017-03-31 00:00:00+00:00,1.45,2.496,22.518,50.192,20.75,4.37,37.376,0.238,10.41,29.665,199.933,7.449,132.372,97.201,50.651,0.13,0.15
2017-04-01 00:00:00+00:00,2.15,2.65,22.756,49.65,20.371,5.022,37.338,0.266,10.593,33.196,198.833,6.38,134.833,96.492,51.78,0.13,0.15
2017-04-02 00:00:00+00:00,2.964,2.342,22.993,49.175,20.109,5.369,37.225,0.29,10.822,36.375,196.632,7.06,134.833,95.878,52.819,0.13,0.15
2017-04-03 00:00:00+00:00,3.54,1.92,23.197,48.61,19.898,5.454,36.998,0.302,11.189,37.787,194.21,8.064,135.817,95.217,53.632,0.13,0.15
2017-04-04 00:00:00+00:00,3.828,1.805,23.366,47.706,19.774,5.39,36.733,0.316,11.602,39.553,192.45,6.898,138.277,94.509,54.309,0.13,0.15
2017-04-05 00:00:00+00:00,3.972,1.459,23.468,46.667,19.724,5.235,36.431,0.328,11.739,40.965,190.689,6.898,138.277,93.659,54.806,0.13,0.15
2017-04-06 00:00:00+00:00,4.116,1.306,23.536,45.763,19.618,5.164,36.166,0.336,11.831,42.025,188.928,7.449,135.817,92.808,55.438,0.13,0.15
2017-04-07 00:00:00+00:00,4.292,1.536,23.637,44.881,19.463,5.213,35.864,0.356,11.923,44.497,187.167,6.769,133.356,91.958,56.251,0.13,0.15
2017-04-08 00:00:00+00:00,4.436,1.69,23.705,44.588,19.015,5.242,35.599,0.386,11.923,48.382,184.966,5.085,133.849,91.061,57.019,0.13,0.15
2017-04-09 00:00:00+00:00,4.644,1.728,23.807,45.469,17.99,5.355,35.486,0.42,12.152,52.619,184.746,3.822,135.325,90.258,57.832,0.13,0.15
2017-04-10 00:00:00+00:00,4.868,2.15,23.943,46.079,17.144,5.398,35.41,0.448,12.381,56.151,185.847,3.724,133.356,89.597,58.555,0.13,0.15
2017-04-11 00:00:00+00:00,4.932,2.496,24.01,45.695,16.821,5.192,35.221,0.468,12.565,58.623,185.847,4.275,130.896,88.936,59.097,0.13,0.15
2017-04-12 00:00:00+00:00,4.932,2.15,24.112,46.011,15.969,4.866,35.032,0.472,12.794,58.976,186.287,5.376,130.896,88.18,59.593,0.13,0.15
2017-04-13 00:00:00+00:00,4.9,1.69,24.18,46.689,14.838,4.462,34.881,0.468,12.84,58.623,186.507,6.251,129.42,87.471,60.045,0.13,0.15
2017-04-14 00:00:00+00:00,4.82,1.421,24.248,46.644,14.241,3.953,34.654,0.454,12.794,56.857,185.406,6.769,130.404,86.763,60.451,0.13,0.15
2017-04-15 00:00:00+00:00,4.708,1.344,24.282,45.876,14.192,3.336,34.465,0.432,12.794,54.032,185.186,6.38,132.864,86.054,60.813,0.13,0.15
2017-04-16 00:00:00+00:00,4.564,1.69,24.35,44.678,14.453,2.677,34.238,0.42,12.748,52.619,185.627,5.538,133.356,85.299,61.039,0.13,0.15
2017-04-17 00:00:00+00:00,4.436,2.112,24.383,43.39,14.726,2.033,33.898,0.414,12.657,51.913,184.086,4.307,135.817,84.449,61.174,0.13,0.15
2017-04-18 00:00:00+00:00,4.34,2.381,24.417,41.943,15.074,1.395,33.369,0.412,12.381,51.56,180.564,4.826,136.801,83.268,61.219,0.13,0.15
2017-04-19 00:00:00+00:00,4.292,2.573,24.451,40.768,15.211,0.914,32.878,0.396,12.152,49.441,177.043,7.028,136.801,82.04,61.219,0.13,0.15
2017-04-20 00:00:00+00:00,4.292,2.65,24.553,40.181,14.975,1.084,32.537,0.366,12.152,45.91,175.062,8.032,135.325,81.001,61.084,0.13,0.15
2017-04-21 00:00:00+00:00,4.308,2.381,24.621,39.525,14.813,1.665,32.197,0.356,12.106,44.497,173.081,7.158,133.849,79.962,60.677,0.13,0.15
2017-04-22 00:00:00+00:00,4.26,1.958,24.655,38.553,14.888,2.075,31.819,0.366,11.877,45.91,170.628,5.635,132.864,78.828,60.271,0.13,0.15
2017-04-23 00:00:00+00:00,4.196,1.651,24.824,37.559,14.987,2.04,31.403,0.366,11.831,45.91,168.898,6.283,130.896,77.695,60.09,0.13,0.15
2017-04-24 00:00:00+00:00,4.116,1.382,24.892,36.429,15.161,1.495,30.988,0.348,11.831,43.438,167.168,8.0,131.88,76.514,60.135,0.13,0.15
2017-04-25 00:00:00+00:00,3.988,1.229,24.858,35.209,15.354,0.878,30.572,0.324,11.648,40.612,165.438,7.708,130.404,75.239,60.135,0.13,0.15
2017-04-26 00:00:00+00:00,3.844,1.306,24.858,34.079,15.472,0.397,30.08,0.31,11.464,38.847,163.078,7.093,131.88,73.916,60.09,0.13,0.15
2017-04-27 00:00:00+00:00,3.668,1.459,24.892,32.971,15.572,0.425,29.513,0.3,11.51,37.434,160.405,7.579,131.388,72.546,59.955,0.13,0.15
2017-04-28 00:00:00+00:00,3.492,1.498,24.926,31.864,15.646,0.836,29.103,0.276,11.648,34.609,157.731,7.967,131.88,71.082,59.684,0.13,0.15
2017-04-29 00:00:00+00:00,3.316,1.421,24.96,31.05,15.553,1.183,28.779,0.254,11.464,31.784,155.529,7.158,133.356,69.618,59.458,0.13,0.15
2017-04-30 00:00:00+00:00,3.124,1.267,24.96,30.576,15.255,1.544,28.482,0.246,11.052,30.724,153.799,5.473,133.849,68.154,59.232,0.13,0.15
2017-05-01 00:00:00+00:00,2.932,1.267,24.994,29.92,15.087,1.757,28.185,0.238,10.914,29.665,151.754,5.02,132.372,66.737,59.142,0.13,0.15
2017-05-02 00:00:00+00:00,2.74,1.421,24.994,28.994,15.168,1.785,27.888,0.222,10.776,27.899,149.709,6.121,131.88,65.273,59.277,0.13,0.15
2017-05-03 00:00:00+00:00,2.564,1.574,25.028,28.316,15.155,1.87,27.645,0.204,10.593,25.427,148.136,6.477,132.372,63.903,59.593,0.13,0.15
2017-05-04 00:00:00+00:00,2.45,1.766,25.096,27.638,15.23,2.132,27.456,0.198,10.547,24.721,146.249,6.477,132.864,62.581,60.045,0.13,0.15
2017-05-05 00:00:00+00:00,2.45,2.112,25.163,26.824,15.621,2.84,27.375,0.206,10.639,25.78,144.519,6.639,134.341,61.447,60.813,0.13,0.15
2017-05-06 00:00:00+00:00,2.628,2.458,25.299,27.366,15.41,3.754,27.51,0.226,11.052,28.252,144.204,5.247,134.833,60.597,61.671,0.13,0.15
2017-05-07 00:00:00+00:00,2.916,3.61,25.469,28.067,15.124,4.491,27.672,0.256,11.51,32.137,144.204,4.178,135.817,59.841,62.213,0.13,0.15
2017-05-08 00:00:00+00:00,3.012,5.107,25.604,27.276,15.596,5.114,27.672,0.274,11.831,34.256,143.26,4.761,134.833,58.944,62.303,0.13,0.15
2017-05-09 00:00:00+00:00,2.916,5.798,25.706,26.078,16.106,5.582,27.51,0.28,12.152,34.962,141.53,5.506,134.833,57.858,62.348,0.13,0.15
2017-05-10 00:00:00+00:00,2.692,6.298,25.808,25.174,16.324,5.808,27.267,0.276,12.381,34.609,139.643,6.056,135.817,56.63,62.619,0.13,0.15
2017-05-11 00:00:00+00:00,2.425,6.72,25.876,24.88,16.131,5.837,27.024,0.262,12.519,32.843,138.385,6.413,136.309,55.354,63.161,0.13,0.15
2017-05-12 00:00:00+00:00,2.237,7.066,25.977,25.739,15.261,5.971,26.835,0.252,12.611,31.43,137.441,6.024,135.817,54.126,63.568,0.13,0.15
2017-05-13 00:00:00+00:00,2.15,7.526,26.079,27.389,14.08,6.361,26.727,0.246,12.886,30.724,137.598,5.344,134.833,53.182,63.884,0.13,0.15
2017-05-14 00:00:00+00:00,2.188,8.179,26.283,28.09,13.806,6.906,26.781,0.248,13.436,31.077,137.913,6.283,133.356,52.71,64.742,0.13,0.15
2017-05-15 00:00:00+00:00,2.5,9.37,26.723,28.474,14.266,7.806,27.213,0.274,14.124,34.256,139.171,6.542,132.372,52.757,66.548,0.13,0.15
2017-05-16 00:00:00+00:00,3.364,11.251,27.47,29.92,14.764,9.92,28.374,0.328,15.27,40.965,142.946,4.113,133.849,53.654,69.032,0.13,0.15
2017-05-17 00:00:00+00:00,5.044,14.707,28.792,32.203,16.137,15.03,31.744,0.432,17.196,54.032,152.383,5.214,136.309,56.582,72.826,0.13,0.15
2017-05-18 00:00:00+00:00,6.825,19.046,30.454,34.689,17.623,20.141,36.355,0.556,19.443,69.571,164.966,7.222,139.754,60.644,76.484,0.13,0.15
2017-05-19 00:00:00+00:00,7.465,22.541,31.946,36.858,18.077,23.228,40.06,1.337,21.324,80.518,178.804,5.927,160.421,64.092,78.08,0.13,0.15
2017-05-20 00:00:00+00:00,7.601,25.459,33.167,38.779,18.046,25.961,43.424,2.543,23.02,89.7,194.431,5.959,161.406,67.209,78.719,0.13,0.15
2017-05-21 00:00:00+00:00,7.485,27.763,33.777,40.565,17.729,27.937,45.843,3.581,24.442,97.47,206.976,6.251,157.469,69.807,78.673,0.13,0.15
2017-05-22 00:00:00+00:00,7.019,29.376,33.913,42.079,17.194,29.645,47.166,4.151,25.497,101.707,216.881,5.635,152.056,71.885,78.171,0.13,0.15
2017-05-23 00:00:00+00:00,6.418,30.643,34.015,43.458,16.566,31.053,48.224,4.486,26.23,104.179,226.785,6.186,146.643,73.822,77.577,0.13,0.15
2017-05-24 00:00:00+00:00,5.933,31.987,34.388,44.836,15.976,32.282,49.623,4.955,26.826,107.711,236.69,7.255,144.182,75.994,77.167,0.13,0.15
2017-05-25 00:00:00+00:00,5.913,33.638,35.032,46.215,15.559,33.767,51.626,5.491,27.468,111.596,246.154,6.834,138.277,78.545,76.984,0.13,0.15
2017-05-26 00:00:00+00:00,6.515,35.635,35.846,47.639,15.366,35.636,54.046,5.96,28.11,115.127,257.379,5.603,132.372,81.331,76.984,0.13,0.15
2017-05-27 00:00:00+00:00,7.33,37.555,36.66,49.04,15.23,37.812,56.389,6.529,28.844,119.365,270.585,5.506,133.356,84.165,76.665,0.13,0.15
2017-05-28 00:00:00+00:00,7.95,39.245,37.372,50.351,15.031,39.706,58.43,6.998,29.44,122.896,283.571,5.506,131.88,87.046,76.304,0.13,0.15
2017-05-29 00:00:00+00:00,8.397,40.896,38.05,50.644,15.447,41.063,60.018,7.267,29.761,125.015,293.696,5.409,129.42,89.927,76.123,0.13,0.15
2017-05-30 00:00:00+00:00,8.61,42.278,38.627,50.961,15.634,41.984,61.152,7.612,30.082,127.487,302.06,5.732,131.388,92.336,75.897,0.13,0.15
2017-05-31 00:00:00+00:00,8.494,43.2,39.0,51.322,15.472,42.471,61.795,7.959,30.082,129.959,308.662,6.251,130.896,94.131,75.626,0.13,0.15
2017-06-01 00:00:00+00:00,8.261,44.006,39.373,50.803,15.851,42.727,62.135,8.305,30.036,132.432,312.844,6.186,128.928,95.312,75.581,0.13,0.15
2017-06-02 00:00:00+00:00,8.067,44.851,39.814,51.3,15.59,42.932,62.551,8.617,30.174,134.55,317.907,5.473,131.88,96.209,75.626,0.13,0.15
2017-06-03 00:00:00+00:00,8.067,45.965,40.39,52.837,14.726,43.341,63.344,8.999,30.174,137.376,324.95,5.765,132.864,97.39,75.4,0.13,0.15
2017-06-04 00:00:00+00:00,8.261,47.117,41.035,54.328,14.036,43.853,64.252,9.38,29.945,140.201,332.874,5.992,130.896,98.76,74.633,0.13,0.15
2017-06-05 00:00:00+00:00,9.405,47.693,41.713,56.005,13.514,44.237,65.197,9.761,29.807,143.026,341.017,4.826,128.928,100.413,73.729,0.13,0.15
2017-06-06 00:00:00+00:00,12.575,48.387,43.273,58.65,13.446,46.669,67.533,10.455,30.77,147.97,352.242,5.344,128.928,103.341,74.994,0.13,0.15
2017-06-07 00:00:00+00:00,16.182,48.852,44.833,60.131,14.378,49.92,70.767,11.183,31.779,153.267,364.568,7.773,131.388,106.694,76.801,0.13,0.15
2017-06-08 00:00:00+00:00,18.762,48.581,45.24,61.224,15.006,51.072,72.526,11.841,31.917,157.858,373.372,7.903,148.119,109.198,76.893,0.13,0.15
2017-06-09 00:00:00+00:00,20.83,48.542,45.545,63.657,14.832,51.789,74.619,12.673,32.1,163.862,382.616,7.741,153.04,111.937,77.167,0.13,0.15
2017-06-10 00:00:00+00:00,22.93,48.542,46.054,66.055,14.745,52.301,76.711,13.436,32.193,169.512,392.859,8.064,154.516,114.912,77.167,0.13,0.15
2017-06-11 00:00:00+00:00,24.76,48.542,46.529,68.136,14.484,52.173,77.852,13.991,32.333,173.397,403.64,7.741,165.342,117.227,76.484,0.13,0.15
2017-06-12 00:00:00+00:00,26.476,48.503,47.037,70.075,14.335,52.148,78.708,14.407,32.472,176.575,412.763,7.514,162.882,119.21,75.942,0.13,0.15
2017-06-13 00:00:00+00:00,27.829,48.232,47.444,71.874,14.527,52.276,79.279,14.753,32.333,179.047,420.227,6.737,154.024,120.769,75.852,0.13,0.15
2017-06-14 00:00:00+00:00,28.72,48.0,47.817,73.566,14.77,52.429,79.802,14.961,32.147,180.46,426.861,5.765,146.151,121.997,75.987,0.13,0.15
2017-06-15 00:00:00+00:00,29.677,47.923,48.224,75.118,14.906,52.583,80.42,15.343,32.193,183.285,432.667,5.797,140.246,123.414,76.168,0.13,0.15
2017-06-16 00:00:00+00:00,30.7,47.962,48.665,76.634,14.987,52.736,81.134,15.793,32.193,186.464,438.472,5.927,136.309,124.784,76.304,0.13,0.15
2017-06-17 00:00:00+00:00,31.987,48.077,49.106,78.045,15.031,52.89,81.657,16.279,32.054,189.995,442.342,6.283,134.341,126.201,76.439,0.13,0.15
2017-06-18 00:00:00+00:00,33.746,48.232,49.581,79.455,15.068,53.018,82.037,16.903,32.147,194.586,444.554,6.639,134.833,127.712,76.575,0.13,0.15
2017-06-19 00:00:00+00:00,35.437,48.039,49.954,80.689,15.112,53.095,82.228,17.457,32.286,198.471,446.765,6.477,132.864,128.987,76.62,0.13,0.15
2017-06-20 00:00:00+00:00,36.723,47.808,50.259,81.677,15.124,53.018,82.275,17.996,32.286,202.355,448.424,6.121,131.88,129.932,76.575,0.13,0.15
2017-06-21 00:00:00+00:00,37.091,47.923,50.497,82.523,15.074,52.813,82.18,18.328,32.193,204.474,448.977,5.603,127.944,130.735,76.439,0.13,0.15
2017-06-22 00:00:00+00:00,37.164,48.503,50.768,83.405,15.006,52.66,82.323,18.55,32.193,205.887,450.359,5.959,128.928,131.679,76.394,0.13,0.15
2017-06-23 00:00:00+00:00,37.826,48.968,51.107,84.286,14.944,52.583,82.703,18.735,32.147,207.299,453.953,6.607,128.928,132.718,76.439,0.13,0.15
2017-06-24 00:00:00+00:00,39.186,49.2,51.548,85.238,14.913,52.455,83.036,18.883,32.193,208.359,458.652,7.449,128.928,133.852,76.439,0.13,0.15
2017-06-25 00:00:00+00:00,40.831,49.239,52.057,86.226,14.994,52.301,83.274,19.067,32.379,209.418,463.076,8.032,127.944,135.033,76.394,0.13,0.15
2017-06-26 00:00:00+00:00,42.118,49.045,52.396,87.072,15.118,52.122,83.464,19.178,32.379,210.125,466.669,7.222,128.436,135.977,76.258,0.13,0.15
2017-06-27 00:00:00+00:00,42.82,48.89,52.633,87.848,15.186,51.892,83.607,19.252,32.24,210.831,469.987,5.862,128.928,136.875,76.123,0.13,0.15
2017-06-28 00:00:00+00:00,43.405,48.89,52.904,88.659,15.192,51.61,83.749,19.437,32.147,211.89,472.751,5.765,132.372,137.772,75.987,0.13,0.15
2017-06-29 00:00:00+00:00,44.146,48.968,53.176,89.435,15.143,51.303,83.94,19.511,32.147,212.597,475.792,6.024,132.372,138.717,75.852,0.13,0.15
2017-06-30 00:00:00+00:00,44.965,48.929,53.447,90.175,14.994,51.021,84.13,19.585,32.008,212.95,478.833,6.218,129.912,139.661,75.716,0.13,0.15
2017-07-01 00:00:00+00:00,45.823,48.929,53.718,90.916,14.782,50.688,84.272,19.622,32.008,213.303,481.597,6.898,129.42,140.559,75.536,0.13,0.15
2017-07-02 00:00:00+00:00,46.603,48.929,53.956,90.563,15.18,50.33,84.415,19.77,32.1,214.362,484.638,6.251,128.928,141.409,75.491,0.13,0.15
2017-07-03 00:00:00+00:00,47.071,48.813,54.125,88.906,16.286,49.946,84.51,19.954,32.1,215.422,487.126,5.506,126.959,141.928,75.536,0.13,0.15
2017-07-04 00:00:00+00:00,47.227,48.658,54.295,87.354,17.349,49.485,84.463,20.25,31.962,217.541,487.956,5.927,129.912,142.165,75.671,0.13,0.15
2017-07-05 00:00:00+00:00,47.188,48.581,54.43,85.979,18.058,48.999,84.32,20.62,31.687,220.013,487.679,6.445,129.42,142.212,75.807,0.13,0.15
2017-07-06 00:00:00+00:00,47.071,48.581,54.532,84.533,18.431,48.538,84.13,20.915,31.504,222.132,486.573,7.352,129.42,142.165,76.033,0.13,0.15
2017-07-07 00:00:00+00:00,47.032,48.619,54.702,83.193,18.667,48.128,83.94,21.211,31.504,223.898,485.191,7.773,131.388,142.07,76.304,0.13,0.15
2017-07-08 00:00:00+00:00,47.11,48.697,54.871,81.959,18.854,48.026,83.797,21.396,31.366,225.31,484.362,6.737,133.849,141.976,76.258,0.13,0.15
2017-07-09 00:00:00+00:00,47.266,48.697,55.007,80.866,19.003,48.231,83.654,21.728,31.137,227.429,483.809,5.732,136.801,141.787,75.897,0.13,0.15
2017-07-10 00:00:00+00:00,47.5,48.735,55.21,79.914,19.14,48.256,83.607,21.876,31.091,228.488,482.98,6.639,141.23,141.645,75.807,0.13,0.15
2017-07-11 00:00:00+00:00,47.749,48.774,55.414,80.548,18.661,48.18,83.607,21.913,31.183,228.842,482.15,7.417,140.246,141.456,75.716,0.13,0.15
2017-07-12 00:00:00+00:00,47.915,48.697,55.55,82.488,17.592,48.077,83.654,21.876,31.045,228.488,483.256,6.898,138.769,141.314,75.4,0.13,0.15
2017-07-13 00:00:00+00:00,47.874,48.619,55.651,84.216,16.865,47.693,83.749,21.543,30.862,226.37,484.915,7.449,135.325,141.173,75.039,0.13,0.15
2017-07-14 00:00:00+00:00,47.666,48.542,55.753,85.803,16.666,47.181,83.702,21.285,30.77,224.604,484.915,8.194,133.849,141.126,74.587,0.13,0.15
2017-07-15 00:00:00+00:00,47.749,48.658,55.957,87.248,16.653,46.644,83.702,21.1,30.633,223.191,485.191,6.996,133.849,141.314,74.271,0.13,0.15
2017-07-16 00:00:00+00:00,48.205,48.813,56.16,88.483,16.647,46.157,83.797,20.841,30.587,221.425,486.573,5.894,135.325,141.645,74.136,0.13,0.15
2017-07-17 00:00:00+00:00,48.662,48.813,56.363,88.342,17.244,45.696,83.749,20.583,30.541,219.66,487.126,6.218,134.833,141.976,74.045,0.13,0.15
2017-07-18 00:00:00+00:00,48.87,48.697,56.499,87.037,18.214,45.159,83.654,20.324,30.312,217.894,487.126,5.83,135.325,142.165,73.865,0.13,0.15
2017-07-19 00:00:00+00:00,48.911,48.619,56.601,85.979,18.68,44.596,83.512,20.25,30.128,217.541,486.85,4.858,134.341,142.165,73.729,0.13,0.15
2017-07-20 00:00:00+00:00,48.953,48.697,56.737,84.956,18.916,44.058,83.369,20.25,30.082,217.541,486.297,5.635,134.341,142.165,73.594,0.13,0.15
2017-07-21 00:00:00+00:00,49.118,48.735,56.872,83.616,19.295,43.572,83.179,20.324,29.945,217.894,485.191,6.704,132.864,142.117,73.413,0.13,0.15
2017-07-22 00:00:00+00:00,49.284,48.697,57.008,83.228,19.301,43.085,83.036,20.398,29.761,218.6,484.638,6.121,131.88,141.928,73.232,0.13,0.15
2017-07-23 00:00:00+00:00,49.409,48.697,57.11,83.158,19.202,42.573,82.988,20.657,29.67,220.366,484.362,6.153,131.88,141.834,73.052,0.13,0.15
2017-07-24 00:00:00+00:00,49.492,48.658,57.245,82.029,19.451,42.112,82.846,20.989,29.578,222.485,483.532,7.741,132.372,141.645,72.916,0.13,0.15
2017-07-25 00:00:00+00:00,49.451,48.581,57.347,81.042,19.482,41.626,82.703,21.248,29.349,224.251,482.703,8.453,130.404,141.409,72.736,0.13,0.15
2017-07-26 00:00:00+00:00,49.534,48.735,57.483,80.302,19.32,41.268,82.608,21.47,29.257,225.663,482.427,7.287,128.928,141.173,72.691,0.13,0.15
2017-07-27 00:00:00+00:00,49.99,48.852,57.618,79.42,19.451,41.165,82.703,21.617,29.257,226.723,482.98,6.737,132.372,141.031,72.736,0.13,0.15
2017-07-28 00:00:00+00:00,50.571,48.89,57.754,79.949,19.451,41.165,83.036,21.765,29.303,227.782,485.191,6.866,134.341,140.937,72.826,0.13,0.15
2017-07-29 00:00:00+00:00,51.193,48.89,57.957,81.959,19.053,41.319,83.464,22.024,29.119,229.548,489.061,6.963,134.341,140.937,73.007,0.13,0.15
2017-07-30 00:00:00+00:00,52.189,49.045,58.195,82.664,18.941,41.754,83.94,22.246,29.073,230.961,492.932,7.352,132.372,141.078,73.368,0.13,0.15
2017-07-31 00:00:00+00:00,53.476,49.123,58.432,83.334,18.754,42.036,84.415,22.357,29.073,231.667,494.867,7.352,131.388,141.267,73.639,0.13,0.15
2017-08-01 00:00:00+00:00,54.638,49.045,58.636,83.757,18.717,42.036,84.7,22.541,28.982,233.079,497.078,7.708,132.372,141.456,73.729,0.13,0.15
2017-08-02 00:00:00+00:00,55.593,49.045,58.941,84.322,18.524,42.573,85.366,22.615,29.028,233.433,502.054,8.583,133.849,141.834,74.497,0.13,0.15
2017-08-03 00:00:00+00:00,56.582,49.006,59.246,86.332,17.965,43.93,86.508,22.8,29.211,234.845,506.754,8.486,135.817,142.354,75.807,0.13,0.15
2017-08-04 00:00:00+00:00,57.41,48.89,59.45,88.059,17.896,45.236,87.411,23.059,29.44,236.611,509.795,7.222,140.738,142.826,76.213,0.13,0.15
2017-08-05 00:00:00+00:00,57.824,48.813,59.619,89.435,17.89,46.08,87.934,23.17,29.44,237.317,512.836,6.315,140.738,143.204,75.762,0.13,0.15
2017-08-06 00:00:00+00:00,58.146,48.813,59.755,90.634,17.747,46.336,88.315,23.022,29.394,236.258,515.876,5.797,138.769,143.629,75.536,0.13,0.15
2017-08-07 00:00:00+00:00,58.514,48.813,59.89,91.692,17.548,46.106,88.648,22.541,29.394,233.079,518.641,5.894,134.833,144.148,75.581,0.13,0.15
2017-08-08 00:00:00+00:00,58.744,48.697,60.06,91.374,17.99,46.183,88.885,22.246,29.394,230.961,520.576,6.51,134.833,144.668,75.987,0.13,0.15
2017-08-09 00:00:00+00:00,58.744,48.658,60.162,90.457,18.829,46.567,88.98,22.135,29.532,230.254,521.405,7.125,131.88,144.998,76.575,0.13,0.15
2017-08-10 00:00:00+00:00,58.606,48.581,60.263,90.951,19.009,46.874,88.933,21.876,29.486,228.488,520.852,7.352,133.849,145.282,76.71,0.13,0.15
2017-08-11 00:00:00+00:00,58.514,48.581,60.399,92.079,18.754,47.053,88.98,21.47,29.394,225.663,520.852,6.542,135.817,145.612,76.484,0.13,0.15
2017-08-12 00:00:00+00:00,58.376,48.581,60.467,93.067,18.468,47.002,89.123,21.1,29.486,223.191,521.958,5.765,136.309,145.99,76.213,0.13,0.15
2017-08-13 00:00:00+00:00,58.054,48.542,60.535,93.984,18.151,46.746,89.028,20.878,29.486,221.779,521.129,6.51,133.356,146.415,75.987,0.13,0.15
2017-08-14 00:00:00+00:00,57.824,48.658,60.637,94.83,17.834,46.439,88.885,20.472,29.257,218.953,519.747,7.643,130.896,146.982,75.897,0.13,0.15
2017-08-15 00:00:00+00:00,58.238,48.813,60.772,95.606,17.567,46.336,88.79,20.324,29.211,217.894,518.917,6.413,132.372,147.785,75.987,0.13,0.15
2017-08-16 00:00:00+00:00,58.836,49.006,60.942,94.865,18.064,46.362,88.743,20.472,29.165,218.953,518.088,6.186,134.341,148.588,76.123,0.13,0.15
2017-08-17 00:00:00+00:00,59.664,49.084,61.111,94.407,18.58,46.567,88.695,20.472,29.028,218.953,517.535,7.676,130.404,149.249,76.304,0.13,0.15
2017-08-18 00:00:00+00:00,60.676,49.006,61.247,95.5,18.388,47.002,88.79,20.361,29.073,218.247,517.812,6.931,132.864,149.91,76.394,0.13,0.15
2017-08-19 00:00:00+00:00,61.412,48.929,61.383,96.487,18.189,47.207,88.933,20.361,29.165,218.247,518.641,5.992,135.817,150.524,76.349,0.13,0.15
2017-08-20 00:00:00+00:00,61.78,48.774,61.518,97.439,17.977,47.104,88.933,20.361,29.257,218.247,518.364,6.445,135.325,151.138,76.304,0.13,0.15
2017-08-21 00:00:00+00:00,61.688,48.619,61.62,97.157,18.245,46.823,88.79,20.25,29.165,217.541,516.982,7.384,133.849,151.611,76.168,0.13,0.15
2017-08-22 00:00:00+00:00,61.366,48.503,61.688,95.606,18.835,46.439,88.6,20.139,28.936,216.835,515.047,7.805,134.833,151.941,76.033,0.13,0.15
2017-08-23 00:00:00+00:00,60.952,48.465,61.756,93.948,18.984,45.978,88.362,20.213,28.752,217.188,512.836,7.741,135.325,152.083,75.897,0.13,0.15
2017-08-24 00:00:00+00:00,60.446,48.426,61.823,92.291,18.872,45.543,88.172,20.472,28.798,218.953,510.9,7.481,135.325,152.13,75.762,0.13,0.15
2017-08-25 00:00:00+00:00,59.848,48.387,61.891,90.916,18.705,45.056,87.982,20.767,28.798,221.072,508.689,6.283,135.817,151.989,75.581,0.13,0.15
2017-08-26 00:00:00+00:00,59.204,48.348,61.925,90.105,18.344,44.544,87.696,21.1,28.707,223.191,506.201,5.603,136.309,151.847,75.31,0.13,0.15
2017-08-27 00:00:00+00:00,58.56,48.348,61.993,89.153,18.095,44.237,87.411,21.248,28.523,224.251,503.436,6.283,136.801,151.611,74.903,0.13,0.15
2017-08-28 00:00:00+00:00,58.192,48.503,62.095,87.672,18.145,44.288,87.173,21.359,28.386,224.957,500.672,6.283,137.293,151.422,74.497,0.13,0.15
2017-08-29 00:00:00+00:00,57.962,48.581,62.197,86.191,18.226,44.468,86.936,21.507,28.431,226.016,498.46,5.959,136.801,151.186,74.136,0.13,0.15
2017-08-30 00:00:00+00:00,57.364,48.503,62.264,84.992,18.245,44.621,86.793,21.507,28.431,226.016,496.525,6.089,136.801,150.95,73.684,0.13,0.15
2017-08-31 00:00:00+00:00,56.536,48.426,62.332,83.828,18.263,44.775,86.793,21.507,28.431,226.016,494.59,6.737,136.309,150.666,73.232,0.13,0.15
2017-09-01 00:00:00+00:00,55.551,48.387,62.366,82.664,18.294,44.903,86.936,21.507,28.34,226.016,492.102,7.222,135.817,150.336,72.781,0.13,0.15
2017-09-02 00:00:00+00:00,54.597,48.348,62.4,81.606,18.282,45.031,87.031,21.617,28.156,226.723,489.338,6.38,134.833,150.005,72.194,0.13,0.15
2017-09-03 00:00:00+00:00,53.601,48.31,62.434,80.513,18.294,45.159,87.078,21.617,28.019,226.723,487.679,5.635,134.341,149.58,71.516,0.13,0.15
2017-09-04 00:00:00+00:00,52.853,48.658,62.502,79.491,18.332,45.389,87.268,21.285,27.835,224.604,487.956,6.283,133.849,149.296,70.794,0.13,0.15
2017-09-05 00:00:00+00:00,53.601,49.123,62.637,78.609,18.406,46.695,87.839,21.026,27.835,222.838,491.273,7.903,133.356,149.391,71.607,0.13,0.15
2017-09-06 00:00:00+00:00,55.136,49.161,62.841,78.856,18.22,48.896,88.79,21.47,28.019,225.663,496.249,7.611,134.833,149.674,73.594,0.13,0.15
2017-09-07 00:00:00+00:00,55.938,49.006,63.078,80.76,17.449,51.072,89.646,22.098,28.156,229.901,500.948,6.186,140.738,149.769,75.129,0.13,0.15
2017-09-08 00:00:00+00:00,56.766,49.006,63.316,83.369,16.479,53.325,90.645,22.504,28.615,232.726,504.819,5.668,145.167,149.958,76.801,0.13,0.15
2017-09-09 00:00:00+00:00,57.64,48.968,63.553,85.803,15.69,54.533,91.596,22.763,28.982,234.492,508.412,4.987,148.119,150.288,77.806,0.13,0.15
2017-09-10 00:00:00+00:00,58.698,49.045,63.892,88.165,15.603,54.896,92.88,23.317,29.486,238.377,514.218,5.441,153.04,150.902,78.582,0.13,0.15
2017-09-11 00:00:00+00:00,60.078,49.123,64.299,90.457,16.386,55.181,94.83,24.315,30.312,245.087,521.958,6.672,150.088,151.705,79.449,0.13,0.15
2017-09-12 00:00:00+00:00,60.952,49.006,64.537,92.432,17.194,54.896,96.209,24.943,30.587,249.324,528.04,7.481,159.929,152.272,79.13,0.13,0.15
2017-09-13 00:00:00+00:00,61.274,48.774,64.706,94.125,17.673,54.533,96.875,24.943,30.678,249.324,532.187,7.676,167.311,152.555,78.445,0.13,0.15
2017-09-14 00:00:00+00:00,61.044,48.581,64.808,95.535,17.592,54.248,97.255,24.685,30.724,247.559,534.675,7.352,163.866,152.839,77.943,0.13,0.15
2017-09-15 00:00:00+00:00,60.538,48.465,64.876,95.112,17.499,54.042,97.54,24.426,30.724,245.793,536.61,7.287,157.961,153.028,77.486,0.13,0.15
2017-09-16 00:00:00+00:00,59.848,48.387,64.943,93.208,17.766,53.991,97.778,24.167,30.724,244.027,538.268,7.06,154.024,153.122,77.03,0.13,0.15
2017-09-17 00:00:00+00:00,59.066,48.348,64.977,91.48,17.965,53.888,97.968,23.872,30.541,241.908,539.374,6.477,150.088,153.075,76.62,0.13,0.15
2017-09-18 00:00:00+00:00,58.33,48.348,65.045,89.858,18.095,53.607,98.159,23.576,30.449,240.142,540.48,6.283,147.135,152.933,76.349,0.13,0.15
2017-09-19 00:00:00+00:00,58.238,48.619,65.181,89.364,17.828,53.428,98.539,23.428,30.587,239.083,542.415,6.996,144.675,153.028,76.394,0.13,0.15
2017-09-20 00:00:00+00:00,58.836,48.852,65.452,90.563,16.914,53.76,99.062,23.28,30.724,238.024,545.18,7.773,143.69,153.358,76.801,0.13,0.15
2017-09-21 00:00:00+00:00,59.664,48.968,65.757,92.538,15.851,54.3,99.538,23.243,30.77,237.67,548.22,6.931,143.198,153.831,77.304,0.13,0.15
2017-09-22 00:00:00+00:00,60.4,48.929,65.961,94.336,15.025,54.377,99.918,23.059,30.816,236.611,551.538,6.931,144.182,154.256,77.486,0.13,0.15
2017-09-23 00:00:00+00:00,60.492,48.735,66.097,95.958,14.31,54.248,100.251,22.763,30.816,234.492,554.026,6.38,144.182,154.539,77.395,0.13,0.15
2017-09-24 00:00:00+00:00,60.262,48.619,66.164,97.052,13.862,54.17,100.489,22.43,30.77,232.373,555.961,5.149,143.69,154.822,77.304,0.13,0.15
2017-09-25 00:00:00+00:00,59.802,48.542,66.266,98.039,13.483,54.093,100.727,21.876,30.724,228.488,557.62,6.38,142.706,155.106,77.212,0.13,0.15
2017-09-26 00:00:00+00:00,59.158,48.542,66.334,99.238,13.048,53.991,100.964,21.137,30.678,223.544,559.278,7.579,141.722,155.531,77.075,0.13,0.15
2017-09-27 00:00:00+00:00,58.606,48.542,66.436,100.366,12.836,53.351,101.25,20.398,30.403,218.6,560.384,7.935,140.738,155.956,76.394,0.13,0.15
2017-09-28 00:00:00+00:00,58.1,48.581,66.537,101.424,12.899,51.815,101.583,19.843,29.761,214.716,561.766,6.639,139.754,156.476,74.903,0.13,0.15
2017-09-29 00:00:00+00:00,58.192,48.852,66.775,102.482,13.203,52.48,102.486,19.954,29.945,215.422,563.701,5.765,140.246,157.231,75.536,0.13,0.15
2017-09-30 00:00:00+00:00,59.158,49.161,67.148,103.575,13.744,54.766,103.818,20.583,30.908,219.66,566.742,5.927,141.722,158.27,78.308,0.13,0.15
2017-10-01 00:00:00+00:00,61.136,49.432,67.589,104.809,14.67,55.415,105.958,21.543,32.008,226.37,573.377,6.801,149.595,159.829,80.043,0.13,0.15
2017-10-02 00:00:00+00:00,64.126,49.742,68.131,106.149,15.808,55.155,108.003,22.504,32.891,232.726,582.5,8.129,159.929,162.002,79.951,0.13,0.15
2017-10-03 00:00:00+00:00,66.852,49.548,68.606,107.419,16.778,54.87,108.859,23.022,33.03,236.258,589.687,7.546,179.177,163.844,78.901,0.13,0.15
2017-10-04 00:00:00+00:00,68.135,49.084,68.877,108.547,17.499,54.637,109.334,23.17,33.03,237.317,594.663,7.741,172.724,165.024,78.217,0.13,0.15
2017-10-05 00:00:00+00:00,68.278,48.813,69.013,109.499,17.996,54.429,109.667,23.059,32.937,236.611,597.98,7.903,163.866,165.78,77.76,0.13,0.15
2017-10-06 00:00:00+00:00,67.803,48.619,69.115,110.416,18.332,54.222,109.905,22.985,32.844,235.905,600.192,6.51,155.008,166.488,77.349,0.13,0.15
2017-10-07 00:00:00+00:00,67.042,48.503,69.217,111.227,18.599,54.016,110.0,22.8,32.751,234.845,601.851,5.797,146.643,167.102,77.075,0.13,0.15
2017-10-08 00:00:00+00:00,66.14,48.426,69.25,110.557,19.146,53.786,110.048,22.541,32.658,233.079,602.956,6.672,142.214,167.716,76.847,0.13,0.15
2017-10-09 00:00:00+00:00,65.142,48.387,69.318,110.064,19.127,53.53,110.048,22.246,32.658,230.961,604.339,6.931,138.769,168.236,76.62,0.13,0.15
2017-10-10 00:00:00+00:00,64.264,48.465,69.42,111.122,18.456,53.223,110.048,22.024,32.658,229.548,605.721,6.477,135.817,168.803,76.439,0.13,0.15
2017-10-11 00:00:00+00:00,63.804,48.581,69.59,112.179,18.319,53.069,110.048,21.913,32.658,228.842,607.656,5.57,134.833,169.558,76.394,0.13,0.15
2017-10-12 00:00:00+00:00,63.758,48.813,69.861,113.202,18.506,52.941,110.0,22.024,32.705,229.548,608.762,5.765,133.356,170.409,76.394,0.13,0.15
2017-10-13 00:00:00+00:00,64.31,49.006,70.2,114.225,18.748,52.839,109.857,22.246,32.705,230.961,607.932,5.992,132.864,171.353,76.304,0.13,0.15
2017-10-14 00:00:00+00:00,65.0,48.968,70.437,115.106,19.009,52.736,109.81,22.652,32.705,233.786,607.656,3.627,132.372,172.345,76.123,0.13,0.15
2017-10-15 00:00:00+00:00,65.285,48.929,70.641,115.953,19.183,52.634,109.715,23.059,32.612,236.611,607.656,2.411,130.404,173.195,75.942,0.13,0.15
2017-10-16 00:00:00+00:00,65.903,49.045,70.878,116.869,19.326,52.506,109.81,23.28,32.565,238.024,609.038,2.602,128.928,174.14,75.897,0.13,0.15
2017-10-17 00:00:00+00:00,66.615,49.006,71.082,117.363,19.569,52.404,109.952,23.428,32.658,239.083,610.973,3.34,127.451,175.084,75.897,0.13,0.15
2017-10-18 00:00:00+00:00,67.138,48.735,71.217,116.587,20.01,52.25,109.905,23.539,32.658,239.789,611.25,4.987,124.991,175.746,75.852,0.13,0.15
2017-10-19 00:00:00+00:00,67.708,48.619,71.353,116.023,20.141,52.045,109.857,23.65,32.519,240.496,610.973,5.927,122.531,175.982,75.807,0.13,0.15
2017-10-20 00:00:00+00:00,68.278,48.542,71.421,116.411,19.824,52.173,109.857,23.909,32.519,242.261,610.697,4.955,120.07,176.124,76.123,0.13,0.15
2017-10-21 00:00:00+00:00,68.752,48.465,71.489,116.728,19.482,52.685,109.857,24.204,32.612,244.38,610.42,5.02,118.102,176.218,76.575,0.13,0.15
2017-10-22 00:00:00+00:00,69.133,48.426,71.557,116.975,19.14,53.095,109.715,24.426,32.612,245.793,609.038,6.672,119.578,176.36,76.847,0.13,0.15
2017-10-23 00:00:00+00:00,69.513,48.426,71.658,117.152,18.792,53.325,109.667,24.574,32.472,246.852,608.485,6.931,123.023,176.549,76.893,0.13,0.15
2017-10-24 00:00:00+00:00,69.94,48.503,71.794,117.293,18.462,53.504,109.715,24.796,32.426,248.265,609.591,6.153,123.515,176.785,77.075,0.13,0.15
2017-10-25 00:00:00+00:00,70.748,48.619,71.997,117.575,18.195,53.812,109.715,24.907,32.612,248.971,611.25,6.607,128.928,177.352,77.395,0.13,0.15
2017-10-26 00:00:00+00:00,71.792,48.697,72.235,117.822,18.095,54.274,109.762,24.796,32.565,248.265,612.908,7.546,135.817,177.918,77.44,0.13,0.15
2017-10-27 00:00:00+00:00,72.742,48.658,72.438,118.068,18.176,54.455,109.715,24.796,32.379,248.265,614.844,6.607,135.325,178.249,77.395,0.13,0.15
2017-10-28 00:00:00+00:00,73.55,48.581,72.54,118.315,18.313,54.377,109.667,24.796,32.565,248.265,616.502,6.575,133.356,178.532,77.349,0.13,0.15
2017-10-29 00:00:00+00:00,73.977,48.426,72.608,118.456,18.375,54.17,109.524,24.574,32.565,246.852,615.949,8.356,130.896,178.721,77.075,0.13,0.15
2017-10-30 00:00:00+00:00,74.215,48.348,72.676,118.562,18.338,53.965,109.287,24.463,32.333,246.146,614.567,8.583,127.944,178.91,76.847,0.13,0.15
2017-10-31 00:00:00+00:00,74.8,48.581,72.811,118.738,18.257,53.837,109.144,24.574,32.147,246.852,613.738,7.449,124.499,179.194,76.756,0.13,0.15
2017-11-01 00:00:00+00:00,76.0,48.813,73.015,117.822,18.717,54.042,109.144,24.463,32.286,246.146,614.291,6.898,121.546,179.477,76.847,0.13,0.15
2017-11-02 00:00:00+00:00,76.9,48.735,73.15,116.869,19.444,54.196,109.239,24.204,32.333,244.38,616.502,7.449,121.054,179.713,76.938,0.13,0.15
2017-11-03 00:00:00+00:00,76.85,48.581,73.252,117.398,19.612,54.119,109.239,23.909,32.1,242.261,618.437,7.384,120.07,180.044,76.893,0.13,0.15
2017-11-04 00:00:00+00:00,76.55,48.503,73.354,118.351,19.488,53.991,109.287,23.687,32.193,240.849,620.096,6.769,119.578,180.374,76.847,0.13,0.15
2017-11-05 00:00:00+00:00,76.0,48.426,73.422,118.068,19.668,53.837,109.287,23.502,32.286,239.436,621.202,6.575,120.07,180.705,76.575,0.13,0.15
2017-11-06 00:00:00+00:00,75.35,48.31,73.456,116.587,19.923,53.658,109.239,23.317,32.193,238.377,622.308,6.607,122.038,180.941,76.258,0.13,0.15
2017-11-07 00:00:00+00:00,74.7,48.232,73.523,114.895,19.867,53.325,109.239,23.243,32.008,237.67,623.413,7.352,122.531,181.036,76.078,0.13,0.15
2017-11-08 00:00:00+00:00,74.167,48.194,73.625,113.132,19.786,53.044,109.287,23.059,31.871,236.611,624.796,8.226,121.054,181.083,75.897,0.13,0.15
2017-11-09 00:00:00+00:00,73.597,48.194,73.727,112.532,19.407,52.839,109.287,23.059,31.917,236.611,625.348,8.194,119.086,181.036,75.671,0.13,0.15
2017-11-10 00:00:00+00:00,72.98,48.116,73.795,113.308,18.431,52.532,109.192,23.317,31.962,238.377,625.348,6.931,116.625,180.988,75.4,0.13,0.15
2017-11-11 00:00:00+00:00,72.22,48.039,73.829,113.731,17.542,52.122,109.049,23.502,31.962,239.436,625.072,6.348,114.657,180.894,75.174,0.13,0.15
2017-11-12 00:00:00+00:00,71.46,47.962,73.897,113.378,17.132,51.661,108.859,23.576,31.917,240.142,623.413,7.255,113.673,180.799,74.949,0.13,0.15
2017-11-13 00:00:00+00:00,70.748,47.923,73.93,113.661,16.442,51.175,108.621,23.65,31.825,240.496,622.031,7.643,113.673,180.705,74.678,0.13,0.15
2017-11-14 00:00:00+00:00,69.987,47.885,73.964,114.084,15.783,50.714,108.478,23.502,31.825,239.436,621.478,7.741,114.657,180.658,74.452,0.13,0.15
2017-11-15 00:00:00+00:00,69.275,47.846,74.032,114.225,15.335,50.228,108.431,23.28,31.687,238.024,621.755,7.546,116.625,180.658,74.226,0.13,0.15
2017-11-16 00:00:00+00:00,68.705,47.923,74.168,114.754,14.819,49.818,108.431,23.059,31.504,236.611,622.584,7.481,118.102,180.705,74.091,0.13,0.15
2017-11-17 00:00:00+00:00,68.278,47.885,74.337,115.635,14.223,49.434,108.478,22.911,31.504,235.552,623.966,6.834,120.07,180.847,73.955,0.13,0.15
2017-11-18 00:00:00+00:00,67.898,47.654,74.405,116.587,13.663,48.999,108.478,22.689,31.641,234.139,624.796,5.149,122.038,180.941,73.729,0.13,0.15
2017-11-19 00:00:00+00:00,67.375,47.462,74.439,117.257,13.377,48.512,108.336,22.615,31.596,233.433,623.966,5.538,124.499,181.083,73.503,0.13,0.15
2017-11-20 00:00:00+00:00,66.615,47.347,74.507,118.104,13.073,48.026,108.05,22.43,31.412,232.373,621.755,6.834,124.991,181.224,73.278,0.13,0.15
2017-11-21 00:00:00+00:00,66.045,47.309,74.575,119.056,12.874,47.54,107.86,22.246,31.229,230.961,620.372,7.384,124.007,181.508,73.142,0.13,0.15
2017-11-22 00:00:00+00:00,65.57,47.424,74.744,119.796,12.905,47.207,107.86,22.024,31.412,229.548,620.372,6.542,121.054,181.886,73.097,0.13,0.15
2017-11-23 00:00:00+00:00,65.047,47.501,74.914,119.408,13.508,47.053,107.812,21.987,31.687,229.195,620.372,6.413,118.102,182.264,72.961,0.13,0.15
2017-11-24 00:00:00+00:00,64.494,47.539,75.05,118.033,14.434,47.207,107.717,21.802,31.687,228.135,620.372,7.967,116.625,182.547,72.465,0.13,0.15
2017-11-25 00:00:00+00:00,63.942,47.539,75.185,117.081,14.851,47.54,107.67,21.728,31.733,227.429,621.478,6.121,118.102,182.689,71.742,0.13,0.15
2017-11-26 00:00:00+00:00,63.344,47.462,75.287,116.305,15.087,47.668,107.622,21.765,31.779,227.782,621.478,5.085,120.562,182.736,71.155,0.13,0.15
2017-11-27 00:00:00+00:00,62.654,47.386,75.355,114.895,15.621,47.437,107.432,21.728,31.733,227.429,620.372,7.222,122.531,182.689,70.794,0.13,0.15
2017-11-28 00:00:00+00:00,62.01,47.27,75.423,113.237,16.181,47.002,107.147,21.728,31.687,227.429,618.161,8.291,124.991,182.5,70.613,0.13,0.15
2017-11-29 00:00:00+00:00,61.458,47.04,75.457,111.651,16.628,46.49,106.814,21.913,31.641,228.842,615.396,8.259,124.991,182.264,70.342,0.13,0.15
2017-11-30 00:00:00+00:00,61.182,46.464,75.49,110.099,17.032,45.978,106.433,22.246,31.55,230.961,612.356,8.291,122.038,182.027,70.116,0.13,0.15
2017-12-01 00:00:00+00:00,61.136,45.734,75.49,108.688,17.337,45.517,106.1,22.504,31.366,232.726,609.591,8.291,119.578,181.838,69.8,0.13,0.15
2017-12-02 00:00:00+00:00,61.09,45.005,75.524,107.631,17.474,45.389,105.863,22.689,31.32,234.139,607.932,6.866,115.641,181.555,69.168,0.13,0.15
2017-12-03 00:00:00+00:00,61.044,44.275,75.558,107.031,17.374,45.108,105.625,22.911,31.275,235.552,606.274,6.931,117.118,181.272,68.536,0.13,0.15
2017-12-04 00:00:00+00:00,60.998,43.584,75.592,107.031,17.032,44.365,105.34,23.059,31.275,236.611,604.062,7.449,118.102,181.036,68.49,0.13,0.15
2017-12-05 00:00:00+00:00,61.136,43.046,75.66,107.243,16.653,43.674,105.054,23.243,31.32,237.67,602.127,6.607,119.086,180.799,68.942,0.13,0.15
2017-12-06 00:00:00+00:00,61.642,42.778,75.796,107.384,16.485,43.444,104.864,23.428,31.366,239.083,600.745,6.575,118.102,180.705,69.71,0.13,0.15
2017-12-07 00:00:00+00:00,62.332,42.624,76.033,106.996,16.771,43.7,104.721,23.65,31.458,240.496,599.639,7.158,117.118,180.658,69.981,0.13,0.15
2017-12-08 00:00:00+00:00,62.792,42.24,76.169,107.595,16.579,44.058,104.626,23.798,31.504,241.555,598.81,6.737,117.118,180.469,69.484,0.13,0.15
2017-12-09 00:00:00+00:00,63.022,41.626,76.237,108.618,16.1,44.186,104.484,23.946,31.504,242.615,597.98,5.992,116.625,180.233,68.942,0.13,0.15
2017-12-10 00:00:00+00:00,63.16,41.011,76.27,107.877,16.448,43.904,104.198,24.13,31.504,243.674,595.769,7.222,119.578,180.044,68.671,0.13,0.15
2017-12-11 00:00:00+00:00,63.252,40.32,76.338,106.467,17.032,43.469,103.818,24.278,31.412,244.733,593.004,8.097,121.546,179.808,68.445,0.13,0.15
2017-12-12 00:00:00+00:00,63.298,39.629,76.406,105.233,17.418,43.06,103.485,24.537,31.366,246.499,590.516,6.769,121.054,179.477,68.174,0.13,0.15
2017-12-13 00:00:00+00:00,63.344,38.938,76.474,104.563,17.468,42.624,103.152,24.648,31.275,247.205,588.305,6.51,118.102,179.146,67.903,0.13,0.15
2017-12-14 00:00:00+00:00,63.344,38.208,76.508,103.752,17.567,42.112,102.819,24.574,31.229,246.852,585.817,7.805,117.118,178.816,67.677,0.13,0.15
2017-12-15 00:00:00+00:00,63.344,37.478,76.542,102.517,17.816,41.498,102.439,24.537,31.183,246.499,582.5,8.064,115.641,178.391,67.452,0.13,0.15
2017-12-16 00:00:00+00:00,63.344,36.749,76.542,101.459,17.965,40.884,102.058,24.463,31.091,246.146,579.735,7.287,114.165,177.966,67.226,0.13,0.15
2017-12-17 00:00:00+00:00,63.298,35.981,76.576,100.402,18.083,40.269,101.678,24.463,30.999,246.146,576.971,7.19,113.181,177.54,66.955,0.13,0.15
2017-12-18 00:00:00+00:00,63.39,35.136,76.576,99.308,18.214,39.68,101.25,24.426,30.908,245.793,573.653,7.514,113.181,177.068,66.684,0.13,0.15
2017-12-19 00:00:00+00:00,63.528,34.368,76.61,98.215,18.35,39.271,100.917,24.315,30.724,245.087,570.612,7.384,112.689,176.596,66.503,0.13,0.15
2017-12-20 00:00:00+00:00,63.758,33.715,76.643,97.228,18.419,39.092,100.584,24.278,30.587,244.733,567.572,7.805,112.689,176.124,66.458,0.13,0.15
2017-12-21 00:00:00+00:00,63.988,33.024,76.677,96.523,18.381,38.912,100.299,24.167,30.541,244.027,564.807,8.518,112.689,175.651,66.323,0.13,0.15
2017-12-22 00:00:00+00:00,64.908,32.755,76.847,97.722,17.685,39.655,100.156,23.946,30.633,242.615,564.531,8.0,113.673,175.462,66.458,0.13,0.15
2017-12-23 00:00:00+00:00,66.377,32.947,77.118,99.132,17.368,41.652,100.061,23.946,30.816,242.615,564.807,7.546,114.657,175.51,66.91,0.13,0.15
2017-12-24 00:00:00+00:00,67.185,32.832,77.322,100.049,17.536,43.188,99.871,24.204,30.908,244.38,564.254,7.514,115.641,175.557,66.91,0.13,0.15
2017-12-25 00:00:00+00:00,67.612,32.333,77.593,101.107,17.399,43.956,99.776,24.389,30.954,245.44,563.978,6.801,118.102,175.51,66.503,0.13,0.15
2017-12-26 00:00:00+00:00,67.898,31.68,77.83,101.107,17.486,44.288,99.633,24.537,31.412,246.499,563.425,7.093,120.07,175.415,66.187,0.13,0.15
2017-12-27 00:00:00+00:00,68.04,30.95,77.932,100.437,17.741,44.084,99.3,24.574,31.458,246.852,561.49,7.352,122.531,175.179,66.052,0.13,0.15
2017-12-28 00:00:00+00:00,68.135,30.106,78.0,99.344,18.058,43.725,98.967,24.648,31.458,247.205,559.002,7.546,124.499,174.896,65.916,0.13,0.15
2017-12-29 00:00:00+00:00,68.135,29.184,78.103,98.497,18.214,43.341,98.587,24.685,31.32,247.559,556.514,7.579,124.499,174.565,65.735,0.13,0.15
2017-12-30 00:00:00+00:00,68.182,28.224,78.171,97.898,18.226,42.983,98.254,24.796,31.229,248.265,554.026,6.153,124.499,174.187,65.555,0.13,0.15
2017-12-31 00:00:00+00:00,68.23,27.226,78.239,97.827,18.008,42.701,97.968,24.943,31.229,249.324,551.538,5.279,124.007,173.856,65.329,0.13,0.15
2018-01-01 00:00:00+00:00,68.23,26.189,78.308,97.475,17.915,42.343,97.588,24.943,31.229,249.324,549.05,5.732,124.499,173.526,65.103,0.13,0.15
2018-01-02 00:00:00+00:00,68.135,25.114,78.376,96.523,18.083,41.856,97.208,24.943,31.137,249.324,546.009,6.477,124.007,173.148,64.923,0.13,0.15
2018-01-03 00:00:00+00:00,68.087,24.0,78.411,95.571,18.226,41.344,96.827,24.907,31.091,248.971,543.244,6.963,124.007,172.723,64.742,0.13,0.15
2018-01-04 00:00:00+00:00,68.04,22.771,78.445,95.042,18.176,40.909,96.447,24.796,31.045,248.265,540.204,7.579,124.007,172.298,64.426,0.13,0.15
2018-01-05 00:00:00+00:00,67.992,21.504,78.445,94.513,18.126,40.448,96.066,24.685,30.999,247.559,537.163,8.064,124.007,171.826,64.11,0.13,0.15
2018-01-06 00:00:00+00:00,67.945,20.16,78.445,93.737,18.195,40.141,95.638,24.722,30.908,247.912,534.122,6.153,123.515,171.353,63.613,0.13,0.15
2018-01-07 00:00:00+00:00,67.898,18.778,78.445,92.996,18.251,39.86,95.258,24.907,30.77,248.971,531.081,4.21,126.467,170.881,63.071,0.13,0.15
2018-01-08 00:00:00+00:00,67.85,17.357,78.239,92.397,18.332,39.501,94.877,25.054,30.678,250.031,528.04,4.275,129.912,170.409,62.574,0.13,0.15
2018-01-09 00:00:00+00:00,67.803,15.898,77.695,92.467,18.381,39.092,94.449,25.054,30.587,250.031,524.723,4.664,129.912,169.889,62.168,0.13,0.15
2018-01-10 00:00:00+00:00,67.66,14.4,76.881,92.714,18.456,38.554,93.974,25.017,30.495,249.678,521.405,5.376,127.451,169.417,61.851,0.13,0.15
2018-01-11 00:00:00+00:00,67.517,12.941,76.101,92.785,18.568,37.914,93.546,24.907,30.403,248.971,517.812,6.024,125.483,168.944,61.58,0.13,0.15
2018-01-12 00:00:00+00:00,67.375,11.443,75.321,92.855,18.661,37.325,93.07,24.833,30.266,248.618,514.494,6.672,123.023,168.472,61.219,0.13,0.15
2018-01-13 00:00:00+00:00,67.138,9.946,74.541,92.996,18.711,37.044,92.642,24.796,30.174,248.265,511.177,7.028,121.546,168.047,60.632,0.13,0.15
2018-01-14 00:00:00+00:00,66.9,8.525,73.795,93.208,18.717,37.044,92.309,24.722,30.036,247.912,507.86,7.222,124.007,167.575,59.729,0.13,0.15
2018-01-15 00:00:00+00:00,66.615,7.181,73.049,93.349,18.736,36.916,91.929,24.722,29.807,247.912,504.819,7.967,127.944,167.244,59.006,0.13,0.15
2018-01-16 00:00:00+00:00,66.235,5.53,72.269,93.384,18.767,36.532,91.548,24.685,29.532,247.559,501.778,7.935,131.88,166.866,58.419,0.13,0.15
2018-01-17 00:00:00+00:00,65.712,3.802,71.489,93.314,18.81,35.994,91.073,24.685,29.257,247.559,498.184,7.903,134.833,166.441,57.922,0.13,0.15
2018-01-18 00:00:00+00:00,64.954,2.88,70.709,93.173,18.872,35.38,90.597,24.722,28.982,247.912,494.59,8.486,136.309,166.063,57.651,0.13,0.15
2018-01-19 00:00:00+00:00,63.942,2.611,69.895,92.961,18.941,34.74,90.169,24.685,28.798,247.559,491.273,7.967,134.833,165.638,57.425,0.13,0.15
2018-01-20 00:00:00+00:00,62.884,2.611,69.115,92.82,18.991,34.048,89.741,24.574,28.661,246.852,487.679,7.579,134.341,165.26,57.155,0.13,0.15
2018-01-21 00:00:00+00:00,61.688,2.842,68.335,92.679,19.015,33.357,89.266,24.315,28.431,245.087,484.362,7.546,134.341,164.835,56.838,0.13,0.15
2018-01-22 00:00:00+00:00,60.584,2.918,67.555,92.467,19.053,32.717,88.838,24.02,28.294,242.968,481.044,7.676,133.849,164.458,56.567,0.13,0.15
2018-01-23 00:00:00+00:00,59.526,2.918,66.843,92.397,19.065,32.308,88.41,23.798,28.156,241.555,477.727,6.639,133.849,164.174,56.161,0.13,0.15
2018-01-24 00:00:00+00:00,58.468,2.918,66.13,92.432,19.034,31.949,87.982,23.687,28.065,240.849,474.686,6.056,133.849,163.844,55.709,0.13,0.15
2018-01-25 00:00:00+00:00,57.364,2.765,65.418,92.326,19.009,31.309,87.364,23.576,27.927,240.142,471.369,6.445,133.356,163.466,55.303,0.13,0.15
2018-01-26 00:00:00+00:00,56.214,2.534,64.672,92.079,19.022,30.669,86.793,23.539,27.744,239.789,468.052,5.83,131.88,163.088,54.942,0.13,0.15
2018-01-27 00:00:00+00:00,55.219,2.381,63.96,91.938,19.034,30.49,86.317,23.428,27.56,239.083,465.287,6.218,131.88,162.757,54.219,0.13,0.15
2018-01-28 00:00:00+00:00,54.264,2.266,63.282,91.762,19.04,30.669,86.27,23.391,27.423,238.73,462.246,7.158,131.88,162.427,53.18,0.13,0.15
2018-01-29 00:00:00+00:00,53.227,2.15,62.536,91.515,19.059,30.541,85.889,23.28,27.239,238.024,459.482,7.255,130.404,162.096,52.367,0.13,0.15
2018-01-30 00:00:00+00:00,52.189,2.074,61.823,91.268,19.078,30.029,85.509,23.17,27.102,237.317,456.717,6.931,130.404,161.718,51.825,0.13,0.15
2018-01-31 00:00:00+00:00,51.152,1.958,61.077,91.092,19.059,29.44,85.081,23.133,26.918,236.964,453.4,6.931,130.896,161.34,51.283,0.13,0.15
2018-02-01 00:00:00+00:00,50.073,1.92,60.467,90.598,19.04,28.775,84.605,23.022,26.735,236.258,450.083,6.963,130.896,160.915,50.832,0.13,0.15
2018-02-02 00:00:00+00:00,48.953,1.92,60.297,89.47,19.046,28.246,84.082,22.911,26.597,235.552,446.765,6.672,130.404,160.49,50.47,0.13,0.15
2018-02-03 00:00:00+00:00,47.832,1.882,60.331,88.059,19.053,27.767,83.607,22.874,26.414,235.198,443.172,6.801,130.896,159.971,50.109,0.13,0.15
2018-02-04 00:00:00+00:00,46.759,1.843,60.331,86.755,19.04,27.242,83.084,22.763,26.139,234.492,439.301,6.575,130.896,159.451,49.703,0.13,0.15
2018-02-05 00:00:00+00:00,45.706,1.843,60.365,85.415,19.028,26.717,82.56,22.652,25.818,233.786,435.708,5.441,130.896,158.884,49.341,0.13,0.15
2018-02-06 00:00:00+00:00,44.614,1.766,60.365,84.11,19.015,26.223,82.037,22.541,25.497,233.079,432.114,5.311,131.388,158.318,48.98,0.13,0.15
2018-02-07 00:00:00+00:00,43.561,1.843,60.399,82.841,19.003,25.652,81.514,22.246,25.176,230.961,428.52,6.477,132.864,157.704,48.619,0.13,0.15
2018-02-08 00:00:00+00:00,42.508,1.997,60.433,81.642,18.991,25.081,80.991,21.876,25.084,228.488,424.926,7.417,132.864,157.137,48.303,0.13,0.15
2018-02-09 00:00:00+00:00,41.416,1.997,60.501,80.478,18.978,24.494,80.516,21.507,25.084,226.016,421.609,8.064,133.849,156.523,47.986,0.13,0.15
2018-02-10 00:00:00+00:00,40.285,1.958,60.535,79.42,18.947,23.923,80.04,21.1,24.992,223.191,418.292,7.838,135.325,155.909,47.625,0.13,0.15
2018-02-11 00:00:00+00:00,39.186,1.882,60.603,78.468,18.885,23.336,79.564,20.841,24.855,221.425,414.698,6.477,136.309,155.295,47.309,0.13,0.15
2018-02-12 00:00:00+00:00,38.083,1.92,60.603,77.41,18.835,22.703,79.041,20.509,24.717,219.307,411.104,6.801,136.801,154.586,46.948,0.13,0.15
2018-02-13 00:00:00+00:00,36.944,2.035,60.637,76.282,18.81,22.055,78.518,20.102,24.534,216.481,407.234,8.129,136.309,153.878,46.541,0.13,0.15
2018-02-14 00:00:00+00:00,35.878,1.997,60.67,75.224,18.792,21.36,77.995,19.733,24.396,214.009,403.64,8.324,136.309,153.122,46.225,0.13,0.15
2018-02-15 00:00:00+00:00,34.775,1.958,60.704,74.236,18.754,20.696,77.472,19.363,24.258,211.537,400.046,7.903,136.309,152.414,45.909,0.13,0.15
2018-02-16 00:00:00+00:00,33.673,1.92,60.704,73.284,18.705,20.002,76.949,19.067,23.983,209.418,396.176,8.097,135.817,151.658,45.548,0.13,0.15
2018-02-17 00:00:00+00:00,32.57,1.92,60.738,72.438,18.593,19.261,76.426,18.698,23.8,206.946,392.582,8.129,135.325,150.855,45.186,0.13,0.15
2018-02-18 00:00:00+00:00,31.558,1.882,60.772,71.697,18.45,18.643,75.855,18.365,23.616,204.827,389.219,7.546,135.325,150.052,44.735,0.13,0.15
2018-02-19 00:00:00+00:00,30.568,1.805,60.772,70.922,18.319,18.134,75.332,17.959,23.387,202.002,386.358,7.805,134.341,149.249,44.193,0.13,0.15
2018-02-20 00:00:00+00:00,29.545,1.882,60.806,70.781,17.946,17.547,74.761,17.596,23.158,199.53,383.276,7.579,134.341,148.399,43.696,0.13,0.15
2018-02-21 00:00:00+00:00,28.555,1.958,60.806,70.639,17.592,16.79,74.191,17.249,22.883,197.058,380.195,7.546,134.341,147.549,43.335,0.13,0.15
2018-02-22 00:00:00+00:00,27.433,1.997,60.84,69.934,17.524,16.034,73.62,16.868,22.699,194.233,376.894,8.356,133.849,146.746,42.973,0.13,0.15
2018-02-23 00:00:00+00:00,26.179,1.958,60.84,69.299,17.455,15.262,73.049,16.487,22.562,191.408,373.812,8.064,132.864,145.99,42.612,0.13,0.15
2018-02-24 00:00:00+00:00,24.97,1.882,60.84,68.7,17.393,14.49,72.479,16.244,22.287,189.642,370.511,6.38,132.864,145.235,42.251,0.13,0.15
2018-02-25 00:00:00+00:00,23.8,1.843,60.84,68.101,17.331,13.718,71.908,16.001,22.057,187.876,367.429,5.376,131.88,144.479,41.889,0.13,0.15
2018-02-26 00:00:00+00:00,22.63,1.882,60.874,67.466,17.275,12.931,71.29,15.655,21.874,185.404,364.348,6.315,131.388,143.723,41.528,0.13,0.15
2018-02-27 00:00:00+00:00,21.46,1.843,60.874,66.866,17.213,12.113,70.719,15.169,21.69,181.873,361.046,7.611,130.404,142.92,41.167,0.13,0.15
2018-02-28 00:00:00+00:00,20.26,1.843,60.874,66.161,17.163,11.202,70.101,14.684,21.186,178.341,357.745,8.0,130.404,142.07,40.806,0.13,0.15
2018-03-01 00:00:00+00:00,19.174,1.843,60.874,65.385,17.132,10.322,69.53,14.233,20.59,175.163,354.443,8.129,129.42,141.173,40.444,0.13,0.15
2018-03-02 00:00:00+00:00,18.268,1.843,60.908,64.539,17.095,9.411,68.912,13.783,20.269,171.984,351.142,8.68,128.928,140.228,40.038,0.13,0.15
2018-03-03 00:00:00+00:00,17.444,1.805,60.908,63.587,17.057,8.479,68.341,13.332,20.085,168.806,348.06,7.87,128.436,139.189,39.677,0.13,0.15
2018-03-04 00:00:00+00:00,16.593,1.805,60.908,62.705,17.014,8.04,67.723,13.055,19.948,166.687,344.759,6.542,128.928,138.197,39.315,0.13,0.15
2018-03-05 00:00:00+00:00,15.715,1.805,60.942,61.788,16.964,7.6,67.124,12.777,19.856,164.568,341.237,6.898,129.42,137.111,38.954,0.13,0.15
2018-03-06 00:00:00+00:00,14.809,1.766,60.942,60.907,16.921,7.147,66.633,12.361,19.764,161.743,337.936,7.741,129.42,136.072,38.593,0.13,0.15
2018-03-07 00:00:00+00:00,13.932,1.766,60.976,60.025,16.865,6.665,66.179,11.945,19.627,158.565,334.634,8.0,128.928,135.033,38.231,0.13,0.15
2018-03-08 00:00:00+00:00,13.137,1.766,60.976,59.249,16.778,6.163,65.688,11.495,19.581,155.386,331.333,8.129,128.928,133.994,37.87,0.13,0.15
2018-03-09 00:00:00+00:00,12.271,1.766,60.976,58.721,16.591,5.631,65.197,11.009,19.535,151.855,328.031,8.421,128.928,132.907,37.519,0.13,0.15
2018-03-10 00:00:00+00:00,11.382,1.766,61.01,58.262,16.392,5.057,64.705,10.593,19.214,149.03,324.95,7.708,128.928,131.868,37.167,0.13,0.15
2018-03-11 00:00:00+00:00,10.469,1.805,61.043,57.592,16.305,4.413,64.214,10.281,18.847,146.558,321.648,6.737,128.928,130.829,36.816,0.13,0.15
2018-03-12 00:00:00+00:00,9.522,1.805,61.077,56.852,16.249,3.662,63.76,9.935,18.847,144.085,318.347,6.542,130.404,129.743,36.425,0.13,0.15
2018-03-13 00:00:00+00:00,8.688,1.805,61.077,56.041,16.206,2.897,63.231,9.519,18.801,141.26,315.045,6.542,130.404,128.704,35.918,0.13,0.15
2018-03-14 00:00:00+00:00,7.815,1.805,61.077,55.277,16.144,2.578,62.702,9.137,18.664,138.435,311.744,7.028,129.42,127.618,35.098,0.13,0.15
2018-03-15 00:00:00+00:00,7.136,1.766,61.077,54.712,16.032,2.67,62.21,8.652,18.435,134.904,308.222,7.417,128.928,126.437,34.005,0.13,0.15
2018-03-16 00:00:00+00:00,6.883,1.766,61.111,53.967,15.895,2.748,61.681,8.167,18.159,131.372,304.921,7.449,128.928,125.067,32.912,0.13,0.15
2018-03-17 00:00:00+00:00,6.806,1.728,61.111,53.153,15.727,2.812,61.152,7.716,17.747,128.194,301.399,5.765,128.928,123.603,31.819,0.13,0.15
2018-03-18 00:00:00+00:00,6.767,1.651,61.077,52.294,15.634,2.642,60.623,7.369,17.334,125.722,298.098,4.534,128.436,122.139,30.882,0.13,0.15
2018-03-19 00:00:00+00:00,6.728,1.613,61.111,51.368,15.59,2.104,60.094,6.998,17.242,122.896,294.576,5.214,128.436,120.627,30.14,0.13,0.15
2018-03-20 00:00:00+00:00,6.689,1.69,61.111,50.441,15.553,1.417,59.564,6.529,16.83,119.365,291.055,6.38,127.944,119.116,29.398,0.13,0.15
2018-03-21 00:00:00+00:00,6.651,1.766,61.111,50.373,14.919,1.105,59.035,5.96,16.417,115.127,287.533,6.963,128.436,117.652,28.5,0.13,0.15
2018-03-22 00:00:00+00:00,6.612,1.843,61.111,50.215,14.434,1.218,58.468,5.39,16.142,110.889,284.011,7.352,128.436,116.14,27.563,0.13,0.15
2018-03-23 00:00:00+00:00,6.573,1.92,61.145,49.492,14.422,1.325,57.901,4.821,16.004,106.652,280.49,7.32,128.436,114.676,26.665,0.13,0.15
2018-03-24 00:00:00+00:00,6.534,1.997,61.179,48.882,14.31,1.438,57.372,4.385,16.142,103.473,276.968,6.024,128.928,113.212,25.611,0.13,0.15
2018-03-25 00:00:00+00:00,6.495,2.035,61.179,47.978,14.397,1.218,56.843,3.983,16.096,100.295,273.667,6.056,128.436,111.701,24.674,0.13,0.15
2018-03-26 00:00:00+00:00,6.476,1.997,61.179,47.209,14.372,0.885,56.276,3.515,15.912,96.763,269.925,7.125,127.944,110.189,23.776,0.13,0.15
2018-03-27 00:00:00+00:00,6.457,1.92,61.179,47.639,13.464,0.878,55.709,2.945,15.546,92.525,266.403,6.834,128.436,108.678,22.722,0.13,0.15
2018-03-28 00:00:00+00:00,6.437,1.805,61.213,48.113,12.669,0.985,55.142,2.375,15.27,88.288,262.882,6.672,127.944,107.214,21.629,0.13,0.15
2018-03-29 00:00:00+00:00,6.398,1.728,61.213,47.413,12.861,1.084,54.575,1.739,15.087,83.697,259.36,7.903,127.451,105.797,20.536,0.13,0.15
2018-03-30 00:00:00+00:00,6.379,1.651,61.213,46.802,12.911,1.176,53.97,1.102,14.858,78.753,256.059,8.68,126.467,104.38,19.443,0.13,0.15
2018-03-31 00:00:00+00:00,6.34,1.613,61.213,47.3,12.066,1.254,53.403,0.59,14.583,73.808,252.757,8.226,126.467,102.963,18.388,0.13,0.15
2018-04-01 00:00:00+00:00,6.301,1.69,61.213,48.181,11.133,1.339,52.836,0.558,14.307,69.924,249.235,6.639,125.483,101.641,17.295,0.13,0.15
2018-04-02 00:00:00+00:00,6.282,1.843,61.247,48.091,11.177,1.254,52.269,0.53,13.895,66.392,246.154,5.247,124.991,100.365,16.319,0.13,0.15
2018-04-03 00:00:00+00:00,6.282,2.035,61.281,47.164,11.786,0.992,51.702,0.5,13.62,62.508,242.853,5.7,124.991,99.137,15.421,0.13,0.15
2018-04-04 00:00:00+00:00,6.263,2.227,61.315,45.966,12.364,0.871,51.135,0.46,13.665,57.564,239.331,7.158,124.007,97.909,14.68,0.13,0.15
2018-04-05 00:00:00+00:00,6.243,2.266,61.349,44.768,12.762,0.836,50.568,0.42,13.665,52.619,236.03,8.097,124.007,96.54,13.977,0.13,0.15
2018-04-06 00:00:00+00:00,6.224,2.189,61.383,43.684,12.992,0.85,49.963,0.38,13.344,47.675,232.508,8.583,123.515,95.17,13.352,0.13,0.15
2018-04-07 00:00:00+00:00,6.243,2.189,61.383,42.689,13.098,0.956,49.396,0.35,12.978,43.791,229.426,7.708,123.515,93.753,12.766,0.13,0.15
2018-04-08 00:00:00+00:00,6.243,2.227,61.45,41.378,13.191,1.084,48.829,0.324,12.84,40.612,225.905,6.801,123.515,92.667,11.986,0.13,0.15
2018-04-09 00:00:00+00:00,6.263,2.227,61.45,39.412,13.278,1.24,48.224,0.3,12.748,37.434,222.603,6.218,122.531,92.289,10.932,0.13,0.15
2018-04-10 00:00:00+00:00,6.263,2.227,61.484,37.107,13.296,1.381,47.62,0.274,12.473,34.256,219.082,5.7,123.515,92.289,9.838,0.13,0.15
2018-04-11 00:00:00+00:00,6.263,2.227,61.484,36.0,12.464,1.53,47.015,0.242,12.198,30.371,215.56,6.348,123.515,92.289,8.745,0.13,0.15
2018-04-12 00:00:00+00:00,6.263,2.227,61.484,35.412,11.444,1.665,46.334,0.208,11.969,26.133,212.039,6.121,124.007,92.289,7.691,0.13,0.15
2018-04-13 00:00:00+00:00,6.243,2.227,61.484,33.853,11.338,1.813,45.73,0.18,11.785,22.602,208.297,5.797,124.499,92.242,6.637,0.13,0.15
2018-04-14 00:00:00+00:00,6.243,2.266,61.484,31.683,11.718,2.04,45.163,0.158,11.464,19.776,204.555,6.315,124.007,92.289,5.7,0.13,0.15
2018-04-15 00:00:00+00:00,6.243,2.266,61.518,29.107,12.277,1.983,44.558,0.138,11.235,17.304,200.814,6.834,124.499,92.336,5.192,0.13,0.15
2018-04-16 00:00:00+00:00,6.282,2.266,61.518,26.553,12.675,1.693,43.991,0.118,11.281,14.832,197.072,7.449,126.959,92.383,5.036,0.13,0.15
2018-04-17 00:00:00+00:00,6.398,2.304,61.552,24.903,12.476,1.934,43.499,0.102,11.235,12.713,193.55,8.129,131.388,92.478,5.153,0.13,0.15
2018-04-18 00:00:00+00:00,6.631,2.419,61.62,24.338,11.792,2.932,43.159,0.096,11.189,12.007,190.469,8.032,135.817,92.667,5.895,0.13,0.15
2018-04-19 00:00:00+00:00,7.019,2.496,61.722,24.361,11.146,4.413,43.084,0.108,11.189,13.42,188.708,7.579,141.722,92.856,7.418,0.13,0.15
2018-04-20 00:00:00+00:00,7.64,2.765,61.823,24.632,10.704,5.886,43.121,0.142,11.51,17.658,188.048,7.579,150.58,93.139,9.292,0.13,0.15
2018-04-21 00:00:00+00:00,8.397,3.264,61.959,24.903,10.487,6.857,43.084,0.184,12.015,22.955,187.387,6.931,155.993,93.47,10.775,0.13,0.15
2018-04-22 00:00:00+00:00,9.017,4.339,62.129,25.174,10.443,7.53,43.008,0.22,12.381,27.546,186.727,6.866,157.961,93.8,12.181,0.13,0.15
2018-04-23 00:00:00+00:00,9.386,5.568,62.264,25.468,10.418,8.068,42.857,0.248,13.023,31.077,185.847,7.32,156.977,94.131,14.016,0.13,0.15
2018-04-24 00:00:00+00:00,9.58,6.298,62.4,25.762,10.306,8.365,42.592,0.27,13.757,33.902,184.306,7.028,155.008,94.414,15.89,0.13,0.15
2018-04-25 00:00:00+00:00,9.767,6.912,62.502,26.01,10.164,8.531,42.328,0.288,14.491,36.021,182.985,6.348,153.532,94.65,17.608,0.13,0.15
2018-04-26 00:00:00+00:00,9.884,7.411,62.57,26.236,10.014,8.639,41.987,0.294,15.179,36.728,181.005,7.093,150.58,94.887,18.935,0.13,0.15
2018-04-27 00:00:00+00:00,9.978,7.872,62.637,26.44,9.915,8.67,41.572,0.294,15.637,36.728,178.583,7.838,148.611,95.123,19.677,0.13,0.15
2018-04-28 00:00:00+00:00,10.071,8.256,62.705,26.643,9.859,8.67,41.156,0.294,15.958,36.728,176.162,5.473,148.611,95.406,20.106,0.13,0.15
2018-04-29 00:00:00+00:00,10.165,8.563,62.773,26.824,9.84,8.685,40.778,0.302,16.004,37.787,174.181,4.469,149.595,95.642,20.497,0.13,0.15
2018-04-30 00:00:00+00:00,10.235,8.947,62.841,27.005,9.853,8.685,40.513,0.314,16.05,39.2,173.301,4.372,149.595,95.878,20.965,0.13,0.15
2018-05-01 00:00:00+00:00,10.305,9.254,62.909,27.186,9.84,8.531,40.173,0.318,16.417,39.906,172.641,5.149,147.627,96.115,21.512,0.13,0.15
2018-05-02 00:00:00+00:00,10.329,9.523,62.943,27.344,9.809,8.387,39.795,0.314,16.784,39.2,170.943,6.931,145.659,96.304,22.175,0.13,0.15
2018-05-03 00:00:00+00:00,10.376,9.792,63.01,27.525,9.803,8.245,39.379,0.304,17.013,38.14,169.055,7.222,145.659,96.445,22.683,0.13,0.15
2018-05-04 00:00:00+00:00,10.469,10.138,63.078,27.728,9.84,8.28,39.077,0.314,17.151,39.2,167.954,5.538,146.643,96.681,23.19,0.13,0.15
2018-05-05 00:00:00+00:00,10.914,10.944,63.214,28.112,10.207,9.766,39.304,0.352,17.517,44.144,168.583,4.696,148.611,97.106,24.869,0.13,0.15
2018-05-06 00:00:00+00:00,11.733,12.403,63.485,28.609,10.978,12.653,40.022,0.418,18.251,52.266,170.314,5.441,148.611,97.909,27.212,0.13,0.15
2018-05-07 00:00:00+00:00,12.411,14.131,63.824,29.491,11.923,15.447,41.042,0.494,19.581,61.801,173.521,4.307,148.611,99.043,29.32,0.13,0.15
2018-05-08 00:00:00+00:00,12.879,16.243,64.265,30.982,13.172,18.52,43.046,0.582,21.278,72.749,181.225,5.182,152.056,100.838,31.936,0.13,0.15
2018-05-09 00:00:00+00:00,13.652,19.238,64.91,32.949,14.838,22.271,46.75,2.074,23.295,86.169,194.871,8.097,153.532,103.672,35.371,0.13,0.15
2018-05-10 00:00:00+00:00,14.562,22.81,65.69,35.028,16.361,25.915,51.135,4.151,25.588,101.707,211.598,8.583,151.072,107.072,38.818,0.13,0.15
2018-05-11 00:00:00+00:00,15.001,25.728,66.334,36.836,17.032,28.4,54.159,5.994,27.193,115.48,225.905,6.121,155.008,110.048,41.573,0.13,0.15
2018-05-12 00:00:00+00:00,15.029,27.878,66.877,38.44,16.983,30.797,55.898,7.233,28.156,124.662,237.79,4.631,161.898,112.409,43.335,0.13,0.15
2018-05-13 00:00:00+00:00,15.083,29.952,67.385,40.068,16.852,33.152,57.599,8.409,28.844,133.138,248.795,4.664,158.453,114.676,44.825,0.13,0.15
2018-05-14 00:00:00+00:00,15.248,32.026,67.894,41.695,16.74,35.508,59.64,9.449,29.257,140.554,259.58,4.534,150.58,117.038,46.27,0.13,0.15
2018-05-15 00:00:00+00:00,15.331,33.907,68.369,43.277,16.479,37.504,61.681,10.073,29.44,145.145,269.925,5.797,148.119,119.21,47.399,0.13,0.15
2018-05-16 00:00:00+00:00,15.331,35.405,68.776,44.746,16.081,39.168,63.42,10.593,29.761,149.03,279.609,7.287,147.135,121.194,48.303,0.13,0.15
2018-05-17 00:00:00+00:00,15.111,36.595,69.149,46.147,15.547,40.32,64.667,11.113,30.082,152.561,288.193,6.186,142.214,122.894,48.89,0.13,0.15
2018-05-18 00:00:00+00:00,14.836,37.632,69.488,47.458,14.919,41.114,65.575,11.599,30.357,156.093,295.677,4.955,137.785,124.359,49.341,0.13,0.15
2018-05-19 00:00:00+00:00,14.589,38.669,69.827,48.769,14.279,41.78,66.482,12.015,30.541,159.271,302.94,5.57,137.785,125.728,49.838,0.13,0.15
2018-05-20 00:00:00+00:00,14.48,39.859,70.2,50.125,13.744,42.548,67.628,12.569,30.541,163.156,310.643,5.992,135.817,127.24,50.38,0.13,0.15
2018-05-21 00:00:00+00:00,14.452,41.126,70.607,51.481,13.39,43.341,69.007,12.951,30.724,165.981,317.907,6.898,131.88,128.893,51.148,0.13,0.15
2018-05-22 00:00:00+00:00,14.342,42.278,70.98,52.791,13.129,43.981,70.148,13.193,31.183,167.747,323.409,6.866,130.896,130.546,52.277,0.13,0.15
2018-05-23 00:00:00+00:00,14.315,43.43,71.353,54.08,12.899,44.57,71.195,13.401,31.504,169.159,329.132,6.607,131.88,132.104,53.496,0.13,0.15
2018-05-24 00:00:00+00:00,14.315,44.621,71.726,55.406,12.718,45.159,72.336,13.401,31.687,169.159,335.515,7.643,132.864,133.663,54.49,0.13,0.15
2018-05-25 00:00:00+00:00,14.315,45.888,72.099,57.381,12.582,45.696,73.43,13.436,31.687,169.512,341.898,6.769,131.88,135.174,55.032,0.13,0.15
2018-05-26 00:00:00+00:00,14.48,47.002,72.54,59.355,12.476,46.26,74.571,13.679,31.275,171.278,348.721,5.959,133.356,136.828,55.529,0.13,0.15
2018-05-27 00:00:00+00:00,15.825,47.578,72.981,61.401,12.426,46.9,75.76,14.025,31.091,173.75,355.104,6.51,134.341,138.481,56.025,0.13,0.15
2018-05-28 00:00:00+00:00,18.076,47.77,73.456,63.481,12.42,47.54,76.901,14.337,31.229,175.869,361.266,6.542,132.372,140.134,56.432,0.13,0.15
2018-05-29 00:00:00+00:00,20.71,47.885,73.964,65.526,12.42,48.308,78.09,14.753,31.275,179.047,367.869,5.635,132.372,141.881,56.929,0.13,0.15
2018-05-30 00:00:00+00:00,24.13,47.654,74.507,67.607,12.439,49.178,79.422,15.308,31.229,182.932,374.913,5.117,132.864,143.77,57.696,0.13,0.15
2018-05-31 00:00:00+00:00,26.971,47.501,74.982,69.723,12.464,49.895,80.468,15.828,31.32,186.817,381.295,5.538,131.88,145.66,58.509,0.13,0.15
2018-06-01 00:00:00+00:00,28.522,47.808,75.321,71.733,12.432,50.304,81.276,16.348,31.504,190.348,386.798,5.57,129.912,147.218,59.142,0.13,0.15
2018-06-02 00:00:00+00:00,30.271,48.039,75.694,73.778,12.395,50.612,81.942,16.868,31.55,194.233,392.029,5.635,127.944,148.682,59.774,0.13,0.15
2018-06-03 00:00:00+00:00,32.681,47.808,76.067,74.836,12.812,50.919,82.56,17.215,31.641,196.705,398.388,6.38,126.467,150.052,60.361,0.13,0.15
2018-06-04 00:00:00+00:00,34.959,47.462,76.372,74.448,13.688,51.072,82.988,17.457,31.366,198.471,403.087,6.931,126.467,151.233,60.858,0.13,0.15
2018-06-05 00:00:00+00:00,36.429,47.232,76.643,73.919,14.378,51.047,83.131,17.596,30.908,199.53,406.681,6.089,129.912,151.894,61.264,0.13,0.15
2018-06-06 00:00:00+00:00,37.385,47.309,76.881,74.025,14.788,50.97,83.179,17.665,30.724,199.883,409.722,6.283,134.341,151.989,61.671,0.13,0.15
2018-06-07 00:00:00+00:00,38.12,47.462,77.152,74.483,14.994,50.842,83.226,17.492,30.633,198.824,412.21,7.741,135.325,151.941,62.077,0.13,0.15
2018-06-08 00:00:00+00:00,38.818,47.616,77.39,76.282,14.49,50.688,83.274,17.353,30.357,197.764,414.698,7.255,137.293,151.941,62.439,0.13,0.15
2018-06-09 00:00:00+00:00,39.739,47.77,77.661,79.244,13.545,50.56,83.416,17.492,30.128,198.824,417.739,5.959,140.246,152.083,62.89,0.13,0.15
2018-06-10 00:00:00+00:00,42.196,47.654,78.034,81.218,13.427,50.56,83.749,17.665,30.403,199.883,422.715,5.668,138.769,152.65,63.568,0.13,0.15
2018-06-11 00:00:00+00:00,44.575,47.424,78.342,82.417,13.738,50.56,84.082,17.561,30.541,199.177,427.967,5.409,138.769,153.358,64.426,0.13,0.15
2018-06-12 00:00:00+00:00,45.199,47.501,78.479,83.546,13.912,50.407,84.13,17.492,30.862,198.824,430.732,5.376,138.277,153.594,65.103,0.13,0.15
2018-06-13 00:00:00+00:00,45.823,48.039,78.547,84.956,13.819,50.228,84.225,17.353,31.137,197.764,432.943,5.927,138.769,153.925,65.6,0.13,0.15
2018-06-14 00:00:00+00:00,48.33,48.039,78.616,87.566,13.265,50.048,84.463,17.215,31.091,196.705,436.537,7.06,139.262,154.492,66.006,0.13,0.15
2018-06-15 00:00:00+00:00,51.111,47.232,78.582,90.457,12.768,49.818,84.558,17.111,30.999,195.999,439.025,7.903,137.293,154.964,66.323,0.13,0.15
2018-06-16 00:00:00+00:00,52.272,47.078,78.547,92.996,12.501,49.588,84.558,17.215,30.908,196.705,440.684,7.546,136.801,155.295,66.548,0.13,0.15
2018-06-17 00:00:00+00:00,52.936,47.232,78.547,94.407,12.781,49.357,84.605,17.457,30.816,198.471,441.789,6.737,138.277,155.72,66.774,0.13,0.15
2018-06-18 00:00:00+00:00,53.891,47.539,78.582,95.782,12.93,49.127,84.653,17.665,30.816,199.883,443.172,6.51,137.293,156.239,67.045,0.13,0.15
2018-06-19 00:00:00+00:00,54.97,47.578,78.582,98.004,12.606,48.896,84.605,17.848,30.77,201.296,444.554,6.704,138.277,156.853,67.361,0.13,0.15
2018-06-20 00:00:00+00:00,55.509,47.347,78.513,99.767,12.488,48.64,84.463,18.107,30.724,203.062,444.83,6.737,135.817,157.326,67.723,0.13,0.15
2018-06-21 00:00:00+00:00,55.468,47.194,78.445,101.177,12.426,48.282,84.272,18.439,30.587,205.181,444.277,6.866,136.309,157.798,67.948,0.13,0.15
2018-06-22 00:00:00+00:00,54.887,47.309,78.411,102.376,12.42,47.872,83.987,18.883,30.495,208.359,443.448,6.639,135.817,158.27,68.129,0.13,0.15
2018-06-23 00:00:00+00:00,53.974,47.616,78.411,102.729,12.774,47.437,83.702,19.437,30.403,211.89,442.066,6.024,132.864,158.79,68.355,0.13,0.15
2018-06-24 00:00:00+00:00,53.684,47.846,78.445,102.341,13.495,47.002,83.416,19.77,30.312,214.362,440.407,5.7,130.896,159.309,68.49,0.13,0.15
2018-06-25 00:00:00+00:00,54.182,47.693,78.445,101.777,14.484,46.541,83.179,19.77,30.174,214.362,439.301,5.376,130.404,159.829,68.581,0.13,0.15
2018-06-26 00:00:00+00:00,54.762,47.347,78.445,101.248,15.621,46.055,82.893,19.733,30.082,214.009,438.472,6.283,131.388,160.16,68.536,0.13,0.15
2018-06-27 00:00:00+00:00,54.887,47.309,78.411,100.895,16.616,45.517,82.56,19.843,29.945,214.716,437.643,6.866,133.356,160.443,68.445,0.13,0.15
2018-06-28 00:00:00+00:00,54.804,47.386,78.411,100.472,17.598,44.98,82.228,19.991,29.807,215.775,436.813,6.348,131.88,160.632,68.445,0.13,0.15
2018-06-29 00:00:00+00:00,54.638,47.309,78.411,100.86,18.158,44.416,81.895,20.213,29.67,217.188,435.431,6.542,130.404,160.774,68.536,0.13,0.15
2018-06-30 00:00:00+00:00,54.306,47.27,78.376,102.129,18.245,43.828,81.562,20.509,29.532,219.307,434.325,6.445,132.372,161.01,68.671,0.13,0.15
2018-07-01 00:00:00+00:00,53.766,47.386,78.376,102.306,18.481,43.239,81.181,20.841,29.394,221.425,432.667,6.477,130.896,161.246,68.716,0.13,0.15
2018-07-02 00:00:00+00:00,53.31,47.462,78.376,101.636,18.599,42.624,80.753,20.878,29.257,221.779,430.455,7.417,127.944,161.435,68.761,0.13,0.15
2018-07-03 00:00:00+00:00,53.061,47.386,78.376,100.966,18.506,41.984,80.325,20.767,29.073,221.072,428.244,7.384,128.928,161.576,68.761,0.13,0.15
2018-07-04 00:00:00+00:00,52.812,47.386,78.376,100.366,18.456,41.319,79.897,20.657,28.936,220.366,426.308,6.348,132.864,161.624,68.807,0.13,0.15
2018-07-05 00:00:00+00:00,52.563,47.424,78.376,99.908,18.369,40.653,79.469,20.62,28.752,220.013,424.65,5.635,135.817,161.671,68.852,0.13,0.15
2018-07-06 00:00:00+00:00,52.231,47.386,78.342,99.132,18.437,39.962,79.136,20.767,28.569,221.072,423.544,5.376,136.309,161.624,68.897,0.13,0.15
2018-07-07 00:00:00+00:00,51.899,47.347,78.342,98.039,18.686,39.296,78.804,21.1,28.431,223.191,422.715,6.251,133.356,161.482,68.942,0.13,0.15
2018-07-08 00:00:00+00:00,51.567,47.309,78.342,97.087,18.891,38.58,78.423,21.211,28.248,223.898,421.609,6.898,133.356,161.34,68.942,0.13,0.15
2018-07-09 00:00:00+00:00,51.235,47.27,78.342,96.135,19.084,37.888,78.043,21.137,28.065,223.544,419.95,7.352,131.388,161.104,68.987,0.13,0.15
2018-07-10 00:00:00+00:00,50.778,47.309,78.342,95.112,19.301,37.172,77.615,20.915,27.927,222.132,418.292,7.514,133.356,160.868,68.987,0.13,0.15
2018-07-11 00:00:00+00:00,50.28,47.347,78.342,94.125,19.519,36.48,77.234,20.73,27.789,220.719,416.356,7.417,135.325,160.585,69.032,0.13,0.15
2018-07-12 00:00:00+00:00,49.782,47.386,78.342,93.102,19.718,35.789,76.854,20.62,27.698,220.013,413.868,7.773,137.293,160.207,69.032,0.13,0.15
2018-07-13 00:00:00+00:00,49.201,47.386,78.342,92.185,19.879,35.098,76.473,20.62,27.56,220.013,411.657,7.611,137.785,159.829,69.077,0.13,0.15
2018-07-14 00:00:00+00:00,48.579,47.347,78.308,91.339,20.01,34.356,76.045,20.841,27.423,221.425,409.169,6.769,138.277,159.451,69.123,0.13,0.15
2018-07-15 00:00:00+00:00,47.957,47.347,78.308,90.422,20.172,33.613,75.617,20.915,27.239,222.132,406.957,6.672,137.293,159.073,69.168,0.13,0.15
2018-07-16 00:00:00+00:00,47.422,47.386,78.342,89.541,20.265,32.871,75.237,20.767,27.102,221.072,405.022,6.963,136.801,158.648,69.168,0.13,0.15
2018-07-17 00:00:00+00:00,46.915,47.539,78.342,88.871,20.209,32.128,74.856,20.767,26.964,221.072,403.087,6.575,138.277,158.223,69.258,0.13,0.15
2018-07-18 00:00:00+00:00,46.408,47.616,78.342,88.271,20.091,31.386,74.476,20.878,26.826,221.779,401.428,6.704,135.817,157.798,69.348,0.13,0.15
2018-07-19 00:00:00+00:00,45.862,47.616,78.342,87.636,19.985,30.567,74.096,20.878,26.643,221.779,399.77,7.417,133.849,157.326,69.394,0.13,0.15
2018-07-20 00:00:00+00:00,45.277,47.616,78.308,86.931,19.904,29.748,73.668,20.878,26.46,221.779,397.835,7.158,131.88,156.806,69.439,0.13,0.15
2018-07-21 00:00:00+00:00,44.692,47.578,78.308,86.191,19.855,28.928,73.24,21.1,26.322,223.191,395.9,6.089,131.88,156.287,69.484,0.13,0.15
2018-07-22 00:00:00+00:00,44.107,47.539,78.308,85.379,19.83,28.277,72.812,21.248,26.139,224.251,393.964,5.83,131.388,155.767,69.529,0.13,0.15
2018-07-23 00:00:00+00:00,43.522,47.578,78.308,84.639,19.805,27.767,72.384,21.285,25.955,224.604,391.753,6.445,131.88,155.2,69.484,0.13,0.15
2018-07-24 00:00:00+00:00,42.937,47.616,78.274,83.898,19.761,27.242,71.956,21.211,25.818,223.898,389.659,7.643,132.372,154.681,69.394,0.13,0.15
2018-07-25 00:00:00+00:00,42.391,47.616,78.274,83.299,19.693,26.702,71.48,21.026,25.634,222.838,387.899,7.838,131.388,154.067,69.348,0.13,0.15
2018-07-26 00:00:00+00:00,41.767,47.539,78.274,82.911,19.525,26.208,71.052,21.026,25.451,222.838,386.138,7.643,130.404,153.5,69.213,0.13,0.15
2018-07-27 00:00:00+00:00,41.299,47.616,78.342,82.911,19.245,25.776,70.719,21.396,25.405,225.31,385.037,8.194,131.388,152.98,69.168,0.13,0.15
2018-07-28 00:00:00+00:00,41.728,47.77,78.376,82.946,19.015,25.606,70.529,22.024,25.405,229.548,384.597,7.903,129.42,152.65,69.303,0.13,0.15
2018-07-29 00:00:00+00:00,42.469,47.654,78.376,82.946,18.835,25.529,70.386,22.615,25.267,233.433,383.937,7.06,127.451,152.225,69.258,0.13,0.15
2018-07-30 00:00:00+00:00,42.976,47.693,78.342,83.087,18.723,26.192,70.957,23.317,25.451,238.377,386.138,7.449,129.912,151.941,70.116,0.13,0.15
2018-07-31 00:00:00+00:00,43.717,47.77,78.274,83.369,18.723,27.644,72.098,24.057,25.955,243.321,389.879,7.481,132.864,151.847,71.652,0.13,0.15
2018-08-01 00:00:00+00:00,44.146,47.578,78.239,83.934,18.555,28.57,72.621,24.315,26.23,245.087,391.476,7.352,135.325,151.611,72.149,0.13,0.15
2018-08-02 00:00:00+00:00,44.107,47.462,78.205,85.344,18.214,29.133,72.669,24.426,26.23,245.793,391.753,8.097,140.246,151.28,71.968,0.13,0.15
2018-08-03 00:00:00+00:00,43.951,47.424,78.205,87.319,18.126,29.645,72.716,24.537,26.23,246.499,391.476,7.06,139.754,151.044,71.426,0.13,0.15
2018-08-04 00:00:00+00:00,43.639,47.386,78.171,89.223,18.201,30.183,72.669,24.574,26.184,246.852,391.753,5.57,139.754,150.808,70.703,0.13,0.15
2018-08-05 00:00:00+00:00,43.249,47.309,78.171,90.881,18.257,30.464,72.526,24.574,26.093,246.852,391.476,6.38,138.277,150.666,70.207,0.13,0.15
2018-08-06 00:00:00+00:00,42.82,47.309,78.171,92.221,18.381,30.311,72.336,24.463,26.001,246.146,390.32,7.093,134.833,150.666,70.161,0.13,0.15
2018-08-07 00:00:00+00:00,42.547,47.539,78.239,93.631,18.462,30.08,72.241,24.389,26.001,245.44,389.659,6.315,135.817,150.855,70.342,0.13,0.15
2018-08-08 00:00:00+00:00,42.898,47.539,78.274,95.147,18.518,30.004,72.336,24.204,25.955,244.38,389.879,6.834,135.325,151.28,70.387,0.13,0.15
2018-08-09 00:00:00+00:00,44.731,47.578,78.376,96.946,18.897,31.232,73.287,24.167,26.505,244.027,393.412,8.064,133.356,152.319,71.2,0.13,0.15
2018-08-10 00:00:00+00:00,46.993,47.462,78.411,98.815,19.55,33.588,74.476,24.315,27.193,245.087,399.77,8.291,132.372,153.594,72.058,0.13,0.15
2018-08-11 00:00:00+00:00,47.461,47.155,78.308,100.225,20.022,35.047,74.856,24.463,27.377,246.146,403.916,7.449,134.341,154.35,71.878,0.13,0.15
2018-08-12 00:00:00+00:00,46.798,47.232,78.239,100.049,20.451,35.328,74.952,24.426,27.377,245.793,406.128,6.315,134.833,154.917,71.652,0.13,0.15
2018-08-13 00:00:00+00:00,45.979,47.27,78.205,98.638,20.737,35.124,75.142,24.167,27.331,244.027,407.787,6.218,135.325,155.295,71.516,0.13,0.15
2018-08-14 00:00:00+00:00,45.16,47.309,78.205,97.369,20.744,34.74,75.332,23.872,27.285,241.908,409.445,6.251,135.325,155.578,71.29,0.13,0.15
2018-08-15 00:00:00+00:00,45.628,47.654,78.274,96.241,20.831,34.74,76.045,23.761,27.377,241.202,414.698,6.477,134.341,156.003,71.561,0.13,0.15
2018-08-16 00:00:00+00:00,47.707,47.77,78.376,95.853,21.005,35.303,77.282,23.909,27.698,242.261,422.162,6.769,133.356,156.617,72.194,0.13,0.15
2018-08-17 00:00:00+00:00,49.699,47.693,78.342,97.052,20.7,35.892,78.28,24.057,27.927,243.321,428.244,6.348,132.864,157.184,72.51,0.13,0.15
2018-08-18 00:00:00+00:00,50.903,47.616,78.308,98.991,19.923,36.48,78.899,24.315,28.019,245.087,432.39,5.506,133.356,157.751,72.465,0.13,0.15
2018-08-19 00:00:00+00:00,51.235,47.386,78.274,99.943,19.395,36.762,79.327,24.463,28.019,246.146,435.431,5.311,132.864,158.129,72.239,0.13,0.15
2018-08-20 00:00:00+00:00,51.069,47.309,78.205,99.837,19.121,36.66,79.612,24.167,27.973,244.027,437.366,6.963,132.864,158.318,72.013,0.13,0.15
2018-08-21 00:00:00+00:00,51.069,47.578,78.239,100.225,18.524,36.788,79.945,23.798,27.927,241.555,439.301,7.805,132.372,158.365,71.426,0.13,0.15
2018-08-22 00:00:00+00:00,51.526,47.693,78.274,101.424,17.623,37.223,80.373,23.428,27.973,239.083,441.789,7.546,134.833,158.601,70.703,0.13,0.15
2018-08-23 00:00:00+00:00,51.982,47.309,78.205,101.565,17.3,37.376,80.801,23.243,27.973,237.67,444.001,6.996,134.833,159.026,70.207,0.13,0.15
2018-08-24 00:00:00+00:00,51.857,47.155,78.103,100.296,17.679,37.12,81.134,23.022,27.881,236.258,446.212,6.607,136.801,159.309,69.981,0.13,0.15
2018-08-25 00:00:00+00:00,51.111,47.194,78.068,98.815,18.145,36.66,81.372,23.022,27.835,236.258,447.871,5.992,137.293,159.404,69.755,0.13,0.15
2018-08-26 00:00:00+00:00,50.447,47.347,78.068,97.757,18.4,36.378,81.657,23.022,27.744,236.258,449.253,5.344,137.785,159.451,69.574,0.13,0.15
2018-08-27 00:00:00+00:00,50.032,47.309,78.068,96.805,18.605,36.327,81.99,22.874,27.652,235.198,450.912,6.51,137.785,159.451,69.574,0.13,0.15
2018-08-28 00:00:00+00:00,49.741,47.232,78.103,95.712,18.891,36.276,82.275,22.615,27.606,233.433,452.847,7.87,139.262,159.357,69.574,0.13,0.15
2018-08-29 00:00:00+00:00,49.409,47.347,78.137,94.901,19.078,36.378,82.703,22.504,27.56,232.726,455.059,7.643,139.754,159.309,69.665,0.13,0.15
2018-08-30 00:00:00+00:00,48.911,47.424,78.137,94.089,19.289,36.455,83.084,22.43,27.514,232.373,456.717,7.352,139.262,159.168,69.71,0.13,0.15
2018-08-31 00:00:00+00:00,48.372,47.386,78.137,93.067,19.556,36.199,83.369,22.172,27.423,230.607,458.376,7.773,137.785,158.979,69.665,0.13,0.15
2018-09-01 00:00:00+00:00,47.707,47.309,78.137,92.185,19.736,35.943,83.559,21.913,27.331,228.842,459.482,7.222,138.769,158.648,69.348,0.13,0.15
2018-09-02 00:00:00+00:00,46.876,47.347,78.103,91.304,19.879,35.636,83.702,21.765,27.193,227.782,460.588,6.121,138.769,158.318,69.032,0.13,0.15
2018-09-03 00:00:00+00:00,45.94,47.386,78.068,90.387,19.991,35.098,83.844,21.47,27.102,225.663,461.693,5.992,137.293,157.892,68.807,0.13,0.15
2018-09-04 00:00:00+00:00,44.926,47.462,78.068,89.435,20.06,34.535,83.987,21.1,26.964,223.191,462.523,7.158,135.817,157.467,68.581,0.13,0.15
2018-09-05 00:00:00+00:00,43.99,47.731,78.137,88.588,20.066,34.381,84.415,20.841,26.872,221.425,463.905,8.0,133.356,157.278,68.716,0.13,0.15
2018-09-06 00:00:00+00:00,43.483,48.194,78.171,88.588,19.879,35.943,85.366,20.915,27.056,222.132,466.393,6.931,131.388,157.278,69.665,0.13,0.15
2018-09-07 00:00:00+00:00,43.795,48.658,78.239,90.528,19.314,39.424,87.173,21.876,27.789,228.488,470.816,5.83,134.341,157.609,71.923,0.13,0.15
2018-09-08 00:00:00+00:00,44.77,48.89,78.308,93.419,18.618,42.88,89.313,23.133,28.661,236.964,476.068,5.635,139.262,157.987,74.091,0.13,0.15
2018-09-09 00:00:00+00:00,46.603,49.277,78.308,95.218,18.388,45.696,90.93,23.946,29.119,242.615,482.15,6.575,152.548,158.506,75.355,0.13,0.15
2018-09-10 00:00:00+00:00,49.907,49.665,78.411,97.122,18.269,48.205,92.547,24.685,29.578,247.559,490.72,7.352,152.548,159.734,76.304,0.13,0.15
2018-09-11 00:00:00+00:00,53.891,49.394,78.479,100.225,18.263,50.304,93.974,25.276,30.22,251.443,499.843,7.449,151.564,161.482,76.665,0.13,0.15
2018-09-12 00:00:00+00:00,57.364,48.852,78.411,102.941,18.624,51.764,94.972,25.461,30.633,252.856,507.86,8.097,149.595,162.899,76.756,0.13,0.15
2018-09-13 00:00:00+00:00,59.848,48.581,78.376,105.021,18.767,52.378,95.781,25.35,30.816,252.15,514.218,8.097,148.119,163.844,76.756,0.13,0.15
2018-09-14 00:00:00+00:00,61.78,48.271,78.376,106.819,18.711,52.66,96.494,25.165,30.999,250.737,519.47,8.226,146.151,164.741,76.801,0.13,0.15
2018-09-15 00:00:00+00:00,63.252,47.885,78.308,108.371,18.605,52.813,97.065,24.943,31.137,249.324,524.17,7.352,143.69,165.591,76.893,0.13,0.15
2018-09-16 00:00:00+00:00,64.494,47.654,78.308,109.782,18.468,52.967,97.636,24.722,31.275,247.912,528.316,6.056,140.246,166.536,76.984,0.13,0.15
2018-09-17 00:00:00+00:00,65.523,47.654,78.274,111.051,18.325,53.018,98.064,24.426,31.366,245.793,532.74,6.153,138.769,167.433,76.984,0.13,0.15
2018-09-18 00:00:00+00:00,66.425,47.885,78.274,112.215,18.126,52.941,98.396,24.167,31.412,244.027,536.886,6.251,137.293,168.378,76.984,0.13,0.15
2018-09-19 00:00:00+00:00,68.468,48.039,78.308,113.519,17.977,52.864,98.729,23.872,31.55,241.908,542.415,7.125,133.356,169.7,76.938,0.13,0.15
2018-09-20 00:00:00+00:00,72.078,47.885,78.411,115.071,18.226,53.658,99.538,23.761,31.917,241.202,550.985,7.773,131.388,171.448,77.623,0.13,0.15
2018-09-21 00:00:00+00:00,75.95,47.424,78.411,116.235,18.779,54.637,100.489,24.167,32.379,244.027,559.831,7.384,128.436,173.054,78.262,0.13,0.15
2018-09-22 00:00:00+00:00,78.35,47.04,78.308,116.834,19.084,54.663,100.917,24.648,32.519,247.205,566.189,6.153,131.88,174.14,77.988,0.13,0.15
2018-09-23 00:00:00+00:00,79.05,47.04,78.137,117.187,19.022,54.403,101.06,24.722,32.519,247.912,570.06,5.117,131.88,174.848,77.577,0.13,0.15
2018-09-24 00:00:00+00:00,79.35,47.078,78.0,117.398,18.767,54.196,101.155,24.426,32.426,245.793,572.824,6.283,130.896,175.368,77.212,0.13,0.15
2018-09-25 00:00:00+00:00,81.6,47.309,78.205,118.174,18.332,54.119,101.44,24.167,32.519,244.027,576.694,6.963,127.944,176.407,77.258,0.13,0.15
2018-09-26 00:00:00+00:00,84.2,47.616,78.411,119.726,17.716,54.222,101.868,24.204,32.751,244.38,582.776,6.348,126.467,177.824,77.44,0.13,0.15
2018-09-27 00:00:00+00:00,84.804,47.347,78.342,121.242,16.983,54.3,102.153,24.204,32.798,244.38,588.305,7.06,125.975,178.91,77.395,0.13,0.15
2018-09-28 00:00:00+00:00,84.25,47.155,78.274,122.407,16.33,54.222,102.391,23.872,32.705,241.908,591.899,7.935,128.928,179.76,77.212,0.13,0.15
2018-09-29 00:00:00+00:00,83.2,47.501,78.274,123.084,16.007,54.093,102.581,23.65,32.658,240.496,594.387,7.579,130.404,180.61,77.121,0.13,0.15
2018-09-30 00:00:00+00:00,82.8,47.77,78.239,123.084,15.777,53.94,102.724,23.502,32.612,239.436,596.875,7.773,131.388,181.366,76.984,0.13,0.15
2018-10-01 00:00:00+00:00,82.95,47.846,78.205,122.728,15.217,53.709,102.867,23.059,32.519,236.611,599.086,8.0,129.42,181.933,76.801,0.13,0.15
2018-10-02 00:00:00+00:00,83.25,47.808,78.171,122.55,14.465,53.428,103.009,22.504,32.426,232.726,600.468,7.643,131.388,182.405,76.62,0.13,0.15
2018-10-03 00:00:00+00:00,83.65,47.885,78.205,122.443,13.8,53.12,103.152,21.987,32.379,229.195,601.574,7.32,133.356,182.83,76.484,0.13,0.15
2018-10-04 00:00:00+00:00,84.4,48.116,78.274,122.159,13.682,52.89,103.39,21.396,32.379,225.31,603.509,6.153,133.849,183.35,76.484,0.13,0.15
2018-10-05 00:00:00+00:00,84.854,48.077,78.239,121.031,14.434,52.685,103.58,20.878,32.286,221.779,605.444,5.7,133.849,183.964,76.394,0.13,0.15
2018-10-06 00:00:00+00:00,84.45,47.962,78.205,119.338,15.366,52.429,103.77,20.398,32.193,218.6,606.827,5.732,133.356,184.295,76.258,0.13,0.15
2018-10-07 00:00:00+00:00,84.05,48.0,78.205,118.28,15.82,52.122,103.96,19.88,32.193,215.069,608.209,5.182,132.864,184.486,76.168,0.13,0.15
2018-10-08 00:00:00+00:00,84.804,48.503,78.308,117.398,16.349,51.866,104.341,19.363,32.193,211.537,610.42,4.858,131.88,184.82,76.123,0.13,0.15
2018-10-09 00:00:00+00:00,85.613,48.697,78.376,116.305,17.405,51.661,104.769,18.957,32.193,208.712,612.632,4.664,131.388,185.345,76.033,0.13,0.15
2018-10-10 00:00:00+00:00,85.057,48.348,78.274,115.494,18.705,51.431,105.102,18.587,32.147,206.24,614.844,4.534,130.896,185.632,75.897,0.13,0.15
2018-10-11 00:00:00+00:00,84.45,48.194,78.239,115.671,19.662,51.175,105.387,18.291,32.054,204.121,616.502,4.145,128.436,185.488,75.762,0.13,0.15
2018-10-12 00:00:00+00:00,85.158,49.123,78.274,117.222,19.879,51.047,105.768,18.18,32.008,203.415,620.372,3.789,125.975,186.013,75.671,0.13,0.15
2018-10-13 00:00:00+00:00,86.726,50.168,78.342,119.373,20.514,51.482,106.433,18.365,32.008,204.827,628.666,3.221,124.007,187.015,75.445,0.13,0.15
2018-10-14 00:00:00+00:00,86.979,49.742,78.308,121.101,21.471,52.02,107.194,18.993,32.054,209.065,635.024,4.307,119.578,186.729,75.174,0.13,0.15
2018-10-15 00:00:00+00:00,86.018,48.929,78.239,121.842,21.806,52.173,107.717,19.696,32.008,213.656,635.853,7.158,115.149,185.822,75.22,0.13,0.15
2018-10-16 00:00:00+00:00,85.31,48.426,78.205,121.701,21.757,52.352,108.145,20.102,31.962,216.481,634.471,8.194,116.133,185.393,75.129,0.13,0.15
2018-10-17 00:00:00+00:00,84.804,47.885,78.171,120.96,21.409,52.532,108.431,20.472,31.871,218.953,632.26,8.032,119.578,185.154,74.723,0.13,0.15
2018-10-18 00:00:00+00:00,84.15,47.27,78.137,120.149,21.191,52.506,108.621,20.989,31.733,222.485,630.048,7.546,119.086,185.011,74.362,0.13,0.15
2018-10-19 00:00:00+00:00,83.2,47.078,78.137,119.479,21.141,52.378,108.764,20.915,31.641,222.132,630.601,7.06,118.102,184.868,73.955,0.13,0.15
2018-10-20 00:00:00+00:00,81.85,47.232,78.137,118.492,21.029,52.404,108.859,20.361,31.596,218.247,631.983,7.093,119.086,184.82,73.413,0.13,0.15
2018-10-21 00:00:00+00:00,80.55,47.309,78.205,117.645,20.725,52.583,109.049,19.88,31.641,215.069,633.642,7.222,121.054,184.82,72.826,0.13,0.15
2018-10-22 00:00:00+00:00,80.15,47.232,78.239,117.786,20.545,52.967,109.239,19.88,31.779,215.069,633.918,7.255,119.578,184.916,72.781,0.13,0.15
2018-10-23 00:00:00+00:00,80.15,47.078,78.205,118.456,20.551,53.351,109.382,20.361,31.871,218.247,631.43,7.352,121.054,184.916,72.871,0.13,0.15
2018-10-24 00:00:00+00:00,79.9,46.886,78.171,118.174,20.482,53.325,109.382,20.989,31.825,222.485,627.836,7.32,123.515,184.868,72.736,0.13,0.15
2018-10-25 00:00:00+00:00,79.55,46.579,78.137,117.011,20.476,53.069,109.382,21.285,31.779,224.604,625.348,7.449,128.928,184.725,72.691,0.13,0.15
2018-10-26 00:00:00+00:00,79.25,46.157,78.137,115.882,20.439,52.711,109.382,21.1,31.687,223.191,625.348,7.741,133.356,184.582,72.555,0.13,0.15
2018-10-27 00:00:00+00:00,78.95,45.696,78.103,114.718,20.315,52.276,109.334,20.62,31.596,220.013,626.454,6.866,137.293,184.391,72.42,0.13,0.15
2018-10-28 00:00:00+00:00,78.55,45.235,78.103,113.484,20.159,51.789,109.287,20.102,31.55,216.481,627.284,6.186,135.325,184.295,72.239,0.13,0.15
2018-10-29 00:00:00+00:00,78.2,44.736,78.103,112.285,19.979,51.354,109.287,19.622,31.458,213.303,628.389,5.085,133.356,184.153,72.058,0.13,0.15
2018-10-30 00:00:00+00:00,77.85,44.275,78.103,111.086,19.805,50.944,109.287,19.178,31.412,210.125,629.219,4.89,131.88,183.964,71.878,0.13,0.15
2018-10-31 00:00:00+00:00,77.45,43.776,78.103,109.852,19.668,50.586,109.287,18.624,31.32,206.593,630.048,5.894,130.404,183.775,71.742,0.13,0.15
2018-11-01 00:00:00+00:00,77.1,43.354,78.103,108.653,19.562,50.279,109.334,18.07,31.32,202.708,630.877,7.093,128.436,183.586,71.968,0.13,0.15
2018-11-02 00:00:00+00:00,76.75,42.893,78.103,107.525,19.469,49.972,109.334,17.561,31.275,199.177,631.707,7.158,127.451,183.35,72.149,0.13,0.15
2018-11-03 00:00:00+00:00,76.35,42.394,78.103,106.396,19.376,49.613,109.334,17.145,31.229,196.352,632.536,6.218,126.467,183.066,72.194,0.13,0.15
2018-11-04 00:00:00+00:00,76.0,41.933,77.932,105.515,19.295,49.255,109.334,16.833,31.183,193.88,633.642,6.153,125.975,182.736,72.149,0.13,0.15
2018-11-05 00:00:00+00:00,75.6,41.434,77.457,105.127,19.221,48.896,109.382,16.348,31.183,190.348,634.471,7.028,124.007,182.405,72.149,0.13,0.15
2018-11-06 00:00:00+00:00,75.25,40.973,76.779,105.021,19.171,48.564,109.429,15.689,31.183,185.757,635.3,7.805,124.991,182.122,72.149,0.13,0.15
2018-11-07 00:00:00+00:00,74.9,40.55,76.135,104.845,19.134,48.333,109.524,14.996,31.183,180.813,636.406,7.967,124.991,181.838,72.194,0.13,0.15
2018-11-08 00:00:00+00:00,74.6,40.205,75.558,104.527,19.127,48.256,109.429,14.511,31.229,177.282,637.512,6.801,124.007,181.555,72.149,0.13,0.15
2018-11-09 00:00:00+00:00,74.31,39.859,75.253,103.857,19.171,48.896,108.954,14.476,31.458,176.928,639.171,4.761,124.991,181.319,72.374,0.13,0.15
2018-11-10 00:00:00+00:00,74.453,39.936,75.185,103.258,19.295,51.738,108.811,15.169,32.1,181.873,641.677,5.635,124.991,181.413,74.316,0.13,0.15
2018-11-11 00:00:00+00:00,74.75,40.166,75.219,103.011,19.5,54.455,109.001,16.383,32.658,190.701,645.031,7.158,128.436,181.791,76.801,0.13,0.15
2018-11-12 00:00:00+00:00,74.8,40.051,75.151,103.046,19.662,54.896,108.716,17.561,32.798,199.177,646.707,5.538,141.23,181.98,77.714,0.13,0.15
2018-11-13 00:00:00+00:00,74.65,39.782,75.05,103.046,19.712,54.611,108.193,18.328,32.798,204.474,646.707,5.441,153.04,181.838,77.714,0.13,0.15
2018-11-14 00:00:00+00:00,74.55,39.552,74.948,102.87,19.693,54.507,107.812,18.587,32.751,206.24,646.148,6.477,155.501,181.697,77.623,0.13,0.15
2018-11-15 00:00:00+00:00,74.5,39.398,74.846,102.553,19.668,54.481,108.003,18.809,32.705,207.653,646.148,5.862,155.008,181.508,77.532,0.13,0.15
2018-11-16 00:00:00+00:00,74.358,39.13,74.71,102.165,19.631,54.352,108.478,18.957,32.658,208.712,645.869,5.57,153.04,181.272,77.349,0.13,0.15
2018-11-17 00:00:00+00:00,74.12,38.784,74.541,101.777,19.569,54.196,108.906,19.104,32.565,209.772,645.31,4.826,149.595,180.941,77.167,0.13,0.15
2018-11-18 00:00:00+00:00,73.835,38.362,74.337,101.354,19.482,54.016,109.192,18.993,32.472,209.065,644.472,4.048,147.627,180.705,76.893,0.13,0.15
2018-11-19 00:00:00+00:00,73.502,37.901,74.134,100.895,19.37,53.888,109.429,18.846,32.379,208.006,643.913,4.372,145.659,180.422,76.484,0.13,0.15
2018-11-20 00:00:00+00:00,73.123,37.402,73.897,100.296,19.27,53.684,109.62,18.55,32.286,205.887,643.354,4.923,143.69,180.138,76.078,0.13,0.15
2018-11-21 00:00:00+00:00,72.742,36.902,73.693,99.555,19.208,53.3,109.762,18.07,32.193,202.708,642.795,5.635,139.754,179.76,75.807,0.13,0.15
2018-11-22 00:00:00+00:00,72.315,36.365,73.456,98.744,19.165,52.813,109.857,17.423,32.1,198.118,642.515,6.963,137.293,179.382,75.581,0.13,0.15
2018-11-23 00:00:00+00:00,71.935,35.866,73.218,97.933,19.127,52.327,109.905,16.729,32.008,193.173,642.236,7.028,136.801,178.91,75.355,0.13,0.15
2018-11-24 00:00:00+00:00,71.508,35.328,72.981,97.087,19.09,51.815,109.905,16.071,31.917,188.582,641.956,6.38,135.817,178.438,75.129,0.13,0.15
2018-11-25 00:00:00+00:00,71.08,34.79,72.743,96.276,19.034,51.252,109.905,15.447,31.779,183.992,641.677,6.834,136.309,177.966,74.903,0.13,0.15
2018-11-26 00:00:00+00:00,70.653,34.253,72.506,95.465,18.972,50.688,109.905,14.684,31.687,178.341,641.397,7.546,136.801,177.446,74.633,0.13,0.15
2018-11-27 00:00:00+00:00,70.225,33.677,72.269,94.689,18.897,50.176,109.905,13.921,31.596,173.044,641.397,7.481,137.293,176.879,74.271,0.13,0.15
2018-11-28 00:00:00+00:00,69.797,33.178,72.031,93.913,18.816,49.946,109.905,13.263,31.458,168.1,641.397,7.222,137.293,176.312,73.774,0.13,0.15
2018-11-29 00:00:00+00:00,69.417,32.678,71.828,93.173,18.748,49.844,109.905,12.673,31.366,163.862,641.677,6.898,137.293,175.746,73.278,0.13,0.15
2018-11-30 00:00:00+00:00,68.99,32.179,71.624,92.467,18.674,49.792,109.952,12.223,31.275,160.684,641.677,6.186,134.833,175.132,72.645,0.13,0.15
2018-12-01 00:00:00+00:00,68.61,31.68,71.421,91.762,18.599,49.92,109.952,11.841,31.183,157.858,641.956,5.085,134.341,174.565,71.968,0.13,0.15
2018-12-02 00:00:00+00:00,68.23,31.181,71.217,91.304,18.462,49.844,109.952,11.425,31.091,155.033,641.956,4.664,133.849,173.998,71.516,0.13,0.15
2018-12-03 00:00:00+00:00,67.85,30.682,70.98,90.916,18.257,49.562,109.952,10.94,30.954,151.502,641.677,5.441,133.849,173.384,71.2,0.13,0.15
2018-12-04 00:00:00+00:00,67.375,30.144,70.777,90.528,18.102,49.204,109.905,10.42,30.816,147.617,641.118,6.38,134.833,172.77,70.794,0.13,0.15
2018-12-05 00:00:00+00:00,66.9,29.606,70.37,90.457,17.99,48.768,109.667,10.004,30.724,144.792,639.171,7.417,134.833,172.156,70.478,0.13,0.15
2018-12-06 00:00:00+00:00,66.52,29.069,69.691,91.233,17.611,48.436,109.382,9.831,30.633,143.379,635.853,7.903,134.833,171.637,70.116,0.13,0.15
2018-12-07 00:00:00+00:00,66.093,28.493,68.945,92.714,16.908,48.384,109.049,9.692,30.541,142.32,632.812,7.838,136.309,171.117,69.529,0.13,0.15
2018-12-08 00:00:00+00:00,65.76,27.802,68.165,94.231,16.181,48.487,108.668,9.588,30.449,141.613,629.495,6.704,134.833,170.55,68.716,0.13,0.15
2018-12-09 00:00:00+00:00,65.38,27.034,67.453,95.465,15.659,48.538,108.336,9.588,30.312,141.613,626.178,5.214,135.817,170.078,67.768,0.13,0.15
2018-12-10 00:00:00+00:00,65.0,26.266,66.707,96.135,15.447,48.359,107.908,9.692,30.174,142.32,622.584,5.052,134.833,169.606,67.045,0.13,0.15
2018-12-11 00:00:00+00:00,64.632,25.498,65.961,96.205,15.541,47.847,107.48,9.519,30.036,141.26,618.99,5.927,132.372,169.181,66.729,0.13,0.15
2018-12-12 00:00:00+00:00,64.218,24.691,65.249,95.888,15.746,47.232,107.052,9.241,29.899,139.141,615.396,7.028,131.388,168.756,66.413,0.13,0.15
2018-12-13 00:00:00+00:00,63.804,23.846,64.537,95.571,15.808,46.644,106.624,8.86,29.761,136.316,611.803,8.097,130.404,168.33,66.097,0.13,0.15
2018-12-14 00:00:00+00:00,63.436,22.848,63.824,95.429,15.802,46.08,106.291,8.513,29.67,133.844,608.485,8.162,129.912,167.905,65.781,0.13,0.15
2018-12-15 00:00:00+00:00,63.114,21.811,63.112,95.465,15.789,45.696,105.91,8.271,29.578,132.078,605.168,6.834,128.928,167.575,65.374,0.13,0.15
2018-12-16 00:00:00+00:00,62.746,20.774,62.4,95.394,15.783,45.236,105.482,8.097,29.44,131.019,601.851,6.542,130.404,167.244,65.013,0.13,0.15
2018-12-17 00:00:00+00:00,62.332,19.699,61.722,95.112,15.795,44.621,105.197,7.855,29.303,129.253,598.257,7.546,131.88,166.866,64.697,0.13,0.15
2018-12-18 00:00:00+00:00,61.918,18.624,60.976,94.971,15.814,44.032,104.816,7.543,29.165,126.781,594.663,8.032,131.88,166.488,64.426,0.13,0.15
2018-12-19 00:00:00+00:00,61.458,17.587,60.297,94.936,15.783,43.495,104.388,7.133,29.073,123.956,592.452,7.805,130.404,166.158,64.155,0.13,0.15
2018-12-20 00:00:00+00:00,60.952,16.55,59.585,95.253,15.739,43.085,104.103,6.798,28.982,121.484,590.516,6.963,129.912,165.827,63.793,0.13,0.15
2018-12-21 00:00:00+00:00,60.446,15.514,58.873,95.817,15.572,42.752,103.77,6.63,28.844,120.071,587.752,6.218,129.912,165.497,63.432,0.13,0.15
2018-12-22 00:00:00+00:00,59.894,14.477,58.127,95.958,15.447,42.266,103.342,6.462,28.707,119.012,584.435,6.931,128.436,165.213,63.071,0.13,0.15
2018-12-23 00:00:00+00:00,59.342,13.478,57.449,96.205,15.273,41.984,102.962,6.228,28.615,117.246,581.117,7.449,128.436,164.883,62.574,0.13,0.15
2018-12-24 00:00:00+00:00,58.744,12.48,56.703,98.004,14.241,42.036,102.581,5.96,28.477,115.127,577.8,6.834,127.944,164.646,61.716,0.13,0.15
2018-12-25 00:00:00+00:00,58.054,11.558,55.99,99.767,13.328,42.087,102.153,5.759,28.294,113.715,574.759,6.672,127.451,164.458,60.903,0.13,0.15
2018-12-26 00:00:00+00:00,57.364,10.675,55.278,99.943,13.433,41.984,101.773,5.625,28.156,112.655,571.442,6.801,127.944,164.363,60.271,0.13,0.15
2018-12-27 00:00:00+00:00,56.674,9.792,54.566,99.732,13.732,41.677,101.392,5.39,28.019,110.889,568.401,7.352,129.912,164.269,59.864,0.13,0.15
2018-12-28 00:00:00+00:00,55.938,8.986,53.854,99.908,13.744,41.524,100.964,5.156,27.927,109.124,565.084,6.866,131.88,164.174,59.277,0.13,0.15
2018-12-29 00:00:00+00:00,55.261,8.179,53.142,100.507,13.458,41.6,100.584,5.056,27.789,108.417,561.766,5.959,133.356,164.08,58.464,0.13,0.15
2018-12-30 00:00:00+00:00,54.638,7.526,52.497,102.094,12.631,41.728,100.299,4.921,27.698,107.358,559.278,5.862,134.341,164.174,57.696,0.13,0.15
2018-12-31 00:00:00+00:00,54.057,6.912,51.819,104.422,11.556,41.933,99.966,4.821,27.652,106.652,556.79,4.566,134.833,164.363,57.155,0.13,0.15
2019-01-01 00:00:00+00:00,53.351,6.259,51.107,105.444,11.475,42.01,99.633,4.821,27.56,106.652,554.026,3.724,132.372,164.646,56.748,0.13,0.15
2019-01-02 00:00:00+00:00,52.605,5.453,50.361,105.233,12.109,41.754,99.205,4.587,27.331,104.886,550.708,5.149,130.896,164.93,56.432,0.13,0.15
2019-01-03 00:00:00+00:00,51.816,4.608,49.649,105.233,12.352,41.396,98.777,4.252,27.056,102.414,547.668,5.732,132.372,165.119,56.116,0.13,0.15
2019-01-04 00:00:00+00:00,51.028,3.763,48.903,105.162,12.507,41.216,98.396,4.117,26.826,101.354,544.627,4.826,130.896,165.355,55.89,0.13,0.15
2019-01-05 00:00:00+00:00,50.197,3.034,48.157,104.422,13.023,40.96,97.968,4.017,26.551,100.648,541.309,5.052,129.42,165.544,55.89,0.13,0.15
2019-01-06 00:00:00+00:00,49.284,2.573,47.377,103.469,13.589,40.551,97.54,3.816,26.322,99.235,537.992,5.085,130.404,165.638,55.845,0.13,0.15
2019-01-07 00:00:00+00:00,48.289,2.189,46.495,102.658,13.993,40.423,97.112,3.648,26.093,97.823,534.951,4.826,130.896,165.638,55.438,0.13,0.15
2019-01-08 00:00:00+00:00,47.266,1.882,45.443,101.883,14.31,40.295,96.684,3.448,25.909,96.41,531.634,5.473,131.88,165.591,54.896,0.13,0.15
2019-01-09 00:00:00+00:00,46.252,1.728,44.257,101.001,14.614,39.834,96.209,3.179,25.726,94.291,528.04,6.542,130.404,165.449,54.671,0.13,0.15
2019-01-10 00:00:00+00:00,45.199,1.613,43.036,100.261,14.795,39.655,95.781,2.844,25.542,91.819,524.723,7.449,129.912,165.308,54.174,0.13,0.15
2019-01-11 00:00:00+00:00,44.107,1.651,41.815,99.696,14.851,39.757,95.305,2.644,25.359,90.407,521.405,7.028,129.42,165.119,53.361,0.13,0.15
2019-01-12 00:00:00+00:00,43.015,1.69,40.763,99.132,14.894,39.834,94.877,2.543,25.13,89.7,518.088,6.024,127.944,164.883,52.548,0.13,0.15
2019-01-13 00:00:00+00:00,41.923,1.651,39.78,98.674,14.9,39.783,94.402,2.476,24.946,88.994,514.494,5.7,128.928,164.646,51.87,0.13,0.15
2019-01-14 00:00:00+00:00,40.831,1.574,38.966,98.109,14.944,39.45,93.974,2.476,24.763,88.994,511.177,5.409,127.451,164.41,51.374,0.13,0.15
2019-01-15 00:00:00+00:00,39.739,1.613,38.254,97.51,15.018,38.887,93.546,2.51,24.625,89.347,508.136,4.405,127.451,164.174,51.193,0.13,0.15
2019-01-16 00:00:00+00:00,38.708,1.651,37.61,96.946,15.087,38.247,93.118,2.644,24.488,90.407,505.095,4.243,124.991,163.891,51.012,0.13,0.15
2019-01-17 00:00:00+00:00,37.679,1.613,36.931,96.311,15.174,37.53,92.642,2.644,24.304,90.407,501.501,5.668,121.054,163.56,50.787,0.13,0.15
2019-01-18 00:00:00+00:00,36.613,1.613,36.287,95.676,15.236,36.839,92.214,2.51,24.121,89.347,497.908,5.797,119.086,163.23,50.516,0.13,0.15
2019-01-19 00:00:00+00:00,35.547,1.574,35.609,95.183,15.217,36.148,91.691,2.543,23.983,89.7,494.314,5.02,118.102,162.852,50.29,0.13,0.15
2019-01-20 00:00:00+00:00,34.482,1.498,34.964,94.548,15.273,35.431,91.216,2.61,23.8,90.053,490.996,5.732,116.625,162.474,50.064,0.13,0.15
2019-01-21 00:00:00+00:00,33.416,1.459,34.32,93.737,15.416,34.714,90.74,2.476,23.662,88.994,487.403,6.575,116.133,162.096,49.748,0.13,0.15
2019-01-22 00:00:00+00:00,32.35,1.421,33.676,92.961,15.522,33.946,90.264,2.275,23.479,87.581,483.809,7.158,116.625,161.671,49.477,0.13,0.15
2019-01-23 00:00:00+00:00,31.393,1.382,32.997,92.221,15.596,33.152,89.789,1.973,23.341,85.462,480.215,7.903,115.641,161.246,49.251,0.13,0.15
2019-01-24 00:00:00+00:00,30.403,1.382,32.353,91.515,15.64,32.282,89.313,1.739,23.204,83.697,476.621,8.129,115.149,160.821,49.025,0.13,0.15
2019-01-25 00:00:00+00:00,29.215,1.536,31.709,91.092,15.596,31.591,88.885,1.605,23.112,82.637,473.304,7.708,114.165,160.49,48.799,0.13,0.15
2019-01-26 00:00:00+00:00,27.895,1.728,31.064,90.881,15.478,31.412,88.41,1.706,22.974,83.344,469.987,6.575,113.673,160.207,48.303,0.13,0.15
2019-01-27 00:00:00+00:00,26.575,1.805,30.386,90.634,15.385,31.181,87.934,1.906,22.837,84.756,466.669,6.251,114.165,159.876,47.67,0.13,0.15
2019-01-28 00:00:00+00:00,25.3,1.843,29.708,90.211,15.391,30.49,87.459,1.94,22.699,85.109,463.076,7.19,114.165,159.498,47.354,0.13,0.15
2019-01-29 00:00:00+00:00,24.13,1.843,28.928,89.787,15.385,29.722,86.983,1.739,22.562,83.697,459.758,7.611,116.625,159.12,47.128,0.13,0.15
2019-01-30 00:00:00+00:00,22.93,1.882,28.114,89.435,15.348,28.928,86.508,1.605,22.424,82.637,456.164,7.546,117.61,158.743,46.948,0.13,0.15
2019-01-31 00:00:00+00:00,21.73,1.843,27.164,89.188,15.261,28.338,86.032,1.504,22.287,81.931,452.847,7.384,119.086,158.365,46.722,0.13,0.15
2019-02-01 00:00:00+00:00,20.5,1.805,26.215,89.823,14.745,27.999,85.556,1.504,22.149,81.931,449.53,6.51,120.07,158.034,46.361,0.13,0.15
2019-02-02 00:00:00+00:00,19.283,1.766,25.333,90.81,14.049,27.752,85.081,1.672,22.011,82.99,446.212,5.441,120.07,157.704,45.864,0.13,0.15
2019-02-03 00:00:00+00:00,18.13,1.766,24.519,90.951,13.906,27.443,84.605,1.806,21.874,84.05,442.895,5.085,121.054,157.42,45.412,0.13,0.15
2019-02-04 00:00:00+00:00,16.923,1.805,24.723,90.316,14.111,27.072,84.13,1.739,21.69,83.697,439.578,5.441,122.531,157.184,45.051,0.13,0.15
2019-02-05 00:00:00+00:00,15.687,1.843,26.079,89.364,14.272,26.625,83.654,1.605,21.553,82.637,435.984,6.251,126.467,156.853,44.735,0.13,0.15
2019-02-06 00:00:00+00:00,14.452,1.882,27.3,88.306,14.372,26.27,83.179,1.371,21.369,80.872,432.667,7.255,124.991,156.523,44.328,0.13,0.15
2019-02-07 00:00:00+00:00,13.347,1.882,27.809,87.389,14.409,26.007,82.751,1.169,21.232,79.459,429.349,7.805,124.991,156.098,43.786,0.13,0.15
2019-02-08 00:00:00+00:00,12.224,1.882,27.944,86.578,14.397,25.915,82.275,1.169,21.094,79.459,426.308,7.222,123.515,155.72,43.064,0.13,0.15
2019-02-09 00:00:00+00:00,11.078,1.92,28.012,86.508,14.005,25.992,81.895,1.27,20.957,80.165,423.544,5.992,122.531,155.342,42.16,0.13,0.15
2019-02-10 00:00:00+00:00,9.931,1.805,28.046,86.755,13.533,26.054,81.467,1.337,20.865,80.518,420.503,4.858,124.991,154.964,41.257,0.13,0.15
2019-02-11 00:00:00+00:00,8.843,1.651,28.114,86.155,13.539,25.884,80.991,1.371,20.727,80.872,417.462,4.243,127.451,154.539,40.489,0.13,0.15
2019-02-12 00:00:00+00:00,8.028,1.69,28.148,86.649,12.88,25.436,80.611,1.337,20.544,80.518,415.251,4.243,126.467,154.02,40.083,0.13,0.15
2019-02-13 00:00:00+00:00,7.718,1.805,28.182,88.271,11.512,25.05,80.183,1.237,20.406,79.812,413.316,5.603,125.975,153.406,39.631,0.13,0.15
2019-02-14 00:00:00+00:00,7.679,1.843,28.25,89.576,10.58,24.633,79.755,1.102,20.223,78.753,411.38,7.028,121.054,152.697,39.225,0.13,0.15
2019-02-15 00:00:00+00:00,7.718,1.843,28.283,90.739,10.176,24.093,79.422,1.002,20.085,78.046,410.551,7.06,118.102,152.083,39.044,0.13,0.15
2019-02-16 00:00:00+00:00,7.776,1.843,28.317,91.762,10.12,23.553,78.994,1.136,19.948,79.106,409.169,5.635,118.594,151.564,38.909,0.13,0.15
2019-02-17 00:00:00+00:00,7.815,1.805,28.351,91.656,10.636,23.028,78.613,1.237,19.81,79.812,407.234,5.214,118.102,151.044,38.773,0.13,0.15
2019-02-18 00:00:00+00:00,7.853,1.805,28.385,91.551,10.773,22.487,78.185,1.237,19.719,79.812,405.022,5.927,118.594,150.477,38.547,0.13,0.15
2019-02-19 00:00:00+00:00,7.892,1.766,28.419,92.432,10.275,21.931,77.805,1.27,19.581,80.165,402.811,5.635,120.562,150.005,38.367,0.13,0.15
2019-02-20 00:00:00+00:00,7.931,1.69,28.453,93.243,10.151,21.329,77.377,1.337,19.443,80.518,400.876,6.024,120.07,149.627,38.096,0.13,0.15
2019-02-21 00:00:00+00:00,7.95,1.613,28.487,93.913,10.132,20.774,76.996,1.136,19.352,79.106,398.94,7.125,120.07,149.249,37.831,0.13,0.15
2019-02-22 00:00:00+00:00,7.95,1.574,28.521,94.442,10.101,20.48,76.616,1.002,19.168,78.046,398.111,6.996,118.594,148.919,37.362,0.13,0.15
2019-02-23 00:00:00+00:00,8.009,1.69,28.555,94.901,10.108,20.202,76.331,1.035,19.031,78.399,398.111,5.57,116.133,148.73,36.972,0.13,0.15
2019-02-24 00:00:00+00:00,8.086,1.843,28.589,95.253,10.12,19.755,75.998,1.136,18.847,79.106,397.005,4.987,115.641,148.541,36.855,0.13,0.15
2019-02-25 00:00:00+00:00,8.203,1.882,28.623,95.535,10.12,19.369,75.617,1.102,18.71,78.753,395.07,5.992,115.149,148.446,36.855,0.13,0.15
2019-02-26 00:00:00+00:00,8.319,1.882,28.623,95.676,10.108,19.06,75.237,0.935,18.618,77.693,393.688,6.38,116.133,148.446,36.855,0.13,0.15
2019-02-27 00:00:00+00:00,8.435,1.805,28.657,95.465,10.294,18.674,74.904,1.035,18.526,78.399,392.582,5.765,120.07,148.446,36.816,0.13,0.15
2019-02-28 00:00:00+00:00,8.513,1.843,28.657,94.195,10.947,18.18,74.476,1.035,18.48,78.399,390.54,6.996,120.07,148.305,36.738,0.13,0.15
2019-03-01 00:00:00+00:00,8.61,1.843,28.69,93.49,10.965,17.64,74.096,0.902,18.389,77.34,388.999,7.741,120.562,148.021,36.582,0.13,0.15
2019-03-02 00:00:00+00:00,8.688,1.805,28.724,93.984,10.338,17.47,73.763,0.902,18.251,77.34,388.559,6.413,123.023,147.785,36.113,0.13,0.15
2019-03-03 00:00:00+00:00,8.785,1.766,28.758,93.596,10.524,17.315,73.43,1.002,18.114,78.046,387.899,5.441,123.515,147.549,35.567,0.13,0.15
2019-03-04 00:00:00+00:00,8.882,1.613,28.792,92.749,10.909,16.744,73.049,1.035,17.93,78.399,386.138,5.797,123.515,147.313,35.293,0.13,0.15
2019-03-05 00:00:00+00:00,8.979,1.421,28.86,91.903,11.115,16.08,72.669,1.035,17.793,78.399,384.377,5.927,124.991,147.029,35.137,0.13,0.15
2019-03-06 00:00:00+00:00,9.076,1.421,28.894,91.198,11.133,15.463,72.336,0.902,17.655,77.34,383.056,5.117,125.975,146.699,34.903,0.13,0.15
2019-03-07 00:00:00+00:00,9.134,1.536,28.962,91.445,10.624,14.799,72.003,0.868,17.517,76.987,381.956,4.761,124.991,146.368,34.63,0.13,0.15
2019-03-08 00:00:00+00:00,9.192,1.498,28.996,92.044,10.195,14.089,71.623,0.902,17.38,77.34,380.855,5.732,122.531,146.038,34.356,0.13,0.15
2019-03-09 00:00:00+00:00,9.25,1.459,29.03,92.538,10.07,13.394,71.29,0.667,17.242,75.574,380.195,6.898,118.594,145.801,34.044,0.13,0.15
2019-03-10 00:00:00+00:00,9.289,1.459,29.03,91.727,10.636,12.684,70.957,0.584,17.059,73.102,379.095,7.222,119.578,145.565,33.732,0.13,0.15
2019-03-11 00:00:00+00:00,9.328,1.574,29.097,89.752,11.556,11.943,70.529,0.578,16.875,72.396,376.894,7.287,120.07,145.187,33.419,0.13,0.15
2019-03-12 00:00:00+00:00,9.367,1.69,29.131,88.342,11.811,11.341,70.196,0.582,16.738,72.749,375.133,6.186,121.054,144.762,33.068,0.13,0.15
2019-03-13 00:00:00+00:00,9.386,1.69,29.165,87.389,11.761,10.708,69.768,0.59,16.6,73.808,373.592,4.826,122.038,144.243,32.756,0.13,0.15
2019-03-14 00:00:00+00:00,9.425,1.651,29.199,86.402,11.786,9.92,69.388,0.596,16.417,74.515,371.831,6.089,117.61,143.723,32.56,0.13,0.15
2019-03-15 00:00:00+00:00,9.444,1.613,29.233,86.367,11.245,9.102,69.055,0.598,16.279,74.868,370.731,6.769,115.641,143.204,32.209,0.13,0.15
2019-03-16 00:00:00+00:00,9.483,1.536,29.267,87.284,10.437,8.443,68.769,0.767,16.142,76.281,370.07,5.473,116.133,142.731,31.858,0.13,0.15
2019-03-17 00:00:00+00:00,9.522,1.459,29.301,87.107,10.599,8.04,68.436,0.935,16.004,77.693,368.31,5.409,116.625,142.259,31.545,0.13,0.15
2019-03-18 00:00:00+00:00,9.522,1.382,29.335,85.626,11.376,7.593,67.961,0.935,15.821,77.693,365.889,6.542,116.133,141.787,31.194,0.13,0.15
2019-03-19 00:00:00+00:00,9.541,1.421,29.369,84.11,11.861,7.204,67.485,0.801,15.637,76.634,363.467,7.352,119.086,141.22,30.843,0.13,0.15
2019-03-20 00:00:00+00:00,9.72,1.69,29.437,82.629,12.19,6.871,67.087,0.767,15.5,76.281,361.266,7.805,121.054,140.606,30.608,0.13,0.15
2019-03-21 00:00:00+00:00,10.095,1.92,29.504,82.065,11.954,6.63,66.746,0.767,15.316,76.281,359.285,7.481,122.038,140.039,30.53,0.13,0.15
2019-03-22 00:00:00+00:00,10.446,1.92,29.606,82.841,11.077,6.403,66.482,0.902,15.225,77.34,358.185,5.538,123.515,139.52,30.335,0.13,0.15
2019-03-23 00:00:00+00:00,10.773,1.766,29.742,83.828,10.474,6.092,66.255,1.27,15.133,80.165,357.085,4.081,127.451,139.047,30.101,0.13,0.15
2019-03-24 00:00:00+00:00,11.007,1.574,29.81,84.286,10.499,5.695,65.915,1.471,14.995,81.578,355.104,4.243,128.436,138.622,29.828,0.13,0.15
2019-03-25 00:00:00+00:00,11.171,1.421,29.877,83.087,11.314,5.227,65.537,1.371,14.858,80.872,352.462,6.056,129.912,138.103,29.554,0.13,0.15
2019-03-26 00:00:00+00:00,11.288,1.421,29.911,80.795,12.289,4.668,65.121,1.136,14.674,79.106,349.821,7.838,131.88,137.536,29.32,0.13,0.15
2019-03-27 00:00:00+00:00,11.429,1.536,29.979,79.138,12.644,4.101,64.781,0.902,14.491,77.34,347.62,8.55,132.372,136.875,29.203,0.13,0.15
2019-03-28 00:00:00+00:00,11.312,1.613,30.047,79.385,12.072,3.825,64.441,0.868,14.399,76.987,346.08,7.579,132.864,136.402,29.281,0.13,0.15
2019-03-29 00:00:00+00:00,10.727,1.805,30.149,81.077,11.146,3.868,64.176,0.935,14.307,77.693,344.979,6.445,132.372,136.402,29.554,0.13,0.15
2019-03-30 00:00:00+00:00,9.861,1.805,30.217,82.699,10.617,3.733,63.874,1.27,14.307,80.165,343.438,5.635,136.309,136.639,29.71,0.13,0.15
2019-03-31 00:00:00+00:00,8.92,1.69,30.25,83.722,10.512,3.258,63.533,1.571,14.262,82.284,341.237,4.34,135.817,136.922,29.593,0.13,0.15
2019-04-01 00:00:00+00:00,7.892,1.651,30.25,84.322,10.568,2.642,63.155,1.672,14.17,82.99,339.476,4.631,135.817,137.205,29.359,0.13,0.15
2019-04-02 00:00:00+00:00,6.767,1.344,30.284,84.251,10.947,1.962,62.777,1.605,14.078,82.637,337.716,6.315,135.817,137.536,29.008,0.13,0.15
2019-04-03 00:00:00+00:00,6.01,1.152,30.352,83.334,11.519,1.282,62.362,1.438,13.941,81.225,335.955,7.19,132.864,137.583,28.539,0.13,0.15
2019-04-04 00:00:00+00:00,5.952,1.114,30.42,82.805,11.456,0.871,62.021,1.035,13.757,78.399,333.974,7.741,132.864,137.158,27.993,0.13,0.15
2019-04-05 00:00:00+00:00,6.127,1.152,30.42,83.158,10.835,0.871,61.719,0.7,13.62,75.927,332.433,7.32,132.864,136.686,27.329,0.13,0.15
2019-04-06 00:00:00+00:00,6.263,1.19,30.454,83.898,10.3,0.9,61.454,0.633,13.482,75.221,331.553,5.214,132.864,136.261,26.821,0.13,0.15
2019-04-07 00:00:00+00:00,6.398,1.306,30.488,84.181,10.238,1.119,61.228,0.598,13.344,74.868,331.113,5.311,132.864,135.883,26.158,0.13,0.15
2019-04-08 00:00:00+00:00,6.495,1.536,30.522,84.004,10.369,1.615,60.925,0.586,13.207,73.455,330.012,5.765,131.88,135.505,25.338,0.13,0.15
2019-04-09 00:00:00+00:00,6.592,1.498,30.522,83.052,10.822,2.012,60.623,0.576,13.023,72.043,328.692,5.149,130.404,135.174,24.635,0.13,0.15
2019-04-10 00:00:00+00:00,6.67,1.421,30.556,81.359,11.537,2.345,60.245,0.564,12.886,70.63,326.711,5.894,127.944,134.702,23.893,0.13,0.15
2019-04-11 00:00:00+00:00,6.748,1.382,30.556,80.407,11.556,2.415,59.905,0.538,12.702,67.452,324.51,7.32,127.451,134.088,23.112,0.13,0.15
2019-04-12 00:00:00+00:00,6.806,1.306,30.59,80.76,10.81,2.047,59.64,0.502,12.519,62.861,323.629,7.352,126.467,133.427,22.527,0.13,0.15
2019-04-13 00:00:00+00:00,6.845,1.229,30.59,81.501,10.12,1.927,59.413,0.482,12.336,60.389,323.849,6.121,125.483,132.955,21.863,0.13,0.15
2019-04-14 00:00:00+00:00,6.883,1.267,30.623,81.783,9.965,2.252,59.149,0.474,12.152,59.329,322.969,5.441,124.007,132.577,21.004,0.13,0.15
2019-04-15 00:00:00+00:00,6.922,1.306,30.623,81.677,10.089,2.6,58.846,0.462,11.969,57.917,321.428,5.959,122.038,132.199,20.067,0.13,0.15
2019-04-16 00:00:00+00:00,6.942,1.344,30.657,81.501,10.145,2.791,58.582,0.446,11.785,55.798,320.328,6.801,120.562,131.868,19.208,0.13,0.15
2019-04-17 00:00:00+00:00,6.98,1.382,30.657,81.606,9.965,2.557,58.355,0.434,11.602,54.385,319.227,6.898,119.578,131.585,18.701,0.13,0.15
2019-04-18 00:00:00+00:00,7.019,1.459,30.691,82.029,9.784,2.196,58.166,0.434,11.464,54.385,319.007,6.218,118.102,131.349,18.545,0.13,0.15
2019-04-19 00:00:00+00:00,7.097,1.613,30.725,82.065,9.791,2.139,58.09,0.44,11.327,55.092,319.447,5.732,118.102,131.207,18.545,0.13,0.15
2019-04-20 00:00:00+00:00,7.194,1.958,30.759,81.959,9.846,2.408,58.052,0.446,11.281,55.798,320.108,5.862,118.594,131.207,18.623,0.13,0.15
2019-04-21 00:00:00+00:00,7.368,2.304,30.827,81.888,9.94,2.918,58.015,0.46,11.281,57.564,320.548,6.283,118.594,131.302,18.935,0.13,0.15
2019-04-22 00:00:00+00:00,7.64,3.149,30.895,81.747,10.12,3.492,58.09,0.482,11.464,60.389,321.648,7.06,120.07,131.538,19.521,0.13,0.15
2019-04-23 00:00:00+00:00,7.912,4.416,31.03,81.818,10.362,3.981,58.166,0.51,11.694,63.92,322.529,7.708,122.038,131.868,20.145,0.13,0.15
2019-04-24 00:00:00+00:00,8.222,5.53,31.166,82.065,10.679,4.491,58.317,0.55,12.198,68.864,323.409,7.158,123.023,132.341,20.848,0.13,0.15
2019-04-25 00:00:00+00:00,8.629,6.758,31.403,82.206,11.084,5.32,58.733,0.596,13.023,74.515,325.17,5.117,123.023,132.907,21.746,0.13,0.15
2019-04-26 00:00:00+00:00,9.231,8.563,31.878,82.347,11.699,7.09,59.829,1.504,14.216,81.931,329.792,4.145,126.467,133.805,23.542,0.13,0.15
2019-04-27 00:00:00+00:00,10.376,11.597,32.658,82.347,12.774,11.263,62.021,2.777,15.867,91.466,337.275,6.445,130.404,135.411,27.134,0.13,0.15
2019-04-28 00:00:00+00:00,11.592,15.014,33.506,82.312,13.657,15.957,64.289,4.084,17.655,101.001,345.199,7.19,136.309,137.064,30.647,0.13,0.15
2019-04-29 00:00:00+00:00,12.482,17.741,34.184,82.347,13.931,18.767,65.801,5.123,19.122,108.77,352.242,5.376,150.58,138.481,33.029,0.13,0.15
2019-04-30 00:00:00+00:00,13.324,20.083,34.761,82.629,14.018,21.144,67.124,6.06,20.361,115.833,359.285,6.575,153.04,139.803,35.254,0.13,0.15
2019-05-01 00:00:00+00:00,14.049,22.118,35.27,82.805,13.949,23.012,68.389,6.865,21.415,121.837,365.889,7.773,149.595,140.937,37.05,0.13,0.15
2019-05-02 00:00:00+00:00,14.452,23.424,35.541,82.805,13.582,24.031,69.055,7.543,22.149,126.781,370.951,6.769,142.706,141.598,38.367,0.13,0.15
2019-05-03 00:00:00+00:00,14.644,24.192,35.643,82.699,12.948,24.432,69.34,8.028,22.562,130.313,374.472,5.732,139.754,141.928,39.36,0.13,0.15
2019-05-04 00:00:00+00:00,14.754,24.691,35.744,82.629,12.289,24.556,69.483,8.305,22.791,132.432,376.894,5.182,136.309,142.117,40.218,0.13,0.15
2019-05-05 00:00:00+00:00,14.809,25.075,35.846,82.629,11.761,24.556,69.53,8.271,22.883,132.078,378.874,5.894,137.293,142.259,40.986,0.13,0.15
2019-05-06 00:00:00+00:00,14.836,25.382,35.948,82.523,11.401,24.463,69.53,7.855,22.883,129.253,380.635,7.417,136.309,142.401,41.709,0.13,0.15
2019-05-07 00:00:00+00:00,14.836,25.613,36.016,82.453,11.226,24.355,69.483,7.369,22.883,125.722,381.736,7.287,137.293,142.495,42.431,0.13,0.15
2019-05-08 00:00:00+00:00,14.864,25.882,36.083,82.488,11.127,24.247,69.483,6.998,22.837,122.896,383.056,6.737,135.817,142.59,43.154,0.13,0.15
2019-05-09 00:00:00+00:00,14.919,26.15,36.151,82.453,11.046,24.309,69.53,6.663,22.974,120.424,384.597,6.834,135.325,142.779,44.238,0.13,0.15
2019-05-10 00:00:00+00:00,14.946,26.381,36.219,82.135,11.052,24.371,69.625,6.663,23.112,120.424,385.918,6.153,137.293,143.015,45.638,0.13,0.15
2019-05-11 00:00:00+00:00,14.974,26.573,36.287,81.642,11.065,24.201,69.578,6.965,23.204,122.543,387.238,5.506,139.754,143.109,46.948,0.13,0.15
2019-05-12 00:00:00+00:00,14.974,26.726,36.321,81.254,11.059,23.908,69.578,7.099,23.295,123.603,388.119,5.376,140.738,143.251,47.806,0.13,0.15
2019-05-13 00:00:00+00:00,15.001,26.88,36.389,81.077,11.052,23.599,69.53,7.032,23.341,123.25,388.999,5.214,138.277,143.393,48.032,0.13,0.15
2019-05-14 00:00:00+00:00,15.111,27.149,36.457,80.972,11.065,23.383,69.578,6.965,23.433,122.543,389.879,5.409,135.817,143.582,48.077,0.13,0.15
2019-05-15 00:00:00+00:00,15.358,27.571,36.626,80.866,11.108,23.398,69.768,6.898,23.616,122.19,391.476,6.024,132.372,143.912,48.303,0.13,0.15
2019-05-16 00:00:00+00:00,15.852,28.339,36.965,80.866,11.239,23.784,70.291,6.998,23.937,122.896,394.794,5.927,129.912,144.526,48.799,0.13,0.15
2019-05-17 00:00:00+00:00,16.538,29.491,37.508,81.042,11.494,24.695,71.385,7.335,24.304,125.368,399.77,5.927,127.451,145.424,49.612,0.13,0.15
2019-05-18 00:00:00+00:00,17.252,30.835,38.186,81.289,11.736,25.791,72.907,7.785,24.717,128.547,405.852,6.445,128.928,146.321,50.38,0.13,0.15
2019-05-19 00:00:00+00:00,17.993,32.218,38.797,82.312,12.457,26.934,74.666,8.167,24.992,131.372,412.486,7.093,128.928,147.36,51.238,0.13,0.15
2019-05-20 00:00:00+00:00,18.844,33.715,39.509,84.181,12.917,28.107,76.664,8.687,25.313,135.257,419.397,6.153,128.928,148.352,52.141,0.13,0.15
2019-05-21 00:00:00+00:00,20.23,35.789,40.763,86.12,13.34,31.898,80.658,9.865,26.322,143.732,433.496,6.996,132.372,150.005,56.296,0.13,0.15
2019-05-22 00:00:00+00:00,21.73,37.824,41.883,88.024,14.21,36.429,84.986,11.425,27.56,155.033,449.53,8.129,135.325,151.894,61.174,0.13,0.15
2019-05-23 00:00:00+00:00,22.57,39.091,42.256,89.964,14.335,38.708,87.031,12.569,28.156,163.156,459.758,6.769,152.548,153.122,63.071,0.13,0.15
2019-05-24 00:00:00+00:00,23.14,39.974,42.493,91.903,13.943,40.039,88.172,13.332,28.431,168.806,468.052,7.028,153.04,153.831,64.11,0.13,0.15
2019-05-25 00:00:00+00:00,23.53,40.627,42.697,93.843,13.427,40.756,88.933,13.887,28.569,172.691,474.963,8.064,147.627,154.303,64.652,0.13,0.15
2019-05-26 00:00:00+00:00,23.86,41.165,42.9,95.747,12.942,41.063,89.456,14.268,28.661,175.516,479.939,7.838,140.246,154.681,64.877,0.13,0.15
2019-05-27 00:00:00+00:00,24.13,41.587,43.137,99.626,12.681,41.088,89.741,14.615,28.707,177.988,483.809,6.251,136.309,154.964,65.013,0.13,0.15
2019-05-28 00:00:00+00:00,24.31,41.933,43.273,100.084,12.482,40.935,89.932,14.719,28.661,178.694,486.85,5.732,136.309,155.2,64.968,0.13,0.15
2019-05-29 00:00:00+00:00,24.43,42.24,43.409,100.507,12.24,40.679,90.027,14.753,28.661,179.047,489.338,5.927,136.309,155.342,64.877,0.13,0.15
2019-05-30 00:00:00+00:00,24.55,42.47,43.544,100.472,12.345,40.397,90.122,14.927,28.661,180.107,492.102,6.607,136.309,155.436,64.832,0.13,0.15
2019-05-31 00:00:00+00:00,24.88,42.893,43.917,100.014,12.687,40.269,90.312,14.961,28.707,180.46,495.143,7.643,135.817,155.625,64.877,0.13,0.15
2019-06-01 00:00:00+00:00,25.63,43.814,44.494,100.155,12.681,40.474,90.835,15.1,28.798,181.519,499.29,7.384,135.325,156.003,65.103,0.13,0.15
2019-06-02 00:00:00+00:00,26.806,45.274,45.138,99.767,13.178,41.344,92.024,15.551,28.936,184.698,506.201,6.056,134.833,156.853,65.781,0.13,0.15
2019-06-03 00:00:00+00:00,28.06,46.733,45.681,99.062,13.899,42.522,93.356,15.932,29.028,187.523,515.047,4.987,135.817,157.987,66.548,0.13,0.15
2019-06-04 00:00:00+00:00,29.413,47.309,45.986,98.533,14.297,43.367,94.354,16.279,29.119,189.995,521.958,5.02,137.293,158.648,67.045,0.13,0.15
2019-06-05 00:00:00+00:00,31.492,47.539,46.427,98.533,14.272,44.468,95.638,16.729,29.303,193.173,528.316,5.117,133.356,159.12,67.813,0.13,0.15
2019-06-06 00:00:00+00:00,34.996,47.539,46.97,99.344,13.943,45.952,97.636,17.215,29.532,196.705,537.163,5.182,130.404,160.112,68.761,0.13,0.15
2019-06-07 00:00:00+00:00,38.45,47.309,47.377,100.084,13.8,47.335,99.395,17.737,29.715,200.59,546.285,5.992,127.944,161.246,69.529,0.13,0.15
2019-06-08 00:00:00+00:00,41.338,47.309,47.817,100.613,13.788,48.768,100.679,18.291,29.945,204.121,553.749,6.607,128.928,162.049,70.387,0.13,0.15
2019-06-09 00:00:00+00:00,43.951,47.309,48.224,100.613,14.042,49.972,101.725,18.735,30.082,207.299,560.108,6.737,129.912,162.71,71.11,0.13,0.15
2019-06-10 00:00:00+00:00,45.55,47.347,48.53,101.107,13.912,50.484,102.248,19.178,30.128,210.125,563.978,6.737,132.372,162.899,71.471,0.13,0.15
2019-06-11 00:00:00+00:00,47.11,47.462,48.801,102.024,13.477,51.021,102.819,19.437,30.174,211.89,566.189,6.931,133.356,162.993,72.239,0.13,0.15
2019-06-12 00:00:00+00:00,49.16,47.539,49.14,102.905,13.172,51.866,103.675,19.622,30.22,213.303,569.23,6.51,135.817,163.135,73.187,0.13,0.15
2019-06-13 00:00:00+00:00,51.111,47.578,49.411,103.681,13.166,52.711,104.341,19.696,30.312,213.656,572.271,6.607,138.769,163.371,73.865,0.13,0.15
2019-06-14 00:00:00+00:00,52.936,47.578,49.683,104.422,13.526,53.325,104.912,19.77,30.312,214.362,575.312,7.417,142.706,163.56,74.362,0.13,0.15
2019-06-15 00:00:00+00:00,54.804,47.731,49.92,105.056,14.042,53.812,105.577,19.954,30.312,215.422,579.182,7.158,142.214,163.796,74.768,0.13,0.15
2019-06-16 00:00:00+00:00,57.042,47.808,50.191,105.691,14.534,54.093,106.1,20.139,30.357,216.835,582.776,6.931,137.293,164.032,75.039,0.13,0.15
2019-06-17 00:00:00+00:00,59.618,47.654,50.497,106.467,15.031,54.144,106.719,20.25,30.449,217.541,586.093,6.769,135.817,164.505,75.31,0.13,0.15
2019-06-18 00:00:00+00:00,61.366,47.578,50.802,107.489,15.572,53.94,107.384,20.324,30.633,217.894,589.411,6.607,136.309,165.355,75.581,0.13,0.15
2019-06-19 00:00:00+00:00,61.642,47.616,51.039,108.547,16.088,53.607,107.86,20.361,30.77,218.247,591.346,6.575,135.325,166.205,75.762,0.13,0.15
2019-06-20 00:00:00+00:00,61.734,47.693,51.31,109.535,16.504,53.581,108.145,20.398,30.862,218.6,592.452,6.445,137.293,166.914,75.897,0.13,0.15
2019-06-21 00:00:00+00:00,61.964,47.616,51.48,110.452,16.84,53.53,108.336,20.472,30.908,218.953,593.004,6.801,136.309,167.575,75.897,0.13,0.15
2019-06-22 00:00:00+00:00,61.918,47.462,51.616,111.333,17.113,53.376,108.383,20.509,30.908,219.307,594.387,7.19,136.309,168.236,75.852,0.13,0.15
2019-06-23 00:00:00+00:00,61.504,47.386,51.717,112.179,17.349,53.12,108.383,20.583,30.862,219.66,595.216,6.575,134.341,168.85,75.716,0.13,0.15
2019-06-24 00:00:00+00:00,61.366,47.462,51.887,113.026,17.586,52.839,108.478,20.657,30.954,220.366,595.216,5.894,130.896,169.558,75.716,0.13,0.15
2019-06-25 00:00:00+00:00,61.642,47.501,52.124,113.837,17.834,52.66,108.573,20.767,31.091,221.072,595.216,5.765,130.896,170.314,75.762,0.13,0.15
2019-06-26 00:00:00+00:00,61.826,47.386,52.26,114.648,17.685,52.557,108.573,20.878,31.091,221.779,595.216,5.862,132.864,171.023,75.716,0.13,0.15
2019-06-27 00:00:00+00:00,61.826,47.347,52.362,115.001,16.939,52.352,108.526,21.137,31.045,223.544,594.94,6.639,132.372,171.684,75.626,0.13,0.15
2019-06-28 00:00:00+00:00,61.826,47.424,52.463,113.978,16.585,52.096,108.431,21.211,30.954,223.898,594.11,7.222,133.356,172.251,75.445,0.13,0.15
2019-06-29 00:00:00+00:00,62.102,47.501,52.565,112.285,16.684,51.84,108.383,21.47,30.908,225.663,594.11,6.575,136.309,172.77,75.4,0.13,0.15
2019-06-30 00:00:00+00:00,63.252,47.539,52.803,110.839,16.765,51.584,108.336,21.802,30.862,228.135,594.11,5.668,136.309,173.242,75.536,0.13,0.15
2019-07-01 00:00:00+00:00,64.54,47.501,53.006,109.394,16.908,51.303,108.193,22.135,30.77,230.254,593.557,5.927,133.356,173.668,75.536,0.13,0.15
2019-07-02 00:00:00+00:00,64.586,47.386,53.108,108.124,17.008,50.919,108.003,22.172,30.633,230.607,593.004,6.575,132.864,173.904,75.265,0.13,0.15
2019-07-03 00:00:00+00:00,63.988,47.462,53.21,107.172,17.001,50.432,107.717,22.024,30.541,229.548,592.175,6.542,130.404,173.998,75.039,0.13,0.15
2019-07-04 00:00:00+00:00,63.252,47.539,53.277,106.326,16.97,49.92,107.384,21.987,30.357,229.195,589.964,6.348,130.896,173.904,74.858,0.13,0.15
2019-07-05 00:00:00+00:00,62.47,47.578,53.379,105.515,16.939,49.536,107.052,21.876,30.266,228.488,587.476,6.801,130.896,173.762,74.768,0.13,0.15
2019-07-06 00:00:00+00:00,61.734,47.654,53.515,104.774,16.908,49.357,106.766,21.654,30.22,227.076,585.817,6.575,134.833,173.715,74.633,0.13,0.15
2019-07-07 00:00:00+00:00,60.998,47.693,53.617,103.998,16.933,49.255,106.481,21.543,30.128,226.37,584.158,6.575,138.277,173.62,74.542,0.13,0.15
2019-07-08 00:00:00+00:00,60.262,47.654,53.718,103.117,17.001,49.076,106.196,21.285,30.036,224.604,581.947,7.32,140.246,173.431,74.362,0.13,0.15
2019-07-09 00:00:00+00:00,59.526,47.654,53.786,102.165,17.101,48.794,105.91,21.1,29.945,223.191,580.012,6.931,140.738,173.242,74.181,0.13,0.15
2019-07-10 00:00:00+00:00,58.744,47.616,53.854,101.283,17.163,48.41,105.577,20.989,29.853,222.485,577.8,6.283,138.769,173.006,73.955,0.13,0.15
2019-07-11 00:00:00+00:00,57.962,47.578,53.888,100.472,17.169,48.0,105.244,20.841,29.715,221.425,575.312,7.287,137.293,172.676,73.774,0.13,0.15
2019-07-12 00:00:00+00:00,57.18,47.539,53.922,99.626,17.206,47.514,104.864,20.62,29.578,220.013,573.1,8.583,135.817,172.392,73.503,0.13,0.15
2019-07-13 00:00:00+00:00,56.352,47.578,53.956,98.815,17.213,47.028,104.531,20.62,29.44,220.013,570.889,7.708,135.817,172.014,73.232,0.13,0.15
2019-07-14 00:00:00+00:00,55.468,47.616,53.99,98.251,17.119,46.516,104.151,20.841,29.303,221.425,568.677,6.542,136.309,171.637,72.961,0.13,0.15
2019-07-15 00:00:00+00:00,54.555,47.654,53.99,97.651,17.039,45.927,103.818,21.026,29.119,222.838,567.019,6.251,137.785,171.259,72.691,0.13,0.15
2019-07-16 00:00:00+00:00,53.642,47.654,54.023,96.981,17.02,45.338,103.485,21.248,28.982,224.251,565.084,6.477,136.309,170.834,72.374,0.13,0.15
2019-07-17 00:00:00+00:00,52.895,47.654,54.057,96.205,17.057,44.724,103.104,21.359,28.844,224.957,562.872,7.158,135.325,170.409,72.058,0.13,0.15
2019-07-18 00:00:00+00:00,52.77,47.462,54.091,95.465,17.107,44.186,102.914,21.396,28.707,225.31,561.213,7.514,134.341,170.031,71.832,0.13,0.15
2019-07-19 00:00:00+00:00,52.978,47.424,54.159,94.83,17.113,43.904,102.772,21.654,28.569,227.076,560.384,6.315,133.356,169.653,71.832,0.13,0.15
2019-07-20 00:00:00+00:00,53.684,47.424,54.227,94.301,17.113,44.416,102.914,22.246,28.523,230.961,560.66,5.02,134.341,169.417,72.149,0.13,0.15
2019-07-21 00:00:00+00:00,54.43,47.309,54.329,93.772,17.151,45.005,103.152,22.8,28.477,234.845,561.766,5.182,134.833,169.181,72.465,0.13,0.15
2019-07-22 00:00:00+00:00,54.223,47.27,54.397,93.208,17.213,45.005,103.2,22.911,28.386,235.552,562.319,5.538,136.309,168.85,72.374,0.13,0.15
2019-07-23 00:00:00+00:00,53.808,47.27,54.498,92.891,17.163,44.852,103.2,22.763,28.248,234.492,562.872,5.635,138.769,168.472,72.194,0.13,0.15
2019-07-24 00:00:00+00:00,53.227,47.309,54.566,92.785,17.014,44.519,103.152,22.357,28.156,231.667,564.254,6.218,138.277,168.047,72.058,0.13,0.15
2019-07-25 00:00:00+00:00,52.522,47.347,54.6,92.608,16.883,44.109,103.104,21.654,28.019,227.076,566.189,7.643,138.277,167.622,71.878,0.13,0.15
2019-07-26 00:00:00+00:00,51.816,47.424,54.634,92.397,16.765,43.674,103.009,20.989,27.881,222.485,567.572,7.741,137.785,167.197,71.607,0.13,0.15
2019-07-27 00:00:00+00:00,51.193,47.539,54.668,92.221,16.647,43.367,102.914,20.62,27.835,220.013,568.401,6.283,137.785,166.725,71.336,0.13,0.15
2019-07-28 00:00:00+00:00,50.82,47.616,54.77,92.009,16.641,43.776,102.724,20.583,27.789,219.66,567.572,6.283,139.754,166.347,71.245,0.13,0.15
2019-07-29 00:00:00+00:00,50.53,47.616,54.837,91.656,16.827,44.365,102.534,20.472,27.698,218.953,565.084,7.158,139.754,165.922,71.29,0.13,0.15
2019-07-30 00:00:00+00:00,50.114,47.539,54.905,91.198,17.101,44.672,102.391,20.25,27.606,217.541,561.766,6.639,141.23,165.497,71.426,0.13,0.15
2019-07-31 00:00:00+00:00,49.492,47.462,54.973,90.634,17.399,44.928,102.248,20.139,27.514,216.835,558.725,5.992,141.23,165.072,71.561,0.13,0.15
2019-08-01 00:00:00+00:00,48.662,47.424,55.007,89.964,17.617,44.826,102.011,19.954,27.377,215.422,555.684,7.093,139.754,164.599,71.516,0.13,0.15
2019-08-02 00:00:00+00:00,47.666,47.462,55.041,89.294,17.629,44.519,101.773,19.77,27.239,214.362,552.644,7.093,138.769,164.08,71.381,0.13,0.15
2019-08-03 00:00:00+00:00,46.681,47.501,55.075,88.659,17.555,44.084,101.44,19.77,27.147,214.362,549.603,5.344,137.293,163.56,71.155,0.13,0.15
2019-08-04 00:00:00+00:00,45.706,47.539,55.109,87.954,17.511,43.597,101.155,19.954,27.01,215.422,547.115,4.987,137.293,162.993,70.884,0.13,0.15
2019-08-05 00:00:00+00:00,44.77,47.654,55.143,87.213,17.517,43.136,100.869,19.991,26.918,215.775,545.456,6.089,135.325,162.521,70.658,0.13,0.15
2019-08-06 00:00:00+00:00,43.99,47.77,55.21,86.473,17.561,42.752,100.632,20.065,26.872,216.128,544.074,6.931,134.341,162.049,70.478,0.13,0.15
2019-08-07 00:00:00+00:00,43.483,47.693,55.278,86.049,17.449,42.343,100.346,20.139,26.781,216.835,542.415,6.704,133.356,161.529,70.297,0.13,0.15
2019-08-08 00:00:00+00:00,43.249,47.386,55.312,86.437,17.287,41.831,100.061,20.139,26.643,216.835,540.48,6.704,132.864,161.01,70.116,0.13,0.15
2019-08-09 00:00:00+00:00,43.171,47.155,55.38,88.165,17.151,42.087,99.966,20.065,26.597,216.128,540.204,6.769,132.372,160.632,70.478,0.13,0.15
2019-08-10 00:00:00+00:00,43.21,47.155,55.516,90.563,17.001,43.418,100.346,20.361,26.643,218.247,542.415,6.834,133.356,160.348,71.426,0.13,0.15
2019-08-11 00:00:00+00:00,43.756,47.232,55.685,92.855,16.927,44.672,100.822,20.657,26.689,220.366,545.18,7.514,137.293,160.396,72.149,0.13,0.15
2019-08-12 00:00:00+00:00,44.458,47.232,55.889,94.936,16.914,45.159,101.202,20.472,26.735,218.953,547.391,8.032,141.23,160.537,72.51,0.13,0.15
2019-08-13 00:00:00+00:00,44.224,47.117,55.99,96.84,16.908,45.184,101.25,20.213,26.643,217.188,547.668,8.162,145.167,160.49,72.555,0.13,0.15
2019-08-14 00:00:00+00:00,43.444,47.194,56.058,98.533,16.852,44.98,101.107,20.213,26.551,217.188,546.838,7.158,144.675,160.49,72.51,0.13,0.15
2019-08-15 00:00:00+00:00,42.781,47.309,56.16,100.084,16.765,44.8,101.012,20.102,26.46,216.481,546.009,6.639,142.706,160.585,72.465,0.13,0.15
2019-08-16 00:00:00+00:00,43.834,47.462,56.296,101.565,16.728,45.364,101.297,19.88,26.414,215.069,546.562,7.287,140.738,161.151,73.007,0.13,0.15
2019-08-17 00:00:00+00:00,45.823,47.501,56.465,102.941,16.759,46.311,101.82,19.88,26.414,215.069,548.773,7.352,138.769,161.907,73.82,0.13,0.15
2019-08-18 00:00:00+00:00,47.383,47.616,56.703,104.175,16.834,46.925,102.201,19.843,26.414,214.716,551.538,7.222,140.246,162.663,74.316,0.13,0.15
2019-08-19 00:00:00+00:00,50.53,47.923,56.94,105.338,16.939,47.309,102.534,19.88,26.414,215.069,554.579,6.898,140.738,163.749,74.633,0.13,0.15
2019-08-20 00:00:00+00:00,53.725,47.731,57.143,106.467,17.064,47.309,102.581,20.065,26.368,216.128,556.514,6.607,140.738,164.788,74.723,0.13,0.15
2019-08-21 00:00:00+00:00,55.634,47.386,57.347,107.56,17.175,47.258,102.629,20.213,26.322,217.188,557.896,6.737,138.277,165.638,74.768,0.13,0.15
2019-08-22 00:00:00+00:00,57.778,47.578,57.584,108.23,17.318,47.232,102.724,20.361,26.322,218.247,559.831,7.19,135.817,166.583,74.903,0.13,0.15
2019-08-23 00:00:00+00:00,59.572,47.962,57.788,108.865,17.399,47.13,102.724,20.472,26.322,218.953,560.937,7.384,135.325,167.433,74.903,0.13,0.15
2019-08-24 00:00:00+00:00,61.504,47.731,57.89,108.759,17.393,46.848,102.581,20.62,26.276,220.013,560.108,7.222,134.341,168.0,74.813,0.13,0.15
2019-08-25 00:00:00+00:00,62.148,47.232,57.991,107.207,17.53,46.49,102.344,20.841,26.184,221.425,558.725,7.384,134.833,168.425,74.678,0.13,0.15
2019-08-26 00:00:00+00:00,60.63,47.078,58.025,105.409,17.809,46.055,102.106,20.915,26.093,222.132,556.514,8.324,135.325,168.614,74.542,0.13,0.15
2019-08-27 00:00:00+00:00,58.744,47.078,58.127,104.457,17.996,45.594,101.773,21.1,25.955,223.191,554.302,8.55,134.833,168.803,74.542,0.13,0.15
2019-08-28 00:00:00+00:00,57.916,47.194,58.297,104.069,18.17,45.184,101.535,21.248,25.909,224.251,552.92,8.032,133.356,169.086,74.497,0.13,0.15
2019-08-29 00:00:00+00:00,57.916,47.309,58.534,103.469,18.369,44.826,101.392,21.507,25.818,226.016,552.091,7.255,132.864,169.322,74.362,0.13,0.15
2019-08-30 00:00:00+00:00,58.514,47.309,58.703,102.976,18.344,44.596,101.44,21.913,25.772,228.842,551.538,6.056,134.341,169.558,74.316,0.13,0.15
2019-08-31 00:00:00+00:00,59.204,47.27,58.907,102.799,18.12,44.468,101.535,22.172,25.726,230.607,551.538,5.7,134.341,169.7,74.316,0.13,0.15
2019-09-01 00:00:00+00:00,58.928,47.27,59.043,102.094,18.089,44.212,101.488,22.135,25.68,230.254,552.367,6.024,133.356,169.795,74.181,0.13,0.15
2019-09-02 00:00:00+00:00,58.146,47.616,59.178,100.895,18.282,43.879,101.535,21.802,25.634,228.135,554.855,6.121,132.372,169.842,74.045,0.13,0.15
2019-09-03 00:00:00+00:00,57.594,48.194,59.416,99.908,18.468,43.674,101.725,21.396,25.634,225.31,558.449,6.186,132.864,169.984,74.045,0.13,0.15
2019-09-04 00:00:00+00:00,57.548,48.503,59.721,99.802,18.388,43.751,102.058,21.026,25.68,222.838,562.596,6.769,134.341,170.125,74.091,0.13,0.15
2019-09-05 00:00:00+00:00,57.778,48.348,59.924,100.613,17.909,43.802,102.344,20.767,25.726,221.072,565.36,7.773,134.341,170.172,74.091,0.13,0.15
2019-09-06 00:00:00+00:00,57.686,48.232,60.06,102.024,17.045,43.7,102.344,20.73,25.68,220.719,565.636,8.486,132.864,170.172,74.045,0.13,0.15
2019-09-07 00:00:00+00:00,57.134,48.155,60.162,102.341,16.666,43.469,102.201,20.767,25.588,221.072,564.254,8.453,133.356,170.125,74.0,0.13,0.15
2019-09-08 00:00:00+00:00,56.582,47.962,60.23,101.671,16.771,43.136,101.963,20.841,25.451,221.425,562.319,8.324,134.341,170.031,73.865,0.13,0.15
2019-09-09 00:00:00+00:00,56.582,47.654,60.331,102.024,16.361,42.906,101.82,20.915,25.451,222.132,560.937,6.996,134.341,169.795,73.82,0.13,0.15
2019-09-10 00:00:00+00:00,56.996,47.462,60.433,102.376,16.1,42.906,101.82,21.1,25.451,223.191,560.108,5.603,134.341,169.558,73.91,0.13,0.15
2019-09-11 00:00:00+00:00,57.18,47.501,60.603,102.129,16.268,42.906,101.82,21.137,25.451,223.544,559.831,6.186,134.833,169.464,73.91,0.13,0.15
2019-09-12 00:00:00+00:00,57.916,47.386,60.772,101.248,16.604,42.906,101.773,21.1,25.405,223.191,558.725,6.38,134.833,169.511,73.91,0.13,0.15
2019-09-13 00:00:00+00:00,59.48,47.232,61.111,100.155,17.039,42.983,101.678,21.248,25.451,224.251,558.172,5.603,134.341,169.7,73.91,0.13,0.15
2019-09-14 00:00:00+00:00,62.562,47.539,61.857,101.036,17.294,44.724,102.153,21.543,25.955,226.37,561.766,5.441,133.356,170.834,74.633,0.13,0.15
2019-09-15 00:00:00+00:00,65.665,47.462,62.536,102.799,17.617,46.797,102.772,22.098,26.551,229.901,567.295,5.635,134.341,172.203,75.31,0.13,0.15
2019-09-16 00:00:00+00:00,66.235,47.078,62.807,103.328,17.984,47.335,102.867,22.689,26.689,234.139,568.954,5.894,130.404,172.534,75.4,0.13,0.15
2019-09-17 00:00:00+00:00,65.333,47.04,62.943,102.905,18.4,47.386,102.772,23.059,26.689,236.611,568.401,5.603,130.896,172.298,75.4,0.13,0.15
2019-09-18 00:00:00+00:00,63.988,47.117,63.044,102.129,18.761,47.156,102.581,23.317,26.643,238.377,567.019,5.149,130.404,172.062,75.265,0.13,0.15
2019-09-19 00:00:00+00:00,62.93,47.194,63.112,101.354,18.425,46.823,102.391,23.428,26.551,239.083,565.36,5.214,130.404,172.014,75.129,0.13,0.15
2019-09-20 00:00:00+00:00,62.148,47.309,63.146,100.402,17.946,46.439,102.201,23.502,26.505,239.436,563.978,5.247,131.88,171.873,74.994,0.13,0.15
2019-09-21 00:00:00+00:00,61.412,47.347,63.18,99.273,17.76,46.132,102.058,23.428,26.414,239.083,563.425,5.765,132.372,171.684,74.768,0.13,0.15
2019-09-22 00:00:00+00:00,60.63,47.347,63.214,98.215,17.698,45.799,101.916,23.317,26.322,238.377,563.148,6.639,132.864,171.4,74.452,0.13,0.15
2019-09-23 00:00:00+00:00,59.848,47.27,63.282,97.193,17.816,45.389,101.725,23.28,26.23,238.024,562.043,6.996,132.372,171.117,74.226,0.13,0.15
2019-09-24 00:00:00+00:00,59.066,47.155,63.316,96.064,17.971,44.903,101.488,23.243,26.139,237.67,560.384,7.06,130.896,170.786,74.045,0.13,0.15
2019-09-25 00:00:00+00:00,58.238,46.963,63.35,95.006,18.095,44.442,101.25,23.133,26.047,236.964,559.002,7.06,128.436,170.409,73.774,0.13,0.15
2019-09-26 00:00:00+00:00,57.364,47.002,63.383,94.054,18.164,44.903,101.06,23.059,26.093,236.611,557.896,7.579,127.451,170.078,74.136,0.13,0.15
2019-09-27 00:00:00+00:00,56.444,47.155,63.417,93.702,18.002,46.362,101.107,22.911,26.276,235.552,557.62,8.129,125.483,169.7,74.949,0.13,0.15
2019-09-28 00:00:00+00:00,55.551,47.232,63.451,93.878,17.735,47.565,101.155,22.874,26.322,235.198,558.172,6.672,126.467,169.322,75.581,0.13,0.15
2019-09-29 00:00:00+00:00,54.68,47.232,63.519,93.878,17.486,48.154,101.155,22.874,26.322,235.198,558.172,6.445,129.912,168.992,75.807,0.13,0.15
2019-09-30 00:00:00+00:00,53.891,47.117,63.553,93.596,17.356,48.18,101.012,22.763,26.276,234.492,557.62,6.866,132.372,168.614,75.762,0.13,0.15
2019-10-01 00:00:00+00:00,53.434,46.694,63.553,93.666,17.119,48.0,100.822,22.763,26.184,234.492,556.514,5.668,131.88,168.189,75.626,0.13,0.15
2019-10-02 00:00:00+00:00,53.186,46.195,63.587,94.618,16.392,47.744,100.632,22.911,26.139,235.552,554.579,5.247,130.896,167.858,75.445,0.13,0.15
2019-10-03 00:00:00+00:00,52.978,45.658,63.621,95.641,15.708,47.463,100.394,22.911,26.093,235.552,552.367,6.056,129.912,167.528,75.31,0.13,0.15
2019-10-04 00:00:00+00:00,52.688,45.158,63.621,96.981,14.931,47.104,100.156,22.8,26.047,234.845,550.708,6.283,128.928,167.197,75.22,0.13,0.15
2019-10-05 00:00:00+00:00,52.397,44.582,63.655,99.026,13.918,46.695,99.966,22.652,25.955,233.786,549.603,4.437,131.88,166.914,75.039,0.13,0.15
2019-10-06 00:00:00+00:00,52.024,44.083,63.655,99.943,13.713,46.26,99.68,22.504,25.863,232.726,548.22,4.145,133.356,166.725,74.813,0.13,0.15
2019-10-07 00:00:00+00:00,51.526,43.661,63.723,100.049,13.974,45.799,99.443,22.135,25.772,230.254,546.285,6.089,134.341,166.583,74.678,0.13,0.15
2019-10-08 00:00:00+00:00,51.069,43.354,63.824,100.472,13.999,45.389,99.3,21.765,25.726,227.782,545.18,6.866,134.341,166.536,74.542,0.13,0.15
2019-10-09 00:00:00+00:00,50.612,43.046,63.926,101.459,13.701,44.954,99.11,21.617,25.726,226.723,543.244,6.898,134.341,166.488,74.452,0.13,0.15
2019-10-10 00:00:00+00:00,50.197,42.739,64.062,103.082,13.216,44.724,98.92,21.47,25.818,225.663,542.415,6.38,132.372,166.583,74.407,0.13,0.15
2019-10-11 00:00:00+00:00,49.824,42.509,64.265,104.739,12.998,45.005,98.824,21.359,26.139,224.957,542.415,5.603,132.372,166.819,74.497,0.13,0.15
2019-10-12 00:00:00+00:00,49.451,42.278,64.401,105.268,13.464,45.517,98.682,21.47,26.414,225.663,541.309,5.376,133.356,167.055,74.542,0.13,0.15
2019-10-13 00:00:00+00:00,49.077,42.01,64.503,105.726,13.744,45.978,98.444,21.617,26.597,226.723,539.651,4.405,135.325,167.339,74.587,0.13,0.15
2019-10-14 00:00:00+00:00,48.745,41.779,64.604,106.114,13.98,46.669,98.349,21.765,26.781,227.782,539.098,3.724,135.325,167.622,74.633,0.13,0.15
2019-10-15 00:00:00+00:00,48.372,41.549,64.706,105.374,14.788,47.284,98.349,21.654,27.01,227.076,539.651,5.085,137.293,167.953,74.903,0.13,0.15
2019-10-16 00:00:00+00:00,47.998,41.318,64.808,104.563,15.447,47.693,98.396,21.396,27.147,225.31,541.309,6.413,143.198,168.189,75.355,0.13,0.15
2019-10-17 00:00:00+00:00,47.666,41.126,64.91,103.54,16.088,48.436,98.444,21.47,27.331,225.663,542.415,6.477,150.58,168.378,75.626,0.13,0.15
2019-10-18 00:00:00+00:00,47.344,40.896,65.011,102.482,16.709,49.536,98.492,21.765,27.514,227.782,543.244,5.441,152.548,168.472,75.762,0.13,0.15
2019-10-19 00:00:00+00:00,46.954,40.627,65.079,101.354,17.231,50.56,98.539,22.098,27.744,229.901,544.35,3.951,152.548,168.519,75.762,0.13,0.15
2019-10-20 00:00:00+00:00,46.525,40.282,65.147,100.119,17.648,50.97,98.492,22.135,27.789,230.254,545.18,4.89,153.532,168.378,75.581,0.13,0.15
2019-10-21 00:00:00+00:00,46.096,40.013,65.249,99.097,17.878,50.893,98.444,21.913,27.835,228.842,545.456,6.445,152.548,168.189,75.536,0.13,0.15
2019-10-22 00:00:00+00:00,45.979,39.974,65.452,98.991,17.716,50.97,98.396,21.876,27.881,228.488,545.456,6.898,149.595,168.189,75.491,0.13,0.15
2019-10-23 00:00:00+00:00,46.135,40.166,65.757,99.485,17.424,51.252,98.396,22.024,27.973,229.548,546.009,7.158,145.659,168.378,75.491,0.13,0.15
2019-10-24 00:00:00+00:00,47.188,40.32,66.232,100.966,17.032,52.096,98.92,22.43,28.156,232.373,549.326,6.575,144.182,169.039,76.033,0.13,0.15
2019-10-25 00:00:00+00:00,48.911,39.706,66.639,103.293,16.417,53.248,99.633,22.985,28.294,235.905,554.579,5.441,140.738,169.606,76.349,0.13,0.15
2019-10-26 00:00:00+00:00,50.197,38.477,66.775,105.021,15.771,53.684,99.918,23.243,28.34,237.67,557.62,4.793,138.277,169.889,76.213,0.13,0.15
2019-10-27 00:00:00+00:00,50.986,37.402,66.91,105.515,15.584,53.556,99.966,23.317,28.386,238.377,558.725,4.761,137.785,170.031,76.213,0.13,0.15
2019-10-28 00:00:00+00:00,51.028,36.71,66.978,104.915,15.833,53.274,99.823,23.317,28.34,238.377,558.172,5.02,136.309,170.078,76.078,0.13,0.15
2019-10-29 00:00:00+00:00,50.737,36.134,67.012,104.069,16.137,52.941,99.728,23.17,28.248,237.317,557.343,4.696,137.293,170.078,75.942,0.13,0.15
2019-10-30 00:00:00+00:00,50.488,35.558,67.046,103.434,16.255,52.634,99.585,23.022,28.11,236.258,556.514,4.826,135.325,170.031,75.671,0.13,0.15
2019-10-31 00:00:00+00:00,50.197,34.982,67.08,104.21,15.603,52.378,99.443,22.874,28.019,235.198,556.237,5.149,132.372,169.936,75.31,0.13,0.15
2019-11-01 00:00:00+00:00,49.866,34.406,67.114,105.867,14.54,52.173,99.348,22.615,27.927,233.433,556.79,5.247,128.436,169.936,74.858,0.13,0.15
2019-11-02 00:00:00+00:00,49.534,33.792,67.148,107.348,13.707,51.866,99.252,22.393,27.881,232.02,557.62,6.186,123.515,170.078,74.542,0.13,0.15
2019-11-03 00:00:00+00:00,49.201,33.178,67.148,107.595,13.719,51.405,99.11,22.135,27.835,230.254,557.343,6.477,124.007,170.172,74.271,0.13,0.15
2019-11-04 00:00:00+00:00,48.828,32.563,67.182,106.255,14.546,50.868,98.872,22.024,27.698,229.548,555.961,6.251,125.483,170.267,74.045,0.13,0.15
2019-11-05 00:00:00+00:00,48.455,31.949,67.182,104.633,15.311,50.356,98.587,21.987,27.56,229.195,553.749,5.409,126.467,170.22,73.774,0.13,0.15
2019-11-06 00:00:00+00:00,48.081,31.296,67.216,103.611,15.609,49.844,98.254,21.987,27.423,229.195,551.261,4.437,125.483,170.125,73.458,0.13,0.15
2019-11-07 00:00:00+00:00,47.707,30.643,67.216,102.658,15.82,49.357,97.921,21.913,27.285,228.842,548.773,3.387,123.515,169.936,73.142,0.13,0.15
2019-11-08 00:00:00+00:00,47.305,29.99,67.216,101.495,16.144,48.896,97.588,21.913,27.193,228.842,546.562,3.292,121.054,169.747,72.826,0.13,0.15
2019-11-09 00:00:00+00:00,46.915,29.299,67.216,100.895,16.112,48.461,97.303,21.913,27.056,228.842,544.627,3.822,118.594,169.511,72.374,0.13,0.15
2019-11-10 00:00:00+00:00,46.525,28.608,67.25,100.366,16.075,48.0,97.017,21.802,26.918,228.135,542.968,4.631,116.625,169.275,71.968,0.13,0.15
2019-11-11 00:00:00+00:00,46.135,27.917,67.283,99.873,16.056,47.514,96.732,21.543,26.826,226.37,541.033,6.024,116.625,168.992,71.652,0.13,0.15
2019-11-12 00:00:00+00:00,45.745,27.187,67.283,99.449,15.994,47.053,96.447,21.285,26.735,224.604,539.098,6.413,115.641,168.708,71.29,0.13,0.15
2019-11-13 00:00:00+00:00,45.355,26.496,67.317,98.497,16.162,46.567,96.114,21.1,26.643,223.191,536.61,6.704,115.641,168.425,70.974,0.13,0.15
2019-11-14 00:00:00+00:00,44.926,25.728,67.317,98.039,16.112,46.029,95.828,20.841,26.505,221.425,534.675,6.866,118.102,168.094,70.613,0.13,0.15
2019-11-15 00:00:00+00:00,44.497,24.998,67.351,99.132,15.279,45.85,95.591,20.509,26.276,219.307,533.569,6.283,118.102,167.811,70.026,0.13,0.15
2019-11-16 00:00:00+00:00,44.068,24.269,67.351,101.072,14.092,45.927,95.4,20.25,26.23,217.541,533.569,5.83,118.594,167.575,69.213,0.13,0.15
2019-11-17 00:00:00+00:00,43.639,23.539,67.385,101.883,13.744,45.799,95.21,19.991,26.139,215.775,533.016,6.089,116.625,167.433,68.716,0.13,0.15
2019-11-18 00:00:00+00:00,43.21,22.81,67.419,101.636,14.067,45.492,94.972,19.77,26.093,214.362,531.634,6.413,116.133,167.339,68.49,0.13,0.15
2019-11-19 00:00:00+00:00,42.742,22.042,67.453,101.177,14.347,45.082,94.64,19.511,26.001,212.597,529.422,6.024,119.578,167.15,68.219,0.13,0.15
2019-11-20 00:00:00+00:00,42.196,21.274,67.453,100.719,14.571,44.647,94.354,19.326,25.818,211.184,526.934,6.121,125.483,166.961,67.903,0.13,0.15
2019-11-21 00:00:00+00:00,41.65,20.467,67.453,100.437,14.639,44.288,94.069,19.067,25.68,209.418,524.999,6.251,132.372,166.819,67.677,0.13,0.15
2019-11-22 00:00:00+00:00,41.026,19.699,67.487,101.283,14.074,44.212,93.879,18.846,25.634,208.006,524.446,5.57,137.785,166.677,67.316,0.13,0.15
2019-11-23 00:00:00+00:00,40.402,18.931,67.487,103.011,13.147,44.365,93.736,18.735,25.497,207.299,524.723,5.052,142.706,166.63,66.774,0.13,0.15
2019-11-24 00:00:00+00:00,39.778,18.163,67.521,103.399,13.172,44.186,93.356,18.587,25.359,206.24,523.617,5.732,142.706,166.63,66.368,0.13,0.15
2019-11-25 00:00:00+00:00,39.186,17.395,67.555,102.447,13.899,43.7,91.976,18.291,25.221,204.121,521.682,6.639,140.246,166.63,66.232,0.13,0.15
2019-11-26 00:00:00+00:00,38.598,16.666,67.555,101.742,14.279,43.29,92.832,17.811,25.084,200.943,519.747,6.639,140.738,166.583,66.052,0.13,0.15
2019-11-27 00:00:00+00:00,37.973,15.898,67.589,101.318,14.409,42.957,92.547,17.353,25.038,197.764,517.812,6.445,142.706,166.488,65.826,0.13,0.15
2019-11-28 00:00:00+00:00,37.348,15.168,67.589,100.754,14.54,42.624,92.262,17.076,24.992,195.645,516.153,6.121,140.738,166.347,65.51,0.13,0.15
2019-11-29 00:00:00+00:00,36.686,14.4,67.623,99.837,14.819,42.112,91.834,16.868,24.855,194.233,513.941,5.441,138.769,166.158,65.329,0.13,0.15
2019-11-30 00:00:00+00:00,36.025,13.632,67.623,99.062,15.0,41.549,91.548,16.66,24.717,192.82,512.283,5.409,137.293,165.922,65.148,0.13,0.15
2019-12-01 00:00:00+00:00,35.327,12.902,67.623,98.603,14.975,40.96,91.168,16.383,24.534,190.701,510.071,6.186,136.309,165.686,64.968,0.13,0.15
2019-12-02 00:00:00+00:00,34.592,12.211,67.657,97.757,15.168,40.448,90.788,15.932,24.442,187.523,507.583,6.607,136.309,165.449,64.697,0.13,0.15
2019-12-03 00:00:00+00:00,33.893,11.52,67.69,97.087,15.236,40.039,90.407,15.516,24.258,184.345,505.648,6.315,137.293,165.166,64.426,0.13,0.15
2019-12-04 00:00:00+00:00,33.269,10.944,67.792,97.228,14.9,39.732,90.169,15.169,24.075,181.873,503.989,6.089,135.325,164.93,64.2,0.13,0.15
2019-12-05 00:00:00+00:00,32.607,10.406,67.894,97.757,14.415,39.706,89.979,14.961,23.983,180.46,502.884,5.538,134.341,164.694,63.748,0.13,0.15
2019-12-06 00:00:00+00:00,31.921,9.83,67.894,97.933,14.179,39.86,89.741,14.927,23.892,180.107,501.778,5.214,130.404,164.505,63.116,0.13,0.15
2019-12-07 00:00:00+00:00,31.327,9.331,68.03,97.298,14.446,39.988,89.599,14.927,23.846,180.107,500.672,5.344,126.467,164.269,62.439,0.13,0.15
2019-12-08 00:00:00+00:00,30.733,8.87,68.165,96.241,14.9,39.988,90.597,14.753,23.846,179.047,499.843,5.279,127.944,164.08,61.851,0.13,0.15
2019-12-09 00:00:00+00:00,30.073,8.371,68.267,95.324,15.199,39.757,91.596,14.684,23.708,178.341,497.631,5.603,132.864,163.796,61.264,0.13,0.15
2019-12-10 00:00:00+00:00,29.38,7.987,68.369,94.901,15.211,39.527,91.501,14.58,23.616,177.635,495.696,6.251,133.356,163.607,60.858,0.13,0.15
2019-12-11 00:00:00+00:00,28.621,7.565,68.47,94.513,15.23,39.194,91.406,14.407,23.525,176.575,494.037,6.996,134.833,163.418,60.587,0.13,0.15
2019-12-12 00:00:00+00:00,27.796,7.142,68.538,93.984,15.279,38.912,91.311,14.233,23.341,175.163,492.102,7.19,132.864,163.088,60.226,0.13,0.15
2019-12-13 00:00:00+00:00,27.004,6.682,68.572,93.419,15.329,38.887,91.263,14.025,23.295,173.75,490.444,6.542,133.356,162.804,59.638,0.13,0.15
2019-12-14 00:00:00+00:00,26.146,6.221,68.64,92.503,15.547,39.066,91.12,14.095,23.295,174.103,488.232,5.085,134.833,162.474,58.916,0.13,0.15
2019-12-15 00:00:00+00:00,25.36,5.76,68.674,91.48,15.789,39.04,90.883,14.164,23.204,174.81,485.744,5.02,136.309,162.143,58.284,0.13,0.15
2019-12-16 00:00:00+00:00,24.58,5.261,68.742,90.493,15.994,38.631,90.645,14.095,23.066,174.103,482.98,5.732,138.769,161.718,57.922,0.13,0.15
2019-12-17 00:00:00+00:00,23.74,4.723,68.572,89.858,16.094,38.016,90.455,13.921,22.974,173.044,480.492,5.959,138.277,161.293,57.742,0.13,0.15
2019-12-18 00:00:00+00:00,23.2,4.147,68.097,89.964,15.969,37.53,90.407,13.783,22.791,171.984,478.833,5.635,137.293,160.821,57.561,0.13,0.15
2019-12-19 00:00:00+00:00,23.14,3.533,67.521,90.598,15.547,37.428,90.407,13.644,22.516,170.925,477.451,5.376,135.325,160.207,57.064,0.13,0.15
2019-12-20 00:00:00+00:00,23.26,2.995,66.91,92.15,14.577,37.581,90.55,13.54,22.47,170.219,476.898,5.635,132.864,159.498,56.432,0.13,0.15
2019-12-21 00:00:00+00:00,23.32,2.65,66.266,94.407,13.321,37.735,90.74,13.436,22.516,169.512,476.621,6.024,129.912,158.884,55.8,0.13,0.15
2019-12-22 00:00:00+00:00,23.35,2.458,65.656,95.747,12.855,37.863,90.835,13.297,22.378,168.453,475.792,6.769,127.944,158.318,55.122,0.13,0.15
2019-12-23 00:00:00+00:00,23.32,2.534,65.079,96.276,12.911,38.016,90.883,13.055,22.287,166.687,474.963,6.834,126.467,157.845,54.445,0.13,0.15
2019-12-24 00:00:00+00:00,23.26,2.765,64.435,97.545,12.488,38.144,90.978,12.708,22.195,164.215,474.133,6.51,127.451,157.42,53.677,0.13,0.15
2019-12-25 00:00:00+00:00,23.17,2.765,63.79,98.251,12.439,38.247,91.025,12.431,22.103,162.096,473.028,5.927,128.928,156.995,52.864,0.13,0.15
2019-12-26 00:00:00+00:00,23.08,2.726,63.18,97.369,13.216,38.349,90.835,12.327,21.966,161.39,470.54,6.089,130.404,156.617,52.006,0.13,0.15
2019-12-27 00:00:00+00:00,23.02,2.688,62.57,96.699,13.663,38.426,90.645,12.119,21.645,159.977,468.052,7.158,131.88,156.239,51.193,0.13,0.15
2019-12-28 00:00:00+00:00,23.08,2.765,62.027,97.581,13.129,38.58,84.7,11.737,21.324,157.152,467.775,6.801,131.88,155.909,50.516,0.13,0.15
2019-12-29 00:00:00+00:00,23.68,2.765,61.62,99.379,12.358,39.22,84.463,11.391,21.324,154.68,468.881,6.445,132.372,155.814,50.516,0.13,0.15
2019-12-30 00:00:00+00:00,24.52,2.803,61.213,100.966,12.14,40.244,84.177,11.356,21.599,154.327,469.987,6.834,131.88,155.956,50.741,0.13,0.15
2019-12-31 00:00:00+00:00,25.18,2.842,60.704,102.059,12.097,40.935,83.844,11.252,21.69,153.621,470.54,5.765,133.356,156.287,50.516,0.13,0.15
2020-01-01 00:00:00+00:00,25.66,2.65,60.162,102.2,12.358,41.37,83.512,11.356,21.599,154.327,469.987,4.081,135.817,156.617,49.974,0.13,0.15
2020-01-02 00:00:00+00:00,26.146,2.534,59.653,101.847,12.818,41.728,83.179,11.425,21.69,155.033,468.604,4.696,137.293,156.853,49.432,0.13,0.15
2020-01-03 00:00:00+00:00,26.443,2.458,59.11,101.777,12.93,41.908,82.893,11.495,21.874,155.386,467.499,5.862,136.309,156.995,48.935,0.13,0.15
2020-01-04 00:00:00+00:00,26.641,2.304,58.534,100.86,13.452,41.626,82.56,11.529,21.736,155.739,465.011,6.315,132.372,156.995,48.664,0.13,0.15
2020-01-05 00:00:00+00:00,26.806,2.342,57.991,99.696,14.061,41.216,82.228,11.633,21.553,156.446,462.523,6.413,130.896,156.853,48.528,0.13,0.15
2020-01-06 00:00:00+00:00,26.971,2.458,57.449,99.485,13.98,41.216,81.895,11.633,21.461,156.446,460.864,6.056,132.864,156.712,48.122,0.13,0.15
2020-01-07 00:00:00+00:00,27.433,2.419,57.042,100.472,13.489,41.78,81.609,11.668,21.69,156.799,461.693,5.797,133.356,156.759,47.851,0.13,0.15
2020-01-08 00:00:00+00:00,28.027,2.496,56.567,100.895,13.62,42.292,81.276,11.772,22.057,157.505,461.97,6.348,132.372,156.901,47.806,0.13,0.15
2020-01-09 00:00:00+00:00,28.489,2.534,56.024,100.049,14.322,42.215,80.991,11.841,22.103,157.858,460.035,7.741,128.928,156.853,47.761,0.13,0.15
2020-01-10 00:00:00+00:00,28.951,2.381,55.583,100.507,14.074,42.266,80.848,11.841,22.149,157.858,460.035,7.773,130.896,156.853,47.67,0.13,0.15
2020-01-11 00:00:00+00:00,29.413,2.458,55.109,101.953,13.315,42.778,80.801,12.015,22.241,159.271,461.417,6.672,130.404,156.995,47.399,0.13,0.15
2020-01-12 00:00:00+00:00,29.743,2.534,54.566,102.235,13.278,43.034,80.611,12.223,22.195,160.684,461.14,6.996,126.467,157.184,47.264,0.13,0.15
2020-01-13 00:00:00+00:00,30.007,2.534,54.023,102.447,13.16,42.957,80.373,12.327,22.103,161.39,460.035,7.287,127.451,157.373,47.219,0.13,0.15
2020-01-14 00:00:00+00:00,30.304,2.266,53.515,102.588,13.029,42.752,80.183,12.5,22.287,162.802,459.482,6.315,128.928,157.609,47.174,0.13,0.15
2020-01-15 00:00:00+00:00,30.535,2.266,52.972,101.812,13.508,42.368,79.897,12.708,22.424,164.215,457.823,6.283,127.944,157.751,47.174,0.13,0.15
2020-01-16 00:00:00+00:00,30.733,2.458,52.463,101.036,13.931,41.933,79.564,12.847,22.195,165.275,455.612,6.218,127.451,157.704,47.038,0.13,0.15
2020-01-17 00:00:00+00:00,30.931,2.611,51.955,101.318,13.645,41.626,79.279,12.951,22.287,165.981,453.4,5.409,127.944,157.656,46.767,0.13,0.15
2020-01-18 00:00:00+00:00,31.063,2.381,51.344,102.517,12.805,41.575,78.994,12.847,22.332,165.275,452.018,4.664,128.928,157.656,46.044,0.13,0.15
2020-01-19 00:00:00+00:00,31.129,2.189,50.734,103.328,12.202,41.472,78.708,12.673,22.011,163.862,450.083,5.085,132.372,157.892,45.367,0.13,0.15
2020-01-20 00:00:00+00:00,31.261,2.189,50.157,103.611,12.115,41.396,78.423,12.327,21.828,161.39,448.977,5.668,132.372,158.176,44.961,0.13,0.15
2020-01-21 00:00:00+00:00,31.393,2.342,49.513,102.447,12.955,41.421,78.233,12.119,21.828,159.977,448.424,5.7,131.88,158.365,44.644,0.13,0.15
2020-01-22 00:00:00+00:00,31.492,2.611,48.903,100.719,13.968,41.319,78.043,11.876,21.645,158.212,447.595,5.797,129.912,158.27,44.283,0.13,0.15
2020-01-23 00:00:00+00:00,31.591,2.496,48.224,99.555,14.44,41.498,77.852,11.495,21.553,155.386,447.318,5.862,132.372,158.034,43.606,0.13,0.15
2020-01-24 00:00:00+00:00,31.624,2.15,47.546,98.286,14.844,41.78,77.71,11.287,21.553,153.974,447.042,6.153,131.388,157.704,42.748,0.13,0.15
2020-01-25 00:00:00+00:00,31.657,1.997,46.868,96.84,15.261,42.01,77.567,11.252,21.369,153.621,447.042,5.927,131.388,157.278,41.799,0.13,0.15
2020-01-26 00:00:00+00:00,31.69,2.15,46.088,95.5,15.572,42.215,77.377,11.252,21.186,153.621,446.212,5.538,131.388,156.853,40.851,0.13,0.15
2020-01-27 00:00:00+00:00,31.69,2.381,45.206,94.089,15.851,42.343,77.092,11.183,21.094,153.267,444.001,6.607,131.88,156.334,39.993,0.13,0.15
2020-01-28 00:00:00+00:00,31.657,2.419,44.901,92.679,16.025,42.112,76.806,11.113,21.14,152.561,442.066,7.255,133.356,155.814,39.406,0.13,0.15
2020-01-29 00:00:00+00:00,31.657,2.342,45.206,90.986,16.144,41.549,76.521,11.044,21.094,152.208,440.131,6.153,131.88,155.248,39.135,0.13,0.15
2020-01-30 00:00:00+00:00,31.657,2.266,45.376,89.188,16.212,41.012,76.283,11.044,20.865,152.208,438.748,6.445,129.912,154.586,38.864,0.13,0.15
2020-01-31 00:00:00+00:00,31.657,2.189,45.443,89.117,15.466,40.525,76.14,10.801,20.911,150.442,438.472,6.542,128.928,153.925,38.593,0.13,0.15
2020-02-01 00:00:00+00:00,31.657,2.266,45.511,89.188,14.757,39.936,75.998,10.697,20.957,149.736,438.196,5.344,127.451,153.311,38.367,0.13,0.15
2020-02-02 00:00:00+00:00,31.624,2.381,45.579,87.46,15.056,39.322,75.712,10.801,20.773,150.442,436.26,3.822,126.959,152.65,38.141,0.13,0.15
2020-02-03 00:00:00+00:00,31.261,2.381,45.647,85.521,15.528,38.708,75.332,11.148,20.727,152.914,433.496,2.626,131.88,152.083,37.87,0.13,0.15
2020-02-04 00:00:00+00:00,30.337,2.266,45.681,84.181,15.851,38.068,74.952,11.841,20.682,157.858,430.732,2.649,135.817,151.658,37.636,0.13,0.15
2020-02-05 00:00:00+00:00,29.182,2.15,45.715,83.158,16.056,37.376,74.619,12.673,20.544,163.862,428.244,3.173,132.372,151.233,37.402,0.13,0.15
2020-02-06 00:00:00+00:00,27.961,2.15,45.715,82.135,16.237,36.685,74.191,13.297,20.361,168.453,424.926,5.376,129.42,150.808,37.167,0.13,0.15
2020-02-07 00:00:00+00:00,26.74,2.15,45.749,82.805,15.572,36.02,73.905,13.332,19.948,168.806,423.268,7.352,126.467,150.43,36.933,0.13,0.15
2020-02-08 00:00:00+00:00,25.54,2.189,45.85,85.168,14.161,35.431,73.858,13.159,19.627,167.393,423.544,5.797,125.975,150.147,36.699,0.13,0.15
2020-02-09 00:00:00+00:00,24.49,2.266,45.986,87.389,13.023,34.919,73.81,13.089,19.764,167.04,424.373,4.243,128.928,150.052,36.465,0.13,0.15
2020-02-10 00:00:00+00:00,23.44,2.381,46.122,88.095,12.917,34.33,73.62,12.916,20.04,165.628,423.82,4.664,130.404,149.91,36.191,0.13,0.15
2020-02-11 00:00:00+00:00,22.33,2.419,46.223,86.966,13.769,33.639,73.382,12.604,19.994,163.509,422.162,4.858,130.896,149.816,35.996,0.13,0.15
2020-02-12 00:00:00+00:00,21.16,2.419,46.291,86.614,13.943,32.922,73.002,12.431,19.902,162.096,419.674,5.506,130.404,149.58,35.723,0.13,0.15
2020-02-13 00:00:00+00:00,19.96,2.419,46.325,88.024,13.104,32.205,72.526,12.119,19.443,159.977,416.08,7.352,128.928,149.391,35.488,0.13,0.15
2020-02-14 00:00:00+00:00,18.817,2.534,46.393,89.858,12.202,31.514,72.146,11.633,18.756,156.446,413.592,7.903,128.928,149.391,35.293,0.13,0.15
2020-02-15 00:00:00+00:00,17.746,2.534,46.529,91.586,11.693,30.874,72.003,11.287,18.48,153.974,412.763,5.506,127.451,149.58,35.137,0.13,0.15
2020-02-16 00:00:00+00:00,16.758,2.458,46.698,93.137,11.506,30.234,71.908,11.113,18.664,152.561,412.21,4.631,125.975,149.91,35.137,0.13,0.15
2020-02-17 00:00:00+00:00,15.77,2.496,46.936,93.666,11.923,29.594,71.67,10.905,18.71,151.148,409.722,6.413,127.451,150.288,35.098,0.13,0.15
2020-02-18 00:00:00+00:00,14.672,2.611,47.105,92.432,12.955,28.903,71.29,10.559,18.435,148.676,407.51,7.352,129.912,150.477,35.02,0.13,0.15
2020-02-19 00:00:00+00:00,13.628,2.496,47.207,90.493,13.962,28.354,70.957,10.351,18.022,147.264,405.022,7.255,129.912,150.572,34.903,0.13,0.15
2020-02-20 00:00:00+00:00,12.622,2.458,47.343,88.694,14.695,27.937,70.529,10.351,17.609,147.264,401.981,6.801,129.912,150.572,34.747,0.13,0.15
2020-02-21 00:00:00+00:00,11.639,2.496,47.58,86.966,15.373,27.567,70.244,10.559,17.517,148.676,399.493,6.542,129.912,150.572,34.903,0.13,0.15
2020-02-22 00:00:00+00:00,10.586,2.534,47.817,85.133,16.013,27.227,69.958,10.767,17.563,150.089,397.005,6.542,130.404,150.477,35.098,0.13,0.15
2020-02-23 00:00:00+00:00,9.405,2.573,47.953,83.369,16.498,26.687,69.483,10.801,17.196,150.442,393.688,7.546,133.849,150.147,35.02,0.13,0.15
2020-02-24 00:00:00+00:00,8.377,2.381,48.021,81.712,16.846,25.853,69.007,10.697,16.692,149.736,390.54,7.741,134.341,149.722,35.098,0.13,0.15
2020-02-25 00:00:00+00:00,7.271,2.112,48.055,80.125,17.082,24.865,68.532,10.559,16.554,148.676,387.678,6.931,135.817,149.249,35.293,0.13,0.15
2020-02-26 00:00:00+00:00,6.36,1.958,48.089,78.503,17.244,23.985,68.008,10.455,16.463,147.97,384.817,6.024,134.833,148.682,35.293,0.13,0.15
2020-02-27 00:00:00+00:00,5.972,2.035,48.157,76.493,17.381,23.336,67.485,10.42,16.188,147.617,382.176,4.987,134.341,147.832,35.137,0.13,0.15
2020-02-28 00:00:00+00:00,5.913,2.15,48.19,74.236,17.536,22.781,67.087,10.455,15.637,147.97,379.315,4.307,133.849,146.888,34.942,0.13,0.15
2020-02-29 00:00:00+00:00,5.836,2.227,48.258,72.05,17.666,22.148,66.746,10.524,15.316,148.323,376.673,4.858,132.372,145.896,34.786,0.13,0.15
2020-03-01 00:00:00+00:00,5.778,2.227,48.326,69.934,17.772,21.206,66.368,10.455,15.362,147.97,373.812,5.797,132.372,144.81,34.747,0.13,0.15
2020-03-02 00:00:00+00:00,5.684,2.15,48.36,67.818,17.859,20.079,65.953,10.42,15.27,147.617,370.951,4.858,130.404,143.723,34.903,0.13,0.15
2020-03-03 00:00:00+00:00,5.62,2.15,48.394,65.773,17.934,18.936,65.537,10.316,14.949,146.911,367.869,4.955,131.388,142.542,35.215,0.13,0.15
2020-03-04 00:00:00+00:00,5.556,2.381,48.428,63.728,17.984,17.871,65.121,10.108,14.537,145.498,364.788,5.959,130.404,141.314,35.332,0.13,0.15
2020-03-05 00:00:00+00:00,5.524,2.458,48.462,61.647,18.021,17.099,64.705,9.831,14.307,143.379,361.486,7.06,129.912,139.992,35.176,0.13,0.15
2020-03-06 00:00:00+00:00,5.54,2.342,48.496,59.567,18.046,16.435,64.252,9.449,13.941,140.554,358.405,8.162,129.912,138.622,34.864,0.13,0.15
2020-03-07 00:00:00+00:00,5.588,2.227,48.563,57.698,18.033,15.756,63.874,9.207,13.482,138.788,355.764,6.38,129.42,137.3,34.591,0.13,0.15
2020-03-08 00:00:00+00:00,5.652,2.189,48.631,55.829,18.015,14.953,63.496,9.033,13.207,137.729,353.123,4.955,130.404,135.883,34.356,0.13,0.15
2020-03-09 00:00:00+00:00,5.7,2.227,48.699,54.328,18.027,13.826,63.08,8.791,12.748,135.963,350.041,6.089,131.88,134.372,34.395,0.13,0.15
2020-03-10 00:00:00+00:00,5.758,2.381,48.801,53.108,18.046,12.576,62.664,8.548,12.427,134.197,346.96,6.38,133.849,132.907,34.669,0.13,0.15
2020-03-11 00:00:00+00:00,5.816,2.534,48.903,51.91,18.052,11.619,62.248,8.375,12.336,132.785,344.099,5.02,134.833,131.396,34.669,0.13,0.15
2020-03-12 00:00:00+00:00,5.875,2.534,48.97,50.69,18.046,10.847,61.795,8.097,12.198,131.019,341.017,5.149,134.341,129.79,34.356,0.13,0.15
2020-03-13 00:00:00+00:00,5.913,2.342,49.004,49.492,18.027,9.998,61.341,7.716,11.648,128.194,337.496,7.352,134.833,128.184,34.044,0.13,0.15
2020-03-14 00:00:00+00:00,5.991,2.227,49.072,48.294,18.015,9.334,60.887,7.439,11.097,126.075,334.414,6.834,134.833,126.578,33.693,0.13,0.15
2020-03-15 00:00:00+00:00,6.069,2.189,49.174,47.096,18.008,8.732,60.434,7.233,11.006,124.662,331.333,5.279,136.309,124.925,33.341,0.13,0.15
2020-03-16 00:00:00+00:00,6.127,2.189,49.242,45.898,18.002,8.245,59.98,6.998,10.685,122.896,328.251,6.153,137.293,123.272,33.068,0.13,0.15
2020-03-17 00:00:00+00:00,5.739,2.304,49.377,44.904,17.99,7.87,59.527,6.764,10.455,121.131,324.95,7.32,138.769,121.666,32.756,0.13,0.15
2020-03-18 00:00:00+00:00,4.66,2.534,49.445,44.249,17.971,7.48,59.073,6.529,10.318,119.365,321.869,7.838,137.785,120.297,32.482,0.13,0.15
2020-03-19 00:00:00+00:00,3.14,2.496,49.513,43.797,17.946,7.062,58.582,6.228,9.951,117.246,318.787,8.162,137.785,119.069,32.209,0.13,0.15
2020-03-20 00:00:00+00:00,2.1,2.266,49.547,43.141,17.896,6.616,58.09,5.86,9.492,114.421,315.486,8.615,137.785,117.652,31.936,0.13,0.15
2020-03-21 00:00:00+00:00,1.775,2.15,49.547,42.147,17.841,6.177,57.599,5.592,8.942,112.302,312.184,8.129,138.769,115.999,31.584,0.13,0.15
2020-03-22 00:00:00+00:00,1.737,2.112,49.581,40.994,17.778,5.723,57.107,5.357,8.529,110.536,308.883,7.384,138.769,114.157,31.233,0.13,0.15
2020-03-23 00:00:00+00:00,1.762,2.189,49.615,39.796,17.71,5.185,56.578,5.156,8.254,109.124,305.361,6.737,138.769,112.315,30.921,0.13,0.15
2020-03-24 00:00:00+00:00,1.787,2.227,49.615,38.599,17.642,4.569,56.049,4.955,7.933,107.711,301.839,5.603,137.785,110.426,30.608,0.13,0.15
2020-03-25 00:00:00+00:00,1.787,2.381,49.649,37.446,17.579,3.86,55.558,4.721,7.704,105.945,298.538,5.765,137.293,108.536,30.335,0.13,0.15
2020-03-26 00:00:00+00:00,1.787,2.573,49.683,36.271,17.53,3.117,55.066,4.352,7.704,103.12,295.456,7.611,136.801,106.6,30.101,0.13,0.15
2020-03-27 00:00:00+00:00,1.775,2.496,49.683,35.118,17.486,2.515,54.537,3.917,7.842,99.942,291.935,7.903,135.817,104.663,29.71,0.13,0.15
2020-03-28 00:00:00+00:00,1.775,2.342,49.717,33.943,17.449,2.04,54.008,3.682,7.842,98.176,288.633,5.894,136.801,102.632,29.203,0.13,0.15
2020-03-29 00:00:00+00:00,1.762,2.266,49.717,32.79,17.418,1.863,53.441,3.515,7.796,96.763,285.112,6.056,135.817,100.649,28.5,0.13,0.15
2020-03-30 00:00:00+00:00,1.737,2.189,49.75,31.638,17.381,2.012,52.912,3.079,7.566,93.585,281.59,7.838,135.817,98.571,27.602,0.13,0.15
2020-03-31 00:00:00+00:00,1.713,2.112,49.75,30.463,17.331,2.196,52.382,2.51,7.291,89.347,278.289,8.226,135.817,96.492,26.626,0.13,0.15
2020-04-01 00:00:00+00:00,1.7,2.112,49.852,29.333,17.281,2.394,51.853,1.94,7.016,85.109,275.207,8.097,136.801,94.462,25.689,0.13,0.15
2020-04-02 00:00:00+00:00,1.663,2.381,49.954,28.18,17.231,2.564,51.324,1.371,6.741,80.872,271.686,8.064,137.293,92.431,24.752,0.13,0.15
2020-04-03 00:00:00+00:00,1.612,2.65,49.988,27.027,17.157,2.72,50.757,0.7,6.466,75.927,267.944,8.194,136.801,90.258,23.737,0.13,0.15
2020-04-04 00:00:00+00:00,1.575,2.765,50.022,25.852,17.082,2.876,50.19,0.568,6.191,70.983,264.422,8.194,135.817,88.133,22.761,0.13,0.15
2020-04-05 00:00:00+00:00,1.538,2.726,50.056,24.7,17.001,3.025,49.661,0.528,5.916,66.039,260.901,8.064,135.325,85.913,21.785,0.13,0.15
2020-04-06 00:00:00+00:00,1.525,2.573,50.056,23.524,16.939,3.039,49.094,0.492,5.595,61.448,257.159,8.356,134.833,83.693,20.926,0.13,0.15
2020-04-07 00:00:00+00:00,1.538,2.458,50.09,22.349,16.883,3.117,48.527,0.458,5.319,57.21,253.638,8.453,134.341,81.473,20.184,0.13,0.15
2020-04-08 00:00:00+00:00,1.562,2.342,50.123,21.197,16.834,3.102,47.96,0.432,4.953,54.032,249.896,8.291,132.864,79.159,19.56,0.13,0.15
2020-04-09 00:00:00+00:00,1.575,2.266,50.157,20.021,16.796,2.656,47.355,0.418,4.54,52.266,246.154,7.417,131.88,76.844,19.169,0.13,0.15
2020-04-10 00:00:00+00:00,1.575,2.381,50.191,18.824,16.759,2.047,46.788,0.41,4.173,51.207,242.412,7.158,130.896,74.53,18.818,0.13,0.15
2020-04-11 00:00:00+00:00,1.575,2.534,50.225,17.739,16.684,1.92,46.221,0.396,3.806,49.441,238.891,6.38,130.404,72.169,18.193,0.13,0.15
2020-04-12 00:00:00+00:00,1.575,2.496,50.259,16.722,16.56,2.309,45.616,0.396,3.393,49.441,235.149,4.728,130.404,69.76,17.334,0.13,0.15
2020-04-13 00:00:00+00:00,1.462,2.304,50.259,15.727,16.448,2.67,45.049,0.398,3.118,49.794,231.187,5.57,127.944,67.398,16.475,0.13,0.15
2020-04-14 00:00:00+00:00,1.075,2.304,50.293,14.891,16.38,2.996,44.444,0.384,3.118,48.028,227.446,6.218,124.499,65.131,15.656,0.13,0.15
2020-04-15 00:00:00+00:00,0.588,2.534,50.327,14.123,16.361,3.343,43.84,0.372,3.21,46.616,223.484,6.186,124.991,62.911,15.382,0.13,0.15
2020-04-16 00:00:00+00:00,0.288,2.573,50.361,13.128,16.38,3.251,43.235,0.362,3.21,45.203,219.742,7.028,124.499,60.644,15.382,0.13,0.15
2020-04-17 00:00:00+00:00,0.138,2.573,50.361,11.953,16.38,2.699,42.668,0.35,3.118,43.791,215.78,6.51,125.483,58.141,15.304,0.13,0.15
2020-04-18 00:00:00+00:00,0.062,2.534,50.395,10.71,16.392,2.139,42.063,0.344,2.935,43.084,211.819,5.052,126.467,55.591,15.148,0.13,0.15
2020-04-19 00:00:00+00:00,0.012,2.803,50.395,9.928,16.448,1.764,41.496,0.344,2.843,43.084,207.857,4.599,126.467,53.04,15.07,0.13,0.15
2020-04-20 00:00:00+00:00,0.0,3.302,50.395,9.603,16.541,1.743,40.967,0.338,2.751,42.378,203.895,4.696,126.467,50.442,15.148,0.13,0.15
2020-04-21 00:00:00+00:00,0.012,3.648,50.429,9.301,16.641,2.033,40.475,0.338,2.66,42.378,200.153,4.987,127.451,47.845,15.538,0.13,0.15
2020-04-22 00:00:00+00:00,0.037,3.878,50.463,9.017,16.74,2.493,40.022,0.344,2.66,43.084,196.191,5.311,128.928,45.294,16.046,0.13,0.15
2020-04-23 00:00:00+00:00,0.062,4.224,50.497,8.71,16.852,2.847,39.568,0.352,2.66,44.144,192.45,5.57,129.912,42.697,16.436,0.13,0.15
2020-04-24 00:00:00+00:00,0.037,4.608,50.53,8.378,16.958,2.94,39.077,0.364,2.706,45.556,188.488,5.57,130.896,40.099,16.71,0.13,0.15
2020-04-25 00:00:00+00:00,0.012,5.03,50.564,8.041,17.064,2.975,38.623,0.376,2.797,46.969,184.746,5.506,132.372,37.454,16.866,0.13,0.15
2020-04-26 00:00:00+00:00,0.037,5.53,50.632,7.727,17.175,3.188,38.17,0.386,2.935,48.382,181.005,6.251,131.88,34.809,17.061,0.13,0.15
2020-04-27 00:00:00+00:00,0.062,5.875,50.666,7.438,17.238,3.251,37.678,0.392,3.072,49.088,177.483,6.801,131.88,32.117,17.178,0.13,0.15
2020-04-28 00:00:00+00:00,0.263,5.645,50.7,7.142,17.126,2.968,37.149,0.398,3.21,49.794,173.521,6.38,132.372,29.33,17.178,0.13,0.15
2020-04-29 00:00:00+00:00,0.725,5.222,50.734,6.81,16.952,2.564,36.62,0.4,3.302,50.147,170.156,6.153,131.88,26.449,17.1,0.13,0.15
2020-04-30 00:00:00+00:00,1.262,4.877,50.768,6.491,16.802,2.153,36.053,0.398,3.393,49.794,167.325,6.315,130.896,23.568,16.905,0.13,0.15
2020-05-01 00:00:00+00:00,1.762,4.339,50.802,6.254,16.523,2.267,35.486,0.396,3.439,49.441,164.651,5.409,129.912,20.64,16.632,0.13,0.15
2020-05-02 00:00:00+00:00,2.212,4.109,50.836,6.059,16.243,2.954,34.881,0.39,3.531,48.735,161.82,4.728,128.928,17.712,16.397,0.13,0.15
2020-05-03 00:00:00+00:00,2.532,4.109,50.87,5.982,15.522,3.435,34.314,0.384,3.577,48.028,158.989,5.538,126.959,15.728,16.593,0.13,0.15
2020-05-04 00:00:00+00:00,2.836,3.994,50.903,6.035,14.117,3.457,33.747,0.37,3.623,46.263,156.001,6.575,125.483,15.303,17.373,0.13,0.15
2020-05-05 00:00:00+00:00,3.124,3.84,50.903,6.089,12.656,3.265,33.18,0.352,3.669,44.144,153.169,6.348,124.991,15.492,18.427,0.13,0.15
2020-05-06 00:00:00+00:00,3.412,3.725,50.937,6.142,11.512,3.102,32.613,0.336,3.806,42.025,150.338,6.445,123.515,15.681,19.521,0.13,0.15
2020-05-07 00:00:00+00:00,3.636,3.648,50.971,5.947,11.338,3.159,32.046,0.322,3.99,40.259,147.664,6.672,122.531,15.492,20.262,0.13,0.15
2020-05-08 00:00:00+00:00,3.716,3.533,51.005,5.444,12.209,3.209,31.479,0.308,4.173,38.493,144.833,6.996,122.038,14.216,20.458,0.13,0.15
2020-05-09 00:00:00+00:00,3.748,3.456,51.039,4.887,13.178,3.237,30.912,0.302,4.448,37.787,142.002,6.704,123.515,12.374,20.536,0.13,0.15
2020-05-10 00:00:00+00:00,3.844,3.341,50.7,4.426,13.856,3.251,30.307,0.304,4.677,38.14,139.171,6.089,124.499,10.391,20.536,0.13,0.15
2020-05-11 00:00:00+00:00,4.052,3.149,49.581,4.124,14.316,3.039,29.665,0.302,4.861,37.787,136.183,5.894,127.451,8.927,20.419,0.13,0.15
2020-05-12 00:00:00+00:00,4.276,2.957,48.123,3.716,14.67,2.685,29.13,0.296,4.998,37.081,133.194,6.121,128.928,8.643,20.34,0.13,0.15
2020-05-13 00:00:00+00:00,4.372,2.842,46.63,3.367,14.925,2.323,28.671,0.282,5.044,35.315,130.048,6.477,129.42,7.935,20.145,0.13,0.15
2020-05-14 00:00:00+00:00,4.244,2.803,45.172,3.556,15.099,2.415,28.185,0.27,5.09,33.902,127.375,5.506,129.912,5.432,19.755,0.13,0.15
2020-05-15 00:00:00+00:00,4.036,2.688,43.68,3.893,15.211,2.833,27.753,0.26,5.09,32.49,124.858,5.441,130.896,2.645,19.364,0.13,0.15
2020-05-16 00:00:00+00:00,3.828,2.458,42.222,3.722,15.292,2.791,27.321,0.24,5.09,30.018,122.499,5.182,130.404,1.653,19.13,0.13,0.15
2020-05-17 00:00:00+00:00,3.588,2.266,40.73,3.195,15.391,2.465,26.916,0.22,5.09,27.546,119.982,5.311,131.88,1.795,18.974,0.13,0.15
2020-05-18 00:00:00+00:00,3.38,2.227,39.305,2.843,15.516,2.281,26.511,0.198,5.136,24.721,117.466,5.992,131.88,1.984,18.857,0.13,0.15
2020-05-19 00:00:00+00:00,3.204,2.304,38.288,2.528,15.69,2.302,26.133,0.172,5.228,21.542,115.106,6.251,132.864,2.267,18.896,0.13,0.15
2020-05-20 00:00:00+00:00,3.076,2.496,38.118,2.069,15.777,2.515,25.809,0.15,5.457,18.717,112.747,6.413,135.817,2.598,19.013,0.13,0.15
2020-05-21 00:00:00+00:00,3.076,2.765,38.356,1.484,15.914,3.315,25.728,0.144,6.007,18.011,111.017,6.542,138.277,2.881,19.794,0.13,0.15
2020-05-22 00:00:00+00:00,3.412,3.187,38.627,0.991,16.429,4.951,25.971,0.16,6.97,20.13,110.073,6.931,139.262,3.07,21.473,0.13,0.15
2020-05-23 00:00:00+00:00,4.132,3.533,38.932,1.177,16.529,6.595,26.376,0.19,8.208,23.661,110.545,6.445,144.182,3.401,23.269,0.13,0.15
2020-05-24 00:00:00+00:00,5.076,4.8,39.237,1.761,16.013,7.813,26.7,0.218,9.538,27.193,111.489,6.769,149.595,4.251,24.713,0.13,0.15
2020-05-25 00:00:00+00:00,5.933,6.682,39.543,2.063,15.485,9.318,27.051,0.238,10.685,29.665,112.432,6.769,151.072,5.715,26.041,0.13,0.15
2020-05-26 00:00:00+00:00,6.767,8.141,39.882,2.204,14.956,11.418,27.375,0.248,11.739,31.077,113.848,6.348,152.548,7.368,27.251,0.13,0.15
2020-05-27 00:00:00+00:00,7.543,9.715,40.187,2.23,14.726,13.008,27.672,0.254,12.381,31.784,115.421,6.51,153.532,9.068,28.773,0.13,0.15
2020-05-28 00:00:00+00:00,8.144,11.174,40.492,2.063,14.844,14.181,27.942,0.252,12.611,31.43,116.679,6.283,154.024,10.769,30.608,0.13,0.15
2020-05-29 00:00:00+00:00,8.61,12.557,40.763,1.784,15.018,15.447,28.266,0.246,12.84,30.724,118.095,6.218,153.532,12.658,32.482,0.13,0.15
2020-05-30 00:00:00+00:00,9.153,14.054,41.17,1.482,15.329,17.331,28.86,0.246,13.161,30.724,120.454,6.38,153.532,15.067,34.669,0.13,0.15
2020-05-31 00:00:00+00:00,9.837,15.898,41.645,1.216,15.783,19.662,30.005,0.252,13.574,31.43,124.072,6.769,152.548,17.9,37.05,0.13,0.15
2020-06-01 00:00:00+00:00,10.376,17.856,42.154,1.169,15.951,22.086,31.668,0.26,14.307,32.49,128.476,6.121,152.056,20.64,39.315,0.13,0.15
2020-06-02 00:00:00+00:00,10.539,19.776,42.595,1.787,15.671,24.062,33.369,0.304,15.546,38.14,133.037,5.311,152.548,22.34,41.619,0.13,0.15
2020-06-03 00:00:00+00:00,10.961,21.696,43.137,2.737,15.329,25.729,35.561,0.378,16.738,47.322,139.328,6.056,146.643,22.529,44.599,0.13,0.15
2020-06-04 00:00:00+00:00,11.92,24.077,43.917,4.183,15.298,27.999,38.888,0.458,17.838,57.21,148.608,7.158,140.246,22.954,48.574,0.13,0.15
2020-06-05 00:00:00+00:00,12.973,26.534,44.901,5.722,15.441,31.002,42.176,0.534,19.168,66.745,158.674,6.575,137.785,23.852,52.277,0.13,0.15
2020-06-06 00:00:00+00:00,13.769,28.646,45.681,6.97,15.398,32.845,44.444,0.598,20.223,74.868,167.797,6.121,143.69,24.607,54.942,0.13,0.15
2020-06-07 00:00:00+00:00,14.48,30.49,46.19,8.035,15.081,33.92,46.145,1.471,20.819,81.578,177.703,6.672,145.659,25.457,57.2,0.13,0.15
2020-06-08 00:00:00+00:00,14.974,32.102,46.664,8.976,14.652,34.637,47.468,2.409,21.094,88.641,186.287,6.38,144.182,26.26,58.6,0.13,0.15
2020-06-09 00:00:00+00:00,15.413,33.485,47.173,9.84,14.248,35.175,48.602,3.448,21.186,96.41,192.67,5.927,141.722,27.11,59.503,0.13,0.15
2020-06-10 00:00:00+00:00,15.742,34.982,47.783,12.247,14.011,35.968,50.228,4.486,21.278,104.179,200.153,5.7,141.722,28.669,60.587,0.13,0.15
2020-06-11 00:00:00+00:00,15.989,36.902,48.563,15.23,14.098,37.837,52.685,5.525,21.415,111.949,210.058,5.409,140.246,31.456,61.851,0.13,0.15
2020-06-12 00:00:00+00:00,16.456,39.398,49.513,17.897,14.732,40.551,55.709,6.529,21.69,119.365,223.044,5.797,138.769,34.762,63.387,0.13,0.15
2020-06-13 00:00:00+00:00,17.032,41.933,50.463,20.27,15.534,43.111,58.808,7.473,22.011,126.428,236.91,6.542,140.246,37.879,64.877,0.13,0.15
2020-06-14 00:00:00+00:00,17.334,43.968,51.31,22.372,15.988,44.672,61.454,8.444,22.241,133.491,248.575,5.797,138.769,40.477,65.826,0.13,0.15
2020-06-15 00:00:00+00:00,17.636,45.389,51.989,24.248,16.131,44.903,63.722,9.484,22.516,140.907,258.7,5.247,138.277,43.216,66.548,0.13,0.15
2020-06-16 00:00:00+00:00,18.679,46.426,52.667,26.056,16.175,44.98,65.839,10.593,22.883,149.03,269.045,5.797,138.277,46.617,67.361,0.13,0.15
2020-06-17 00:00:00+00:00,20.68,46.886,53.311,27.886,16.293,45.44,68.008,11.841,23.341,157.858,279.169,5.668,135.325,50.159,67.903,0.13,0.15
2020-06-18 00:00:00+00:00,23.02,47.194,54.023,29.898,16.448,46.106,70.481,13.089,23.662,167.04,286.873,5.992,133.356,53.843,68.716,0.13,0.15
2020-06-19 00:00:00+00:00,25.981,47.539,55.041,32.203,16.597,47.13,73.287,14.337,24.029,175.869,295.677,5.862,131.388,58.424,70.026,0.13,0.15
2020-06-20 00:00:00+00:00,30.568,47.923,56.397,34.711,16.796,49.306,77.567,15.932,24.579,187.523,308.662,6.283,129.42,64.234,72.645,0.13,0.15
2020-06-21 00:00:00+00:00,34.996,48.0,57.686,37.152,17.032,51.303,81.704,17.596,25.267,199.53,321.208,6.315,132.864,70.327,74.994,0.13,0.15
2020-06-22 00:00:00+00:00,37.532,47.654,58.534,39.367,16.983,51.533,83.607,18.735,25.588,207.299,329.572,6.024,141.722,75.286,75.536,0.13,0.15
2020-06-23 00:00:00+00:00,38.671,47.693,58.941,41.491,16.678,50.996,84.843,19.326,25.588,211.184,335.955,7.352,143.198,79.112,75.626,0.13,0.15
2020-06-24 00:00:00+00:00,39.934,47.693,59.212,43.548,16.473,50.509,86.08,19.585,25.542,212.95,342.338,7.935,142.706,82.276,75.355,0.13,0.15
2020-06-25 00:00:00+00:00,41.572,47.578,59.483,45.514,16.355,50.484,87.268,19.696,25.359,213.656,348.941,7.903,143.69,85.11,74.949,0.13,0.15
2020-06-26 00:00:00+00:00,43.171,47.693,59.789,47.435,16.268,50.842,88.6,19.843,25.13,214.716,355.764,7.255,145.659,88.038,74.994,0.13,0.15
2020-06-27 00:00:00+00:00,45.94,48.039,60.297,49.447,16.411,51.866,90.835,20.324,25.084,217.894,365.448,6.542,144.182,92.336,75.716,0.13,0.15
2020-06-28 00:00:00+00:00,49.036,47.77,60.976,51.368,16.672,52.967,92.832,20.989,24.992,222.485,374.913,5.668,142.706,96.681,76.304,0.13,0.15
2020-06-29 00:00:00+00:00,50.405,47.309,61.654,53.108,16.715,53.632,93.784,21.47,24.763,225.663,381.295,5.603,141.23,99.61,76.439,0.13,0.15
2020-06-30 00:00:00+00:00,50.654,47.27,62.332,54.712,16.635,54.042,94.497,21.876,24.488,228.488,385.918,7.06,140.246,101.688,76.439,0.13,0.15
2020-07-01 00:00:00+00:00,50.53,47.155,62.909,56.605,16.51,54.016,94.83,22.246,24.029,230.961,388.999,7.028,138.769,103.246,76.078,0.13,0.15
2020-07-02 00:00:00+00:00,49.907,47.002,63.282,58.615,16.318,53.556,94.972,22.541,23.571,233.079,391.476,6.834,137.293,104.474,75.626,0.13,0.15
2020-07-03 00:00:00+00:00,48.911,46.886,63.519,60.413,16.131,53.044,94.972,23.022,23.341,236.258,393.688,7.352,134.341,105.514,75.129,0.13,0.15
2020-07-04 00:00:00+00:00,48.62,47.155,63.926,62.212,16.069,53.376,95.496,23.687,23.341,240.849,397.558,7.19,133.356,107.025,75.355,0.13,0.15
2020-07-05 00:00:00+00:00,50.114,47.347,64.537,64.186,16.199,54.068,96.399,24.278,23.387,244.733,404.193,6.704,133.356,109.386,75.852,0.13,0.15
2020-07-06 00:00:00+00:00,51.069,47.194,65.045,65.985,16.33,54.196,96.827,24.648,23.341,247.205,409.722,6.283,136.309,111.512,75.716,0.13,0.15
2020-07-07 00:00:00+00:00,50.322,47.309,65.35,67.536,16.274,53.837,96.875,24.833,23.341,248.618,412.763,5.83,137.293,112.929,75.31,0.13,0.15
2020-07-08 00:00:00+00:00,49.451,47.424,65.554,68.947,15.976,53.248,96.78,24.943,23.295,249.324,413.592,5.7,138.277,114.11,74.903,0.13,0.15
2020-07-09 00:00:00+00:00,48.786,47.501,65.757,70.287,15.447,52.608,96.542,24.722,23.25,247.912,413.868,6.477,138.277,115.243,74.678,0.13,0.15
2020-07-10 00:00:00+00:00,48.164,47.578,65.961,71.556,14.875,52.148,96.352,24.463,23.158,246.146,413.868,6.834,139.754,116.377,74.542,0.13,0.15
2020-07-11 00:00:00+00:00,47.666,47.578,66.198,72.755,14.391,51.712,96.161,24.204,23.02,244.38,413.868,6.51,138.277,117.557,74.362,0.13,0.15
2020-07-12 00:00:00+00:00,47.583,47.578,66.436,73.989,14.042,51.303,95.924,24.02,22.929,242.968,414.145,6.283,137.785,118.833,74.226,0.13,0.15
2020-07-13 00:00:00+00:00,48.039,47.578,66.775,75.259,13.775,51.2,95.876,23.761,22.837,241.202,415.804,6.315,137.785,120.297,74.271,0.13,0.15
2020-07-14 00:00:00+00:00,48.703,47.616,67.08,76.528,13.533,51.354,95.924,23.539,22.837,239.789,420.503,6.542,137.293,121.997,74.362,0.13,0.15
2020-07-15 00:00:00+00:00,49.409,47.654,67.385,77.692,13.328,51.559,96.019,23.576,22.791,240.142,426.308,6.477,136.309,123.603,74.407,0.13,0.15
2020-07-16 00:00:00+00:00,50.447,47.616,67.69,78.891,13.203,51.661,96.161,23.761,22.699,241.202,432.114,6.672,134.341,125.067,74.362,0.13,0.15
2020-07-17 00:00:00+00:00,52.978,47.578,68.165,80.196,13.185,51.968,96.684,24.02,22.699,242.968,439.854,6.801,133.849,127.004,74.542,0.13,0.15
2020-07-18 00:00:00+00:00,56.26,47.424,68.708,81.642,13.315,52.685,97.731,24.278,22.745,244.733,449.253,6.542,132.864,129.412,75.039,0.13,0.15
2020-07-19 00:00:00+00:00,58.422,47.194,69.115,82.946,13.421,53.325,98.444,24.537,22.745,246.499,457.27,7.19,132.864,131.49,75.31,0.13,0.15
2020-07-20 00:00:00+00:00,59.158,47.078,69.386,84.181,13.377,53.632,98.634,24.685,22.653,247.559,463.076,7.805,131.88,132.86,75.355,0.13,0.15
2020-07-21 00:00:00+00:00,59.388,47.002,69.623,85.309,13.272,53.735,98.634,24.722,22.516,247.912,468.052,8.0,128.928,133.994,75.31,0.13,0.15
2020-07-22 00:00:00+00:00,59.066,47.002,69.793,86.367,13.185,53.658,98.587,24.574,22.378,246.852,471.922,8.0,128.436,135.033,75.31,0.13,0.15
2020-07-23 00:00:00+00:00,58.33,47.002,69.929,87.425,13.129,53.479,98.539,24.315,22.241,245.087,475.239,7.643,128.436,136.025,75.22,0.13,0.15
2020-07-24 00:00:00+00:00,57.502,47.078,70.132,88.412,13.135,53.248,98.444,24.02,22.103,242.968,478.28,7.222,130.404,137.064,74.994,0.13,0.15
2020-07-25 00:00:00+00:00,58.192,47.386,70.505,89.576,13.278,53.94,99.11,23.798,22.011,241.555,483.809,6.963,130.896,138.906,75.852,0.13,0.15
2020-07-26 00:00:00+00:00,60.814,47.309,71.048,90.951,13.868,54.974,100.822,23.872,22.103,241.908,492.932,6.477,133.849,141.503,77.03,0.13,0.15
2020-07-27 00:00:00+00:00,63.252,47.232,71.624,92.432,15.136,55.415,103.437,24.167,22.332,244.027,504.542,6.283,138.769,144.479,78.217,0.13,0.15
2020-07-28 00:00:00+00:00,64.862,47.386,72.167,93.948,16.691,55.441,105.672,24.537,22.699,246.499,515.047,5.862,143.69,147.266,79.267,0.13,0.15
2020-07-29 00:00:00+00:00,65.57,47.309,72.574,95.324,18.008,55.13,106.528,24.537,22.974,246.499,523.064,5.085,156.485,149.155,78.947,0.13,0.15
2020-07-30 00:00:00+00:00,65.19,47.309,72.879,96.628,18.475,54.715,106.861,24.315,23.066,245.087,528.869,5.441,157.961,150.43,78.308,0.13,0.15
2020-07-31 00:00:00+00:00,63.988,47.578,73.117,97.863,18.077,54.326,107.099,24.167,23.066,244.027,534.122,5.797,151.072,151.516,77.669,0.13,0.15
2020-08-01 00:00:00+00:00,63.436,47.731,73.422,98.991,17.536,54.042,107.289,24.02,23.066,242.968,539.651,5.927,146.151,152.603,77.212,0.13,0.15
2020-08-02 00:00:00+00:00,63.712,47.462,73.727,100.119,17.144,53.735,107.48,23.872,23.02,241.908,545.18,5.83,142.706,153.736,76.847,0.13,0.15
2020-08-03 00:00:00+00:00,62.93,47.27,73.93,101.177,16.796,53.351,107.527,23.872,22.929,241.908,548.773,5.538,138.769,154.634,76.439,0.13,0.15
2020-08-04 00:00:00+00:00,61.688,47.501,74.168,102.165,16.554,52.967,107.622,23.946,22.883,242.615,551.261,5.441,136.309,155.673,76.078,0.13,0.15
2020-08-05 00:00:00+00:00,61.136,47.731,74.473,102.588,16.858,52.66,107.812,24.057,22.837,243.321,554.302,5.765,134.341,156.806,75.807,0.13,0.15
2020-08-06 00:00:00+00:00,60.814,47.693,74.778,102.341,17.455,52.327,108.003,24.167,22.745,244.027,556.514,6.348,133.356,157.798,75.491,0.13,0.15
2020-08-07 00:00:00+00:00,60.4,47.616,75.016,102.024,17.816,51.892,108.05,24.02,22.653,242.968,559.002,6.931,133.356,158.648,75.129,0.13,0.15
2020-08-08 00:00:00+00:00,59.94,47.462,75.219,101.248,18.151,51.431,107.955,24.02,22.516,242.968,560.108,7.06,133.356,159.357,74.723,0.13,0.15
2020-08-09 00:00:00+00:00,59.572,47.347,75.355,100.402,18.35,50.97,107.765,24.02,22.378,242.968,559.831,6.413,133.849,159.876,74.045,0.13,0.15
2020-08-10 00:00:00+00:00,59.434,47.309,75.49,99.626,18.282,50.586,107.527,23.798,22.241,241.555,558.725,5.797,136.309,160.301,73.097,0.13,0.15
2020-08-11 00:00:00+00:00,59.434,47.232,75.626,98.18,18.319,50.253,107.242,23.65,22.057,240.496,557.343,6.089,143.198,160.537,72.284,0.13,0.15
2020-08-12 00:00:00+00:00,59.434,47.194,75.762,96.558,18.456,49.92,106.909,23.502,21.92,239.436,555.684,7.611,143.198,160.679,71.426,0.13,0.15
2020-08-13 00:00:00+00:00,59.526,47.232,75.897,95.571,18.307,49.639,106.624,23.391,21.828,238.73,554.026,8.453,141.23,160.774,70.613,0.13,0.15
2020-08-14 00:00:00+00:00,59.526,47.232,75.999,96.346,17.387,49.536,106.291,23.317,21.736,238.377,552.367,7.967,138.769,160.821,69.8,0.13,0.15
2020-08-15 00:00:00+00:00,59.25,47.27,76.135,98.074,16.044,49.511,105.91,23.317,21.645,238.377,550.708,7.579,137.293,160.962,68.852,0.13,0.15
2020-08-16 00:00:00+00:00,58.836,47.347,76.27,98.074,15.684,49.485,105.53,23.28,21.507,238.024,548.773,7.838,137.293,161.057,67.948,0.13,0.15
2020-08-17 00:00:00+00:00,58.514,47.424,76.44,97.228,15.833,49.434,105.149,23.317,21.415,238.377,547.115,7.417,137.293,161.199,67.181,0.13,0.15
2020-08-18 00:00:00+00:00,58.33,47.539,76.643,98.039,15.168,49.332,104.864,23.576,21.324,240.142,546.009,7.125,135.325,161.34,66.729,0.13,0.15
2020-08-19 00:00:00+00:00,58.468,47.501,76.813,99.767,14.192,49.076,104.769,23.65,21.324,240.496,547.391,6.348,132.864,161.529,66.594,0.13,0.15
2020-08-20 00:00:00+00:00,58.836,47.501,76.983,101.318,13.533,48.948,104.912,23.502,21.324,239.436,550.156,5.635,129.42,161.907,66.865,0.13,0.15
2020-08-21 00:00:00+00:00,59.986,47.693,77.22,102.799,13.172,49.229,105.34,23.391,21.324,238.73,553.749,5.603,130.896,162.474,67.226,0.13,0.15
2020-08-22 00:00:00+00:00,61.734,47.693,77.491,104.104,13.048,49.588,105.625,23.428,21.324,239.083,557.896,4.955,131.388,163.088,67.271,0.13,0.15
2020-08-23 00:00:00+00:00,62.792,47.501,77.695,105.303,13.011,49.92,105.672,23.391,21.278,238.73,561.766,5.862,130.404,163.702,66.955,0.13,0.15
2020-08-24 00:00:00+00:00,62.838,47.232,77.729,106.502,12.973,50.279,105.625,23.17,21.232,237.317,564.807,6.575,127.944,164.174,66.323,0.13,0.15
2020-08-25 00:00:00+00:00,62.332,47.117,77.457,107.913,12.93,50.356,105.577,23.022,21.186,236.258,567.295,6.445,125.975,164.694,65.916,0.13,0.15
2020-08-26 00:00:00+00:00,61.458,47.078,77.118,109.323,12.911,50.304,105.482,22.8,21.14,234.845,569.23,6.153,126.467,165.213,65.51,0.13,0.15
2020-08-27 00:00:00+00:00,60.492,47.155,76.745,109.288,13.489,50.381,105.387,22.504,21.232,232.726,570.889,6.218,126.467,165.733,65.103,0.13,0.15
2020-08-28 00:00:00+00:00,59.434,47.232,76.372,107.807,14.509,50.228,105.292,22.393,21.324,232.02,572.271,6.153,127.451,166.205,65.058,0.13,0.15
2020-08-29 00:00:00+00:00,58.422,47.309,75.999,106.749,15.0,49.792,105.149,22.541,21.415,233.079,573.653,5.765,128.436,166.536,65.419,0.13,0.15
2020-08-30 00:00:00+00:00,57.41,47.347,75.626,107.384,14.496,49.332,105.054,22.541,21.461,233.079,574.759,5.797,130.404,166.866,65.781,0.13,0.15
2020-08-31 00:00:00+00:00,56.352,47.386,75.219,107.772,14.229,48.871,104.912,22.135,21.507,230.254,575.865,6.283,129.42,167.197,66.187,0.13,0.15
2020-09-01 00:00:00+00:00,55.302,47.386,74.846,106.502,14.894,48.359,104.769,21.507,21.553,226.016,576.971,6.801,132.864,167.433,66.548,0.13,0.15
2020-09-02 00:00:00+00:00,54.43,47.462,74.473,105.092,15.528,47.975,104.626,20.915,21.553,222.132,577.8,5.992,135.325,167.622,66.865,0.13,0.15
2020-09-03 00:00:00+00:00,54.14,47.654,74.168,103.963,15.938,47.744,104.579,20.509,21.599,219.307,578.629,5.376,136.801,167.811,67.135,0.13,0.15
2020-09-04 00:00:00+00:00,54.845,47.731,73.998,103.223,16.181,47.693,104.531,20.324,21.69,217.894,579.735,6.51,135.325,168.0,67.497,0.13,0.15
2020-09-05 00:00:00+00:00,55.468,47.731,73.829,102.694,16.33,47.616,104.484,20.324,21.736,217.894,581.67,6.348,132.372,168.142,67.813,0.13,0.15
2020-09-06 00:00:00+00:00,55.468,47.654,73.523,102.588,16.268,47.463,104.436,20.25,21.828,217.541,583.882,5.085,130.404,168.189,68.084,0.13,0.15
2020-09-07 00:00:00+00:00,55.426,47.539,73.252,103.928,15.485,47.258,104.388,20.213,21.874,217.188,585.54,4.826,129.912,168.189,68.265,0.13,0.15
2020-09-08 00:00:00+00:00,55.846,47.578,73.015,106.114,14.297,47.13,104.341,20.324,21.966,217.894,587.199,5.668,131.88,168.425,68.581,0.13,0.15
2020-09-09 00:00:00+00:00,56.582,47.462,72.743,108.018,13.408,47.053,104.198,20.398,22.011,218.6,587.199,6.737,128.436,168.897,68.852,0.13,0.15
2020-09-10 00:00:00+00:00,56.904,47.424,72.472,109.782,12.874,46.925,103.96,20.583,22.149,219.66,586.646,7.06,127.451,169.417,69.123,0.13,0.15
2020-09-11 00:00:00+00:00,58.744,47.539,72.337,111.509,12.712,46.976,103.96,20.767,22.332,221.072,587.199,7.546,128.928,170.361,69.484,0.13,0.15
2020-09-12 00:00:00+00:00,61.366,47.501,72.303,113.167,12.824,47.309,104.056,21.1,22.562,223.191,589.134,7.611,131.88,171.495,69.845,0.13,0.15
2020-09-13 00:00:00+00:00,62.838,47.578,72.235,114.789,12.942,47.847,104.056,21.285,22.837,224.604,590.516,6.866,131.88,172.44,69.574,0.13,0.15
2020-09-14 00:00:00+00:00,63.804,47.539,72.201,115.283,13.458,48.359,104.008,21.359,22.883,224.957,591.622,6.575,135.325,173.337,68.897,0.13,0.15
2020-09-15 00:00:00+00:00,64.218,47.347,72.303,114.189,14.335,48.717,103.913,21.728,22.883,227.429,592.175,6.445,136.309,173.998,68.084,0.13,0.15
2020-09-16 00:00:00+00:00,63.988,47.27,72.404,112.673,14.95,48.717,103.723,22.172,22.837,230.607,591.899,6.963,134.341,174.518,67.452,0.13,0.15
2020-09-17 00:00:00+00:00,63.298,47.232,72.472,112.532,14.695,48.436,103.532,22.652,22.791,233.786,590.793,8.064,130.404,174.848,67.135,0.13,0.15
2020-09-18 00:00:00+00:00,62.516,47.194,72.54,113.026,14.198,48.077,103.295,23.17,22.745,237.317,589.411,8.064,128.436,175.179,66.819,0.13,0.15
2020-09-19 00:00:00+00:00,61.596,47.194,72.608,112.497,14.366,47.693,103.057,23.687,22.653,240.849,587.752,7.805,127.451,175.462,66.548,0.13,0.15
2020-09-20 00:00:00+00:00,60.676,47.194,72.642,111.615,14.708,47.284,102.867,23.576,22.608,240.142,587.199,7.708,125.975,175.604,66.187,0.13,0.15
2020-09-21 00:00:00+00:00,59.756,47.232,72.676,110.734,14.95,46.848,102.819,23.022,22.516,236.258,587.752,6.801,126.467,175.746,65.871,0.13,0.15
2020-09-22 00:00:00+00:00,58.928,47.424,72.777,110.099,15.074,46.439,102.867,22.283,22.47,231.314,589.134,6.542,132.372,175.84,65.555,0.13,0.15
2020-09-23 00:00:00+00:00,59.526,47.539,72.981,109.711,15.18,46.644,103.39,21.765,22.516,227.782,591.899,7.222,135.817,176.171,65.826,0.13,0.15
2020-09-24 00:00:00+00:00,60.998,47.232,73.184,109.464,15.304,47.207,104.008,21.728,22.653,227.429,594.11,7.255,137.785,176.549,66.323,0.13,0.15
2020-09-25 00:00:00+00:00,61.458,46.886,73.32,108.9,15.559,47.693,104.341,21.765,22.745,227.782,594.663,7.06,139.754,176.69,66.639,0.13,0.15
2020-09-26 00:00:00+00:00,60.814,46.886,73.422,108.018,15.914,48.052,104.531,21.876,22.791,228.488,594.387,7.611,137.785,176.738,66.865,0.13,0.15
2020-09-27 00:00:00+00:00,59.756,47.04,73.49,106.996,16.144,48.154,104.626,21.728,22.791,227.429,593.557,7.222,137.785,176.596,66.729,0.13,0.15
2020-09-28 00:00:00+00:00,58.79,47.232,73.591,105.621,16.342,48.077,104.674,21.359,22.837,224.957,592.452,6.056,137.785,176.171,66.323,0.13,0.15
2020-09-29 00:00:00+00:00,58.33,47.386,73.659,103.752,16.815,48.308,104.674,20.878,22.929,221.779,591.069,6.38,137.293,175.651,66.097,0.13,0.15
2020-09-30 00:00:00+00:00,58.79,47.501,73.761,101.988,17.436,49.229,104.864,20.509,23.112,219.307,590.24,7.773,139.754,175.132,66.413,0.13,0.15
2020-10-01 00:00:00+00:00,59.986,47.424,73.863,101.953,17.088,50.688,105.244,20.324,23.341,217.894,591.069,7.158,141.23,174.565,67.135,0.13,0.15
2020-10-02 00:00:00+00:00,61.458,47.27,74.066,103.399,15.87,52.532,105.91,20.583,23.662,219.66,593.557,4.243,139.754,174.045,68.084,0.13,0.15
2020-10-03 00:00:00+00:00,63.344,47.424,74.405,104.951,14.906,54.792,107.337,21.248,24.396,224.251,597.428,4.21,135.817,173.809,70.794,0.13,0.15
2020-10-04 00:00:00+00:00,65.903,47.347,74.812,106.537,14.558,55.544,109.144,22.135,25.634,230.254,601.851,6.218,134.833,173.856,74.271,0.13,0.15
2020-10-05 00:00:00+00:00,67.328,47.04,75.016,108.054,14.446,54.974,110.0,23.059,26.505,236.611,604.062,6.898,156.485,173.951,75.942,0.13,0.15
2020-10-06 00:00:00+00:00,66.995,47.078,75.185,109.605,14.067,54.715,110.096,23.539,26.781,239.789,603.509,6.737,162.882,174.093,76.484,0.13,0.15
2020-10-07 00:00:00+00:00,66.188,47.194,75.321,110.205,14.136,54.559,110.048,23.65,27.056,240.496,602.404,6.866,159.437,174.47,76.665,0.13,0.15
2020-10-08 00:00:00+00:00,65.475,47.309,75.423,109.535,14.732,54.429,109.952,23.65,27.147,240.496,601.298,7.741,155.501,174.754,76.756,0.13,0.15
2020-10-09 00:00:00+00:00,64.77,47.347,75.524,108.759,15.236,54.326,109.857,23.576,27.193,240.142,599.916,7.773,151.072,174.943,76.756,0.13,0.15
2020-10-10 00:00:00+00:00,63.988,47.309,75.592,109.182,14.938,54.248,109.762,23.576,27.285,240.142,598.81,7.06,148.119,175.084,76.756,0.13,0.15
2020-10-11 00:00:00+00:00,63.16,47.232,75.626,110.734,14.042,54.093,109.62,23.539,27.423,239.789,597.151,7.417,145.659,175.226,76.62,0.13,0.15
2020-10-12 00:00:00+00:00,62.332,47.155,75.66,112.109,13.408,53.888,109.477,23.539,27.56,239.789,595.492,6.38,142.706,175.415,76.439,0.13,0.15
2020-10-13 00:00:00+00:00,61.366,47.078,75.694,112.603,13.39,53.607,109.239,23.65,27.652,240.496,593.557,5.732,140.246,175.651,76.258,0.13,0.15
2020-10-14 00:00:00+00:00,60.262,47.04,75.694,111.968,13.949,53.248,109.001,23.65,27.698,240.496,591.346,6.445,135.817,175.793,76.078,0.13,0.15
2020-10-15 00:00:00+00:00,59.02,47.04,75.728,110.628,14.67,52.864,108.716,23.65,27.789,240.496,588.858,6.931,134.341,175.935,75.852,0.13,0.15
2020-10-16 00:00:00+00:00,57.824,47.04,75.762,109.182,15.273,52.455,108.431,23.502,27.835,239.436,586.37,7.579,131.88,175.982,75.671,0.13,0.15
2020-10-17 00:00:00+00:00,56.582,47.04,75.796,108.159,15.547,51.994,108.098,23.317,27.881,238.377,585.54,6.251,131.88,175.935,75.4,0.13,0.15
2020-10-18 00:00:00+00:00,55.302,47.04,75.83,107.207,15.771,51.533,107.812,23.317,27.973,238.377,585.54,5.765,132.864,175.84,75.129,0.13,0.15
2020-10-19 00:00:00+00:00,54.223,47.117,75.897,106.114,16.069,51.124,107.48,23.17,28.065,237.317,584.158,6.348,133.356,175.84,74.949,0.13,0.15
2020-10-20 00:00:00+00:00,53.227,47.232,76.033,105.092,16.349,50.816,107.289,22.985,28.202,235.905,581.947,6.542,136.309,175.84,74.903,0.13,0.15
2020-10-21 00:00:00+00:00,52.563,47.424,76.169,104.633,16.448,50.919,107.242,22.874,28.431,235.198,580.288,5.765,137.293,175.793,75.174,0.13,0.15
2020-10-22 00:00:00+00:00,52.812,47.347,75.796,104.563,16.448,51.328,107.242,22.874,28.569,235.198,579.182,5.894,138.277,175.698,75.671,0.13,0.15
2020-10-23 00:00:00+00:00,53.476,47.194,75.558,104.774,16.324,51.559,107.289,22.652,28.523,233.786,579.735,5.765,142.706,175.273,75.942,0.13,0.15
2020-10-24 00:00:00+00:00,55.593,47.309,75.762,106.396,15.92,52.762,108.098,22.763,28.707,234.492,584.158,5.992,144.675,175.273,77.212,0.13,0.15
2020-10-25 00:00:00+00:00,58.606,47.232,75.592,108.759,15.584,54.248,109.192,23.17,29.073,237.317,590.24,7.093,142.706,175.557,78.308,0.13,0.15
2020-10-26 00:00:00+00:00,60.124,46.886,75.219,109.852,15.702,54.585,109.667,23.17,29.303,237.317,594.663,6.769,144.675,175.51,78.217,0.13,0.15
2020-10-27 00:00:00+00:00,61.044,46.81,74.812,109.817,16.044,54.559,109.857,23.059,29.44,236.611,597.704,6.089,146.643,175.462,78.125,0.13,0.15
2020-10-28 00:00:00+00:00,61.504,46.81,74.405,109.147,16.529,54.455,109.857,23.243,29.532,237.67,597.98,6.315,148.119,175.321,77.806,0.13,0.15
2020-10-29 00:00:00+00:00,61.78,46.925,73.964,108.089,17.057,54.274,109.715,23.428,29.578,239.083,596.598,7.676,149.595,175.084,77.167,0.13,0.15
2020-10-30 00:00:00+00:00,62.01,46.963,73.523,107.983,17.02,54.119,109.524,23.317,29.578,238.377,594.94,7.481,148.611,174.754,76.484,0.13,0.15
2020-10-31 00:00:00+00:00,62.608,47.002,73.15,109.358,16.324,54.377,109.715,23.133,29.624,236.964,596.045,5.894,147.627,174.518,76.394,0.13,0.15
2020-11-01 00:00:00+00:00,64.356,47.386,72.981,111.404,15.764,54.844,110.288,23.317,29.899,238.377,601.298,4.307,145.659,174.896,77.075,0.13,0.15
2020-11-02 00:00:00+00:00,66.52,47.578,72.879,113.273,15.659,54.818,110.528,23.946,29.945,242.615,605.444,4.178,145.659,175.368,77.349,0.13,0.15
2020-11-03 00:00:00+00:00,67.612,47.386,72.608,114.436,15.534,54.507,110.24,24.537,29.532,246.499,606.274,5.635,146.643,175.557,76.984,0.13,0.15
2020-11-04 00:00:00+00:00,68.42,47.501,72.506,115.177,15.105,54.326,110.096,24.833,28.982,248.618,607.38,6.413,143.198,175.698,76.847,0.13,0.15
2020-11-05 00:00:00+00:00,70.13,47.539,72.608,115.988,14.627,54.352,110.192,24.943,28.386,249.324,610.42,7.19,138.277,176.265,76.893,0.13,0.15
2020-11-06 00:00:00+00:00,71.745,47.117,72.608,116.587,14.527,54.3,110.288,24.796,27.744,248.265,614.291,7.449,135.325,177.021,76.893,0.13,0.15
2020-11-07 00:00:00+00:00,72.553,46.387,72.54,116.058,15.031,54.093,110.24,24.463,27.102,246.146,617.332,7.384,135.325,177.588,76.801,0.13,0.15
2020-11-08 00:00:00+00:00,72.98,45.696,72.404,114.789,15.696,53.837,110.144,23.909,26.46,242.261,619.82,8.259,132.864,178.013,76.62,0.13,0.15
2020-11-09 00:00:00+00:00,72.932,45.082,72.269,113.696,16.106,53.479,110.048,23.28,26.001,238.024,621.478,8.097,132.372,178.296,76.439,0.13,0.15
2020-11-10 00:00:00+00:00,72.79,44.582,72.133,112.638,16.411,53.069,109.952,22.911,25.772,235.552,622.308,7.158,130.896,178.532,76.213,0.13,0.15
2020-11-11 00:00:00+00:00,72.648,44.045,71.997,111.756,16.616,52.736,109.81,22.763,25.588,234.492,621.478,6.704,128.928,178.721,76.078,0.13,0.15
2020-11-12 00:00:00+00:00,72.41,43.661,71.828,110.734,16.877,52.634,109.62,22.689,25.405,234.139,619.267,6.477,127.451,178.768,76.033,0.13,0.15
2020-11-13 00:00:00+00:00,71.983,43.43,71.726,109.958,17.001,52.557,109.382,22.504,25.221,232.726,616.502,7.093,126.467,178.721,76.213,0.13,0.15
2020-11-14 00:00:00+00:00,71.555,43.354,71.624,110.804,16.336,53.172,109.382,22.246,25.13,230.961,614.844,7.287,127.451,178.816,77.304,0.13,0.15
2020-11-15 00:00:00+00:00,71.222,43.699,71.658,111.58,15.969,54.507,110.048,22.43,25.221,232.373,615.949,6.51,132.372,179.335,78.856,0.13,0.15
2020-11-16 00:00:00+00:00,70.795,43.853,71.862,110.452,16.79,55.104,110.624,22.283,25.451,231.314,619.267,6.413,140.738,179.619,78.993,0.13,0.15
2020-11-17 00:00:00+00:00,72.648,44.275,72.303,109.464,17.778,55.181,110.865,21.654,25.68,227.076,625.625,6.801,164.358,180.138,78.673,0.13,0.15
2020-11-18 00:00:00+00:00,76.6,44.582,72.845,109.323,18.555,55.181,111.009,21.359,26.139,224.957,633.918,7.708,170.263,181.555,78.764,0.13,0.15
2020-11-19 00:00:00+00:00,77.95,44.083,73.049,108.583,19.065,54.818,110.672,21.285,26.322,224.604,639.447,7.838,172.232,182.264,78.491,0.13,0.15
2020-11-20 00:00:00+00:00,76.85,43.891,73.117,107.066,19.339,54.637,110.432,20.878,26.139,221.779,642.795,7.546,168.787,182.075,78.171,0.13,0.15
2020-11-21 00:00:00+00:00,75.4,43.814,73.184,105.585,19.525,54.715,110.384,20.213,25.955,217.188,646.148,7.611,171.247,181.744,78.08,0.13,0.15
2020-11-22 00:00:00+00:00,74.31,43.622,73.184,104.422,19.637,54.507,110.192,19.954,25.726,215.422,646.428,6.898,167.311,181.272,77.806,0.13,0.15
2020-11-23 00:00:00+00:00,73.835,43.584,73.184,103.469,19.693,54.196,109.952,19.843,25.634,214.716,644.472,6.607,166.819,180.705,77.486,0.13,0.15
2020-11-24 00:00:00+00:00,74.167,43.814,73.252,103.787,19.594,54.3,109.857,19.843,25.772,214.716,643.074,6.445,164.85,180.327,77.44,0.13,0.15
2020-11-25 00:00:00+00:00,74.75,43.891,73.286,105.938,19.065,54.352,109.81,19.88,26.047,215.069,642.236,6.542,160.914,180.185,77.44,0.13,0.15
2020-11-26 00:00:00+00:00,74.6,43.738,73.252,107.913,18.282,54.016,109.62,19.991,26.093,215.775,640.559,7.384,155.501,180.044,77.258,0.13,0.15
2020-11-27 00:00:00+00:00,73.977,43.661,73.15,108.089,18.039,53.837,109.429,20.139,25.955,216.835,638.341,6.769,151.072,179.949,76.893,0.13,0.15
2020-11-28 00:00:00+00:00,73.123,43.584,73.015,107.031,18.294,54.042,109.144,20.509,25.772,219.307,636.13,5.959,147.135,179.76,76.394,0.13,0.15
2020-11-29 00:00:00+00:00,72.22,43.546,72.879,106.008,18.487,53.914,108.906,20.841,25.588,221.425,633.642,5.927,142.214,179.619,75.897,0.13,0.15
2020-11-30 00:00:00+00:00,71.222,43.507,72.743,104.986,18.624,53.658,108.621,21.026,25.359,222.838,630.877,7.287,140.246,179.382,75.536,0.13,0.15
2020-12-01 00:00:00+00:00,70.225,43.507,72.608,103.998,18.729,53.3,108.336,21.137,25.176,223.544,627.836,8.162,136.309,179.052,75.22,0.13,0.15
2020-12-02 00:00:00+00:00,69.227,43.469,72.472,103.046,18.81,52.992,108.05,21.47,24.992,225.663,624.796,7.449,134.833,178.768,74.949,0.13,0.15
2020-12-03 00:00:00+00:00,68.562,43.315,72.37,102.094,18.885,52.813,107.812,21.802,24.809,228.135,622.031,7.741,131.88,178.438,74.587,0.13,0.15
2020-12-04 00:00:00+00:00,68.23,42.816,72.235,101.177,18.941,52.685,107.48,22.024,24.625,229.548,618.99,7.417,130.404,178.107,74.091,0.13,0.15
2020-12-05 00:00:00+00:00,68.087,42.202,72.099,100.331,18.984,52.762,107.194,22.172,24.396,230.607,615.949,5.992,130.404,177.729,73.278,0.13,0.15
2020-12-06 00:00:00+00:00,67.898,41.587,71.963,99.485,19.015,52.967,106.861,22.357,24.213,231.667,613.185,5.182,134.833,177.304,72.374,0.13,0.15
2020-12-07 00:00:00+00:00,67.755,41.011,71.828,98.603,19.053,53.12,106.576,22.541,24.029,233.079,610.42,6.315,137.293,176.879,71.561,0.13,0.15
2020-12-08 00:00:00+00:00,67.517,40.397,71.658,97.686,19.096,52.916,106.243,22.652,23.8,233.786,607.38,7.643,137.785,176.454,71.11,0.13,0.15
2020-12-09 00:00:00+00:00,67.328,39.782,71.523,96.769,19.146,52.48,105.91,22.689,23.616,234.139,604.062,8.129,138.769,175.982,70.839,0.13,0.15
2020-12-10 00:00:00+00:00,67.138,39.206,71.353,95.853,19.196,52.045,105.53,22.652,23.387,233.786,600.745,8.583,138.769,175.462,70.613,0.13,0.15
2020-12-11 00:00:00+00:00,66.9,38.554,71.183,95.006,19.227,51.584,105.149,22.504,23.066,232.726,597.704,8.324,140.246,174.99,70.342,0.13,0.15
2020-12-12 00:00:00+00:00,66.615,37.901,71.014,94.16,19.245,51.124,104.816,22.43,22.745,232.373,594.387,7.125,140.738,174.47,70.026,0.13,0.15
2020-12-13 00:00:00+00:00,66.425,37.325,70.878,93.314,19.264,50.663,104.484,22.43,22.424,232.373,591.346,5.538,139.754,173.951,69.8,0.13,0.15
2020-12-14 00:00:00+00:00,66.188,36.749,70.709,92.503,19.283,50.253,104.151,22.541,22.103,233.079,588.305,5.344,138.769,173.431,69.484,0.13,0.15
2020-12-15 00:00:00+00:00,65.95,36.134,70.539,91.762,19.289,49.792,103.818,22.615,21.736,233.433,585.54,6.186,138.277,172.912,69.439,0.13,0.15
2020-12-16 00:00:00+00:00,65.665,35.52,70.403,91.127,19.258,49.46,103.485,22.615,21.415,233.433,583.052,7.093,135.817,172.345,69.484,0.13,0.15
2020-12-17 00:00:00+00:00,65.428,34.944,70.268,90.457,19.221,49.255,103.247,22.43,21.048,232.373,581.117,7.87,132.864,171.778,69.123,0.13,0.15
2020-12-18 00:00:00+00:00,65.237,34.406,70.132,89.787,19.214,49.204,103.104,22.283,20.727,231.314,581.117,7.805,132.372,171.306,68.445,0.13,0.15
2020-12-19 00:00:00+00:00,65.095,33.907,69.997,89.117,19.233,49.434,103.057,22.393,20.361,232.02,582.5,6.769,132.864,170.786,67.723,0.13,0.15
2020-12-20 00:00:00+00:00,64.862,33.37,69.861,88.412,19.283,49.716,102.962,22.8,20.04,234.845,582.776,6.672,130.896,170.314,67.135,0.13,0.15
2020-12-21 00:00:00+00:00,64.678,32.832,69.725,88.236,19.165,49.946,102.867,23.022,19.764,236.258,582.776,6.769,134.341,169.747,66.548,0.13,0.15
2020-12-22 00:00:00+00:00,64.494,32.294,69.59,88.095,19.028,50.125,102.772,23.022,19.443,236.258,583.605,6.672,135.325,169.181,65.871,0.13,0.15
2020-12-23 00:00:00+00:00,64.172,31.68,69.42,87.954,18.854,50.279,102.676,22.8,19.077,234.845,584.435,7.384,135.817,168.567,65.103,0.13,0.15
2020-12-24 00:00:00+00:00,63.85,31.027,69.217,87.883,18.674,50.304,102.581,22.541,18.801,233.079,585.264,8.097,137.785,168.047,64.426,0.13,0.15
2020-12-25 00:00:00+00:00,63.528,30.374,69.081,87.601,18.593,50.304,102.486,22.283,18.48,231.314,585.817,8.0,135.325,167.48,63.658,0.13,0.15
2020-12-26 00:00:00+00:00,63.298,29.798,68.979,88.694,17.903,50.484,102.534,22.283,18.205,231.314,586.646,7.352,135.817,166.914,63.071,0.13,0.15
2020-12-27 00:00:00+00:00,63.022,29.184,68.843,89.364,17.461,50.509,102.581,22.504,17.976,232.726,587.476,7.741,134.341,166.441,62.71,0.13,0.15
2020-12-28 00:00:00+00:00,62.7,28.531,68.708,88.447,17.747,50.228,102.534,22.357,17.701,231.667,588.028,7.449,132.372,165.969,62.439,0.13,0.15
2020-12-29 00:00:00+00:00,62.332,27.84,68.538,87.566,17.959,49.869,102.296,22.283,17.38,231.314,586.646,6.542,135.325,165.402,62.077,0.13,0.15
2020-12-30 00:00:00+00:00,61.964,27.149,68.403,86.719,18.133,49.46,101.963,22.43,16.921,232.373,583.605,5.732,137.785,164.788,61.761,0.13,0.15
2020-12-31 00:00:00+00:00,61.55,26.419,68.199,85.873,18.269,48.948,101.583,22.504,16.371,232.726,580.564,5.311,138.769,164.221,61.49,0.13,0.15
2021-01-01 00:00:00+00:00,61.136,25.651,68.03,85.062,18.375,48.436,101.202,22.393,15.958,232.02,577.247,6.283,139.754,163.655,61.219,0.13,0.15
2021-01-02 00:00:00+00:00,60.722,24.883,67.86,84.251,18.462,47.898,100.774,22.172,15.867,230.607,574.206,6.963,140.246,162.993,60.903,0.13,0.15
2021-01-03 00:00:00+00:00,60.308,24.154,67.69,83.44,18.518,47.335,100.394,21.987,16.004,229.195,570.889,7.32,140.738,162.332,60.587,0.13,0.15
2021-01-04 00:00:00+00:00,59.848,23.347,67.487,82.664,18.562,46.746,99.966,21.765,16.233,227.782,567.572,8.421,140.246,161.718,60.271,0.13,0.15
2021-01-05 00:00:00+00:00,59.342,22.579,67.317,81.853,18.593,46.157,99.538,21.543,16.371,226.37,563.978,8.583,138.769,161.01,59.955,0.13,0.15
2021-01-06 00:00:00+00:00,58.836,21.773,67.114,81.113,18.611,45.517,99.11,21.285,16.509,224.604,560.384,8.097,138.277,160.396,59.684,0.13,0.15
2021-01-07 00:00:00+00:00,58.238,21.005,66.91,80.337,18.63,44.877,98.634,21.1,16.6,223.191,556.79,7.19,137.785,159.734,59.367,0.13,0.15
2021-01-08 00:00:00+00:00,57.64,20.198,66.741,79.561,18.655,44.237,98.206,20.841,16.692,221.425,553.196,6.963,137.293,159.026,59.051,0.13,0.15
2021-01-09 00:00:00+00:00,57.042,19.392,66.571,78.785,18.68,43.597,97.778,20.62,16.784,220.013,549.603,6.251,137.293,158.365,58.735,0.13,0.15
2021-01-10 00:00:00+00:00,56.812,18.586,66.402,77.798,18.692,42.983,97.35,20.398,16.83,218.6,546.009,4.761,136.309,157.562,58.419,0.13,0.15
2021-01-11 00:00:00+00:00,57.134,17.818,66.232,76.352,18.698,42.42,96.922,20.213,16.875,217.188,542.692,5.247,136.309,156.617,57.967,0.13,0.15
2021-01-12 00:00:00+00:00,57.686,17.011,66.063,74.73,18.711,41.831,96.447,20.065,16.921,216.128,538.821,5.473,135.325,155.484,57.561,0.13,0.15
2021-01-13 00:00:00+00:00,58.238,16.205,65.859,73.143,18.729,41.14,96.019,19.843,16.967,214.716,535.228,4.826,133.356,154.397,57.245,0.13,0.15
2021-01-14 00:00:00+00:00,58.79,15.398,65.723,71.486,18.736,40.474,95.543,19.511,17.013,212.597,531.634,5.409,132.864,153.217,56.884,0.13,0.15
2021-01-15 00:00:00+00:00,59.25,14.63,65.69,69.723,18.742,39.783,95.068,19.104,17.059,209.772,527.764,7.028,132.372,152.036,56.567,0.13,0.15
2021-01-16 00:00:00+00:00,59.756,13.824,65.723,67.889,18.742,39.04,94.592,18.698,17.059,206.946,524.17,7.158,131.88,150.855,56.251,0.13,0.15
2021-01-17 00:00:00+00:00,60.216,13.056,65.723,66.126,18.736,38.349,94.116,18.328,17.105,204.474,520.3,6.996,131.88,149.627,55.89,0.13,0.15
2021-01-18 00:00:00+00:00,60.814,12.134,65.757,63.657,18.723,37.632,93.641,17.922,17.151,201.649,516.706,7.805,131.88,148.73,55.574,0.13,0.15
2021-01-19 00:00:00+00:00,61.596,10.982,65.791,59.99,18.736,37.12,93.213,17.561,17.242,199.177,513.112,7.352,130.896,148.541,55.122,0.13,0.15
2021-01-20 00:00:00+00:00,62.516,9.83,65.893,55.899,18.748,36.839,92.88,17.423,17.334,198.118,510.348,5.732,130.404,148.635,54.535,0.13,0.15
2021-01-21 00:00:00+00:00,63.39,8.563,65.961,53.108,18.723,36.634,92.595,17.492,17.38,198.824,507.86,4.631,128.436,148.73,53.903,0.13,0.15
2021-01-22 00:00:00+00:00,64.218,7.219,66.029,50.464,18.717,36.352,92.214,17.665,17.472,199.883,504.542,4.405,127.451,148.73,53.271,0.13,0.15
2021-01-23 00:00:00+00:00,65.0,5.491,66.063,47.706,18.736,35.764,91.739,17.665,17.517,199.883,500.948,4.696,126.959,148.777,52.819,0.13,0.15
2021-01-24 00:00:00+00:00,65.617,4.224,66.097,45.514,18.742,35.021,91.263,17.423,17.563,198.118,497.355,5.149,126.467,148.257,52.503,0.13,0.15
2021-01-25 00:00:00+00:00,65.807,3.955,66.13,44.384,18.742,34.279,90.788,17.076,17.609,195.645,493.761,6.089,125.975,146.84,52.187,0.13,0.15
2021-01-26 00:00:00+00:00,65.95,3.379,66.13,43.684,18.723,33.536,90.264,16.729,17.609,193.173,489.891,7.125,125.975,145.093,51.825,0.13,0.15
2021-01-27 00:00:00+00:00,66.045,2.15,66.164,42.983,18.698,32.768,89.741,16.348,17.655,190.348,486.297,7.028,125.975,143.298,51.509,0.13,0.15
2021-01-28 00:00:00+00:00,66.093,1.306,66.164,42.26,18.674,31.975,89.266,16.071,17.701,188.582,482.427,5.311,125.483,141.409,51.148,0.13,0.15
2021-01-29 00:00:00+00:00,66.093,1.114,66.164,41.559,18.636,31.181,88.743,15.897,17.701,187.17,478.833,4.631,124.991,139.472,50.787,0.13,0.15
2021-01-30 00:00:00+00:00,66.093,0.998,66.198,40.859,18.593,30.362,88.22,15.655,17.747,185.404,474.963,4.664,124.007,137.536,50.47,0.13,0.15
2021-01-31 00:00:00+00:00,65.998,0.883,66.198,40.135,18.549,29.517,87.696,15.343,17.793,183.285,471.369,5.02,124.007,135.552,50.109,0.13,0.15
2021-02-01 00:00:00+00:00,65.903,0.806,66.198,39.435,18.506,28.672,87.221,14.927,17.793,180.107,467.499,6.639,124.007,133.569,49.793,0.13,0.15
2021-02-02 00:00:00+00:00,65.712,0.883,66.232,38.757,18.456,28.107,86.698,14.58,17.838,177.635,463.628,6.639,123.023,131.585,49.387,0.13,0.15
2021-02-03 00:00:00+00:00,65.57,0.883,66.232,38.034,18.406,27.628,86.175,14.268,17.838,175.516,460.035,5.7,122.531,129.554,48.98,0.13,0.15
2021-02-04 00:00:00+00:00,65.047,0.845,66.232,37.514,18.35,27.119,85.652,14.025,17.884,173.75,456.164,6.218,122.038,127.618,48.574,0.13,0.15
2021-02-05 00:00:00+00:00,64.586,0.691,66.232,36.971,18.301,26.656,85.128,13.679,17.884,171.278,452.294,6.477,120.562,125.681,48.077,0.13,0.15
2021-02-06 00:00:00+00:00,64.494,0.614,66.232,36.18,18.245,26.409,84.605,13.575,17.93,170.572,448.7,5.052,120.562,123.65,47.309,0.13,0.15
2021-02-07 00:00:00+00:00,64.356,0.653,66.232,35.412,18.201,26.084,84.082,13.575,17.93,170.572,444.83,4.89,120.562,121.525,46.586,0.13,0.15
2021-02-08 00:00:00+00:00,64.172,0.73,66.266,34.621,18.158,25.498,83.559,13.505,17.976,169.865,440.96,6.445,120.07,119.447,46.18,0.13,0.15
2021-02-09 00:00:00+00:00,63.988,0.73,66.266,33.355,18.114,24.88,83.036,13.159,17.976,167.393,437.09,7.417,121.054,117.888,45.773,0.13,0.15
2021-02-10 00:00:00+00:00,63.528,0.691,66.266,31.299,18.058,24.247,82.465,12.777,18.022,164.568,433.22,8.291,120.562,117.321,45.412,0.13,0.15
2021-02-11 00:00:00+00:00,62.24,0.614,66.266,29.423,17.99,23.568,81.942,12.431,18.022,162.096,429.349,8.226,120.562,117.274,45.006,0.13,0.15
2021-02-12 00:00:00+00:00,60.4,0.691,66.266,28.022,17.915,22.904,81.372,12.119,18.022,159.977,425.203,7.643,119.578,117.227,44.599,0.13,0.15
2021-02-13 00:00:00+00:00,58.514,0.845,66.266,26.621,17.841,22.256,80.848,11.876,18.022,158.212,421.332,6.283,120.07,117.18,44.193,0.13,0.15
2021-02-14 00:00:00+00:00,56.582,0.922,66.3,25.784,17.778,21.623,80.325,11.737,18.068,157.152,417.739,4.534,123.023,116.707,43.741,0.13,0.15
2021-02-15 00:00:00+00:00,54.845,0.96,66.334,25.807,17.722,20.974,79.802,11.529,18.114,155.739,414.145,4.826,127.451,115.385,43.38,0.13,0.15
2021-02-16 00:00:00+00:00,53.268,0.96,66.368,26.169,17.679,20.295,79.279,11.183,18.159,153.267,410.551,5.927,128.928,113.684,42.973,0.13,0.15
2021-02-17 00:00:00+00:00,51.691,0.998,66.402,26.485,17.642,19.616,78.804,10.801,18.205,150.442,406.957,6.996,128.928,112.031,42.612,0.13,0.15
2021-02-18 00:00:00+00:00,50.114,0.998,66.436,26.282,17.604,18.906,78.28,10.351,18.205,147.264,403.087,8.064,128.436,110.756,42.296,0.13,0.15
2021-02-19 00:00:00+00:00,48.87,0.96,66.47,24.835,17.567,18.288,77.805,10.004,18.251,144.792,400.046,7.028,127.451,110.331,41.799,0.13,0.15
2021-02-20 00:00:00+00:00,48.413,0.96,66.503,22.146,17.536,17.948,77.377,10.073,18.297,145.145,397.282,5.376,126.467,110.426,41.077,0.13,0.15
2021-02-21 00:00:00+00:00,47.915,1.037,66.537,19.434,17.505,17.547,76.901,10.212,18.343,146.204,394.241,6.089,126.467,110.473,40.535,0.13,0.15
2021-02-22 00:00:00+00:00,46.837,1.075,66.605,17.468,17.486,16.883,76.378,10.004,18.435,144.792,390.98,7.579,127.451,110.52,40.218,0.13,0.15
2021-02-23 00:00:00+00:00,45.94,1.306,66.741,15.84,17.399,16.744,75.998,9.865,18.618,143.732,389.219,7.838,130.404,110.614,39.631,0.13,0.15
2021-02-24 00:00:00+00:00,45.901,1.613,66.877,13.377,17.387,17.3,75.712,10.073,18.893,145.145,387.899,7.287,127.944,110.756,38.818,0.13,0.15
2021-02-25 00:00:00+00:00,46.369,1.498,66.944,10.047,17.517,18.01,75.38,10.351,19.122,147.264,387.678,7.741,122.038,110.851,38.096,0.13,0.15
2021-02-26 00:00:00+00:00,46.642,1.306,67.012,9.082,17.598,18.303,75.094,10.351,19.306,147.264,388.339,8.129,118.102,110.898,37.597,0.13,0.15
2021-02-27 00:00:00+00:00,46.798,1.267,67.012,8.585,17.604,18.242,74.952,10.351,19.398,147.264,388.559,7.967,116.133,110.851,37.441,0.13,0.15
2021-02-28 00:00:00+00:00,47.071,1.306,67.046,7.029,17.449,17.67,74.524,10.177,19.627,145.851,389.439,4.955,120.562,110.898,37.128,0.13,0.15
2021-03-01 00:00:00+00:00,47.227,1.267,67.08,5.958,17.797,17.161,74.238,9.692,19.764,142.32,389.439,6.089,124.007,110.898,36.933,0.13,0.15
2021-03-02 00:00:00+00:00,47.344,1.382,67.08,4.846,18.885,16.543,73.763,9.207,19.856,138.788,387.458,6.769,128.436,110.851,36.738,0.13,0.15
2021-03-03 00:00:00+00:00,47.461,1.459,67.114,3.68,20.116,15.926,73.24,8.687,19.948,135.257,384.597,6.963,129.912,110.803,36.543,0.13,0.15
2021-03-04 00:00:00+00:00,47.583,1.344,67.114,2.757,21.191,15.324,72.716,8.097,20.04,131.019,381.736,8.226,132.372,110.756,36.308,0.13,0.15
2021-03-05 00:00:00+00:00,47.707,1.306,67.148,2.152,21.806,14.737,72.193,7.577,20.131,127.134,378.874,7.773,131.88,110.709,35.957,0.13,0.15
2021-03-06 00:00:00+00:00,47.791,1.306,67.148,1.385,21.514,14.274,71.718,7.716,20.177,128.194,376.233,5.441,132.372,110.614,35.488,0.13,0.15
2021-03-07 00:00:00+00:00,47.666,1.19,67.182,0.861,20.408,13.656,71.195,8.028,20.223,130.313,373.372,5.668,128.928,110.567,35.098,0.13,0.15
2021-03-08 00:00:00+00:00,47.383,1.037,67.182,0.89,18.798,12.885,70.624,8.028,20.269,130.313,370.29,7.19,128.436,110.52,34.825,0.13,0.15
2021-03-09 00:00:00+00:00,47.266,0.922,67.216,1.01,17.039,12.159,70.101,7.924,20.223,129.606,367.429,7.903,128.928,110.473,34.551,0.13,0.15
2021-03-10 00:00:00+00:00,47.383,0.998,67.283,1.012,15.603,11.866,69.768,7.82,19.994,128.9,366.329,6.963,130.896,110.426,33.927,0.13,0.15
2021-03-11 00:00:00+00:00,47.5,1.114,67.351,0.999,14.621,12.02,69.53,7.959,19.673,129.959,366.989,4.826,131.88,110.426,32.951,0.13,0.15
2021-03-12 00:00:00+00:00,47.583,1.152,67.385,0.981,13.788,12.143,69.245,8.201,19.398,131.725,367.429,4.34,129.912,110.426,31.936,0.13,0.15
2021-03-13 00:00:00+00:00,47.666,1.229,67.419,0.963,12.961,12.174,68.864,8.548,19.214,134.197,366.549,4.826,129.912,110.378,30.999,0.13,0.15
2021-03-14 00:00:00+00:00,47.749,1.19,67.453,0.944,12.134,11.85,68.389,8.756,19.122,135.61,364.128,5.57,127.944,110.284,30.374,0.13,0.15
2021-03-15 00:00:00+00:00,47.791,1.075,67.453,0.929,11.301,11.341,67.866,8.513,19.031,133.844,361.266,6.801,127.451,110.237,29.867,0.13,0.15
2021-03-16 00:00:00+00:00,47.874,0.998,67.487,0.908,10.474,10.816,67.295,8.028,18.893,130.313,358.185,7.967,129.42,110.189,29.359,0.13,0.15
2021-03-17 00:00:00+00:00,47.915,0.845,67.487,0.89,9.641,10.09,66.822,7.543,18.71,126.781,355.104,8.226,129.42,110.095,29.008,0.13,0.15
2021-03-18 00:00:00+00:00,47.957,0.806,67.487,0.871,8.964,9.195,66.368,7.099,18.572,123.603,352.022,8.388,130.404,110.048,28.812,0.13,0.15
2021-03-19 00:00:00+00:00,47.998,0.883,67.521,0.85,8.703,8.422,65.953,6.965,18.389,122.543,349.381,7.449,128.436,110.0,28.539,0.13,0.15
2021-03-20 00:00:00+00:00,48.039,0.922,67.521,0.83,8.703,8.068,65.575,7.233,18.205,124.662,346.74,5.765,124.991,109.906,28.149,0.13,0.15
2021-03-21 00:00:00+00:00,48.081,0.883,67.555,0.811,8.703,7.7,65.159,7.369,18.068,125.722,344.099,6.575,124.991,109.812,27.797,0.13,0.15
2021-03-22 00:00:00+00:00,48.081,0.845,67.555,0.793,8.703,7.267,64.743,7.2,17.884,124.309,341.237,7.967,124.991,109.764,27.563,0.13,0.15
2021-03-23 00:00:00+00:00,48.081,0.768,67.555,0.775,8.703,6.821,64.289,6.998,17.747,122.896,338.376,8.032,127.944,109.67,27.368,0.13,0.15
2021-03-24 00:00:00+00:00,48.081,0.73,67.589,0.79,8.703,6.368,63.874,6.965,17.655,122.543,335.515,7.708,128.928,109.623,27.212,0.13,0.15
2021-03-25 00:00:00+00:00,48.081,0.691,67.623,0.809,8.703,5.893,63.458,6.965,17.472,122.543,333.094,6.315,127.944,109.575,27.095,0.13,0.15
2021-03-26 00:00:00+00:00,48.122,0.806,67.657,0.798,8.703,5.383,63.155,6.998,17.288,122.896,332.213,5.182,129.42,109.528,27.017,0.13,0.15
2021-03-27 00:00:00+00:00,48.164,0.922,67.69,0.783,8.703,4.817,62.929,6.965,17.105,122.543,332.653,4.761,129.912,109.434,26.938,0.13,0.15
2021-03-28 00:00:00+00:00,48.289,0.998,67.758,0.78,9.125,4.236,62.702,6.898,17.013,122.19,333.314,4.664,129.912,109.434,26.938,0.13,0.15
2021-03-29 00:00:00+00:00,48.953,1.459,67.928,0.832,9.125,4.427,62.513,7.099,17.013,123.603,333.094,4.631,132.372,109.623,27.797,0.13,0.15
2021-03-30 00:00:00+00:00,50.447,1.958,68.131,0.95,9.125,5.773,62.286,7.439,17.151,126.075,331.773,5.311,130.404,110.048,29.632,0.13,0.15
2021-03-31 00:00:00+00:00,52.148,2.573,68.369,1.067,9.125,6.92,62.021,7.543,17.38,126.781,330.452,6.704,136.801,110.52,31.194,0.13,0.15
2021-04-01 00:00:00+00:00,53.518,2.995,68.572,1.145,9.125,7.267,61.757,7.716,17.563,128.194,330.452,7.805,146.643,110.945,31.936,0.13,0.15
2021-04-02 00:00:00+00:00,54.638,2.573,68.708,1.192,9.125,7.367,61.568,7.959,17.609,129.959,331.993,7.417,145.659,111.37,32.326,0.13,0.15
2021-04-03 00:00:00+00:00,55.593,1.843,68.843,1.216,9.125,7.381,61.454,8.097,17.655,131.019,333.754,6.769,140.246,111.748,32.599,0.13,0.15
2021-04-04 00:00:00+00:00,56.398,1.421,68.945,1.223,9.125,7.395,61.303,8.201,17.701,131.725,335.295,7.741,139.754,111.937,32.678,0.13,0.15
2021-04-05 00:00:00+00:00,56.95,1.382,69.013,1.223,9.125,7.466,61.076,8.305,17.747,132.432,335.075,7.935,134.341,111.984,32.443,0.13,0.15
2021-04-06 00:00:00+00:00,57.364,1.421,69.047,1.239,9.125,7.608,60.698,8.513,17.701,133.844,333.314,7.546,130.404,112.079,31.858,0.13,0.15
2021-04-07 00:00:00+00:00,57.778,1.267,69.115,1.294,9.125,7.778,60.358,8.548,17.701,134.197,331.333,7.19,129.912,112.22,31.194,0.13,0.15
2021-04-08 00:00:00+00:00,58.192,1.075,69.217,1.359,9.125,7.855,60.056,8.548,17.655,134.197,329.352,6.704,129.42,112.315,30.608,0.13,0.15
2021-04-09 00:00:00+00:00,58.468,1.037,69.284,1.419,9.125,7.678,59.64,8.548,17.609,134.197,327.151,6.769,128.928,112.362,30.218,0.13,0.15
2021-04-10 00:00:00+00:00,58.698,0.883,69.318,1.477,9.125,7.296,59.224,8.271,17.517,132.078,324.29,6.445,126.467,112.362,29.984,0.13,0.15
2021-04-11 00:00:00+00:00,58.928,0.653,69.386,1.531,9.125,7.09,58.771,7.855,17.426,129.253,321.428,6.413,127.451,112.362,29.476,0.13,0.15
2021-04-12 00:00:00+00:00,59.066,0.614,69.42,1.583,9.125,7.133,58.317,7.369,17.334,125.722,318.347,6.801,127.451,112.362,28.578,0.13,0.15
2021-04-13 00:00:00+00:00,59.25,0.806,69.42,1.633,9.125,7.225,57.863,6.865,17.196,121.837,315.486,7.287,127.944,112.315,27.602,0.13,0.15
2021-04-14 00:00:00+00:00,59.434,0.883,69.454,1.662,9.125,7.331,57.372,6.194,17.059,116.893,312.184,8.226,127.944,112.268,26.665,0.13,0.15
2021-04-15 00:00:00+00:00,59.618,0.768,69.488,1.654,9.125,7.31,56.881,5.525,16.921,111.949,309.103,7.384,126.959,112.22,25.884,0.13,0.15
2021-04-16 00:00:00+00:00,59.71,0.806,69.488,1.625,9.125,7.048,56.427,5.056,16.784,108.417,305.581,6.024,126.467,112.173,25.533,0.13,0.15
2021-04-17 00:00:00+00:00,59.802,0.883,69.522,1.599,9.125,6.694,55.973,4.62,16.646,105.239,302.5,5.927,125.975,112.126,25.455,0.13,0.15
2021-04-18 00:00:00+00:00,59.894,0.922,69.522,1.576,9.125,6.389,55.52,4.117,16.509,101.354,299.198,6.153,129.912,112.126,25.416,0.13,0.15
2021-04-19 00:00:00+00:00,59.986,1.114,69.556,1.555,9.125,6.148,55.104,3.682,16.417,98.176,296.117,5.992,136.309,112.126,25.572,0.13,0.15
2021-04-20 00:00:00+00:00,60.078,1.267,69.556,1.537,9.125,5.971,54.726,3.515,16.371,96.763,293.035,5.959,139.262,112.126,25.884,0.13,0.15
2021-04-21 00:00:00+00:00,60.216,1.267,69.59,1.518,9.125,5.872,54.348,3.682,16.279,98.176,290.394,5.409,138.769,112.079,26.001,0.13,0.15
2021-04-22 00:00:00+00:00,60.308,1.114,69.623,1.497,9.125,5.752,53.932,3.917,16.188,99.942,287.313,4.534,133.849,112.126,25.65,0.13,0.15
2021-04-23 00:00:00+00:00,60.446,0.922,69.623,1.477,9.125,5.66,53.479,3.816,16.096,99.235,284.231,4.631,130.404,112.079,25.182,0.13,0.15
2021-04-24 00:00:00+00:00,60.538,0.883,69.623,1.456,9.125,5.752,53.025,3.682,16.004,98.176,281.15,4.437,130.404,112.079,24.44,0.13,0.15
2021-04-25 00:00:00+00:00,60.63,1.037,69.657,1.432,11.338,5.716,52.534,3.515,15.867,96.763,278.069,4.987,135.817,112.031,24.284,0.13,0.15
2021-04-26 00:00:00+00:00,60.63,1.152,69.657,1.417,11.686,5.39,52.042,3.113,15.775,93.938,274.547,6.283,138.277,112.031,25.025,0.13,0.15
2021-04-27 00:00:00+00:00,60.676,1.574,69.691,1.401,12.022,5.008,51.551,2.61,15.637,90.053,271.025,6.672,140.246,111.984,26.041,0.13,0.15
2021-04-28 00:00:00+00:00,60.676,2.342,69.691,1.401,12.314,4.59,51.059,2.04,15.546,85.816,267.504,7.028,138.769,111.984,27.056,0.13,0.15
2021-04-29 00:00:00+00:00,60.216,3.072,69.691,1.589,12.532,4.115,50.53,1.371,15.5,80.872,263.982,7.514,138.277,111.984,27.758,0.13,0.15
2021-04-30 00:00:00+00:00,59.296,3.456,69.725,1.975,12.712,3.641,50.039,0.7,15.5,75.927,260.681,7.87,137.293,111.984,27.875,0.13,0.15
2021-05-01 00:00:00+00:00,58.376,3.648,69.725,2.319,12.905,3.627,49.585,0.576,15.5,72.043,257.379,6.898,137.293,111.984,27.407,0.13,0.15
2021-05-02 00:00:00+00:00,57.41,3.84,69.759,2.583,13.098,3.719,49.094,0.548,15.546,68.511,254.298,6.769,137.293,111.984,26.86,0.13,0.15
2021-05-03 00:00:00+00:00,56.628,4.032,69.793,2.794,13.278,3.74,48.64,0.514,15.591,64.273,251.216,7.255,135.817,111.984,26.587,0.13,0.15
2021-05-04 00:00:00+00:00,55.892,4.186,69.793,2.99,13.452,4.009,48.149,0.496,15.546,62.155,248.135,6.413,136.309,112.031,26.158,0.13,0.15
2021-05-05 00:00:00+00:00,55.136,4.339,69.827,3.438,13.614,4.059,47.62,0.488,15.5,61.095,244.613,6.38,133.356,111.984,25.65,0.13,0.15
2021-05-06 00:00:00+00:00,54.389,4.493,69.827,3.882,13.775,3.69,47.053,0.466,15.454,58.27,240.872,7.06,130.404,112.031,25.338,0.13,0.15
2021-05-07 00:00:00+00:00,53.974,4.646,69.827,4.16,13.955,3.102,46.523,0.44,15.362,55.092,237.57,6.315,129.42,112.031,25.104,0.13,0.15
2021-05-08 00:00:00+00:00,53.974,4.838,69.895,4.237,14.154,2.663,46.183,0.428,15.27,53.679,236.47,5.117,129.42,112.079,24.869,0.13,0.15
2021-05-09 00:00:00+00:00,53.766,5.069,69.929,4.491,14.397,2.515,45.956,0.426,15.27,53.326,235.809,5.279,129.42,112.126,24.752,0.13,0.15
2021-05-10 00:00:00+00:00,53.31,5.53,69.963,4.935,14.801,3.053,45.73,0.432,15.454,54.032,233.608,6.121,127.451,112.362,25.064,0.13,0.15
2021-05-11 00:00:00+00:00,53.268,6.259,70.064,5.231,15.429,4.03,45.616,0.44,15.775,55.092,231.848,5.603,130.404,112.834,25.689,0.13,0.15
2021-05-12 00:00:00+00:00,53.642,7.181,70.2,5.373,16.237,4.887,45.654,0.458,16.096,57.21,230.967,4.599,134.833,113.543,26.587,0.13,0.15
2021-05-13 00:00:00+00:00,54.182,8.41,70.437,5.562,17.157,6.134,46.221,0.494,16.6,61.801,232.068,4.858,137.293,114.629,28.305,0.13,0.15
2021-05-14 00:00:00+00:00,55.053,10.368,70.777,5.81,18.039,8.033,47.544,0.57,17.38,71.336,235.149,5.311,139.262,116.14,30.843,0.13,0.15
2021-05-15 00:00:00+00:00,56.03,12.672,71.183,6.1,18.742,11.541,49.094,1.438,18.343,81.225,240.652,6.866,144.182,117.794,33.38,0.13,0.15
2021-05-16 00:00:00+00:00,56.95,14.746,71.59,6.349,19.221,14.413,50.266,2.51,19.352,89.347,245.494,7.384,146.643,119.258,35.176,0.13,0.15
2021-05-17 00:00:00+00:00,57.732,16.474,71.93,6.556,19.519,16.327,51.097,3.448,20.361,96.41,248.355,6.056,146.643,120.58,36.386,0.13,0.15
2021-05-18 00:00:00+00:00,58.422,18.01,72.269,6.751,19.693,17.748,51.778,4.117,21.278,101.354,250.776,6.445,148.611,121.666,37.284,0.13,0.15
2021-05-19 00:00:00+00:00,59.02,19.354,72.506,6.899,19.531,18.875,52.345,4.721,22.103,105.945,252.977,6.834,148.119,122.753,38.096,0.13,0.15
2021-05-20 00:00:00+00:00,59.572,20.544,72.743,7.035,18.729,19.77,52.912,5.357,22.791,110.536,256.939,6.413,145.659,123.65,38.818,0.13,0.15
2021-05-21 00:00:00+00:00,60.032,21.619,72.947,7.207,17.524,20.727,53.479,6.06,23.433,115.833,262.221,7.158,142.706,124.5,39.586,0.13,0.15
2021-05-22 00:00:00+00:00,60.584,22.694,73.218,7.384,16.342,21.947,54.121,6.731,24.029,120.778,267.724,7.773,138.769,125.35,40.489,0.13,0.15
2021-05-23 00:00:00+00:00,61.182,23.846,73.49,7.556,15.36,23.352,54.915,7.543,24.671,126.781,273.006,7.255,139.754,126.39,41.573,0.13,0.15
2021-05-24 00:00:00+00:00,61.872,25.152,73.795,7.727,14.614,25.189,55.747,8.617,25.405,134.55,276.968,7.093,143.69,127.618,43.109,0.13,0.15
2021-05-25 00:00:00+00:00,62.562,26.573,74.134,7.917,14.08,27.011,56.54,9.831,26.093,143.379,280.27,7.287,146.643,128.94,44.644,0.13,0.15
2021-05-26 00:00:00+00:00,63.206,27.917,74.202,8.248,13.657,28.277,57.296,11.009,26.597,151.855,283.571,6.413,144.675,130.31,45.773,0.13,0.15
2021-05-27 00:00:00+00:00,63.804,29.146,73.727,8.786,13.265,29.568,57.939,11.98,26.918,158.918,285.332,5.214,142.214,131.49,46.722,0.13,0.15
2021-05-28 00:00:00+00:00,64.586,30.49,73.083,9.39,12.948,31.028,58.771,12.777,27.239,164.568,288.193,5.409,139.754,132.813,47.67,0.13,0.15
2021-05-29 00:00:00+00:00,65.523,32.102,72.506,9.982,12.768,32.871,60.094,13.436,27.56,169.512,294.576,6.477,136.309,134.324,48.799,0.13,0.15
2021-05-30 00:00:00+00:00,66.472,33.715,71.963,11.953,12.681,34.944,61.606,14.129,27.835,174.456,300.519,6.153,136.309,135.694,49.928,0.13,0.15
2021-05-31 00:00:00+00:00,67.28,35.251,71.387,15.23,12.631,36.864,63.042,14.857,28.065,179.754,305.141,5.57,135.817,136.402,50.967,0.13,0.15
2021-06-01 00:00:00+00:00,68.23,36.864,70.844,19.908,12.606,38.682,64.441,15.551,28.248,184.698,309.763,5.927,136.801,135.977,51.961,0.13,0.15
2021-06-02 00:00:00+00:00,69.417,38.746,70.37,24.813,12.619,40.628,65.801,16.383,28.431,190.701,315.045,6.348,134.833,135.033,53.225,0.13,0.15
2021-06-03 00:00:00+00:00,70.13,40.512,69.963,29.355,12.631,42.471,67.087,17.007,28.569,195.292,320.328,6.445,131.88,134.466,54.671,0.13,0.15
2021-06-04 00:00:00+00:00,70.035,41.933,69.454,33.604,12.606,43.956,68.436,17.492,28.661,198.824,325.17,5.538,128.928,134.466,55.845,0.13,0.15
2021-06-05 00:00:00+00:00,69.56,43.162,68.877,37.446,12.544,45.005,69.578,17.959,28.752,202.002,328.912,5.344,132.372,134.655,56.838,0.13,0.15
2021-06-06 00:00:00+00:00,69.085,44.352,68.267,40.881,12.488,45.824,70.576,18.328,28.798,204.474,332.213,5.311,133.356,135.127,57.742,0.13,0.15
2021-06-07 00:00:00+00:00,68.515,45.427,67.928,43.435,12.464,46.567,71.48,18.476,28.798,205.534,335.295,6.186,133.356,135.977,58.6,0.13,0.15
2021-06-08 00:00:00+00:00,67.945,46.464,68.03,45.198,12.439,47.053,72.288,18.476,28.798,205.534,337.716,6.931,135.817,136.922,59.413,0.13,0.15
2021-06-09 00:00:00+00:00,67.85,47.309,68.369,46.757,12.426,47.36,73.144,18.587,28.798,206.24,340.357,5.862,135.817,137.819,60.361,0.13,0.15
2021-06-10 00:00:00+00:00,69.227,47.654,68.742,48.249,12.432,47.898,74.333,18.698,28.844,206.946,343.658,5.538,136.309,139.047,61.309,0.13,0.15
2021-06-11 00:00:00+00:00,71.888,47.501,69.183,49.718,12.457,48.64,75.57,18.735,28.844,207.299,348.501,6.024,136.801,140.606,62.122,0.13,0.15
2021-06-12 00:00:00+00:00,73.502,47.27,69.488,51.187,12.47,49.152,76.283,18.846,28.844,208.006,353.563,6.834,135.817,141.976,62.755,0.13,0.15
2021-06-13 00:00:00+00:00,75.05,47.693,69.895,52.656,12.47,49.613,77.329,18.957,28.89,208.712,358.185,7.255,133.356,143.345,63.387,0.13,0.15
2021-06-14 00:00:00+00:00,77.15,47.808,70.37,54.057,12.625,50.125,78.518,19.215,28.936,210.478,362.367,7.32,132.372,144.998,64.11,0.13,0.15
2021-06-15 00:00:00+00:00,77.1,47.347,70.641,55.476,13.023,50.381,78.994,19.511,28.89,212.597,365.448,6.153,131.388,146.132,64.652,0.13,0.15
2021-06-16 00:00:00+00:00,76.0,47.309,70.878,57.345,13.502,50.432,79.232,19.77,28.89,214.362,367.429,5.732,129.912,146.793,64.832,0.13,0.15
2021-06-17 00:00:00+00:00,75.5,47.424,71.15,58.721,14.074,50.535,79.755,19.954,28.89,215.422,370.29,6.477,128.928,147.502,64.832,0.13,0.15
2021-06-18 00:00:00+00:00,75.9,47.616,71.489,60.484,14.571,50.944,80.753,20.102,28.982,216.481,373.812,7.287,130.404,148.635,65.148,0.13,0.15
2021-06-19 00:00:00+00:00,76.5,47.77,71.828,62.811,14.708,51.712,81.942,20.213,29.119,217.188,378.654,8.032,132.864,149.816,65.6,0.13,0.15
2021-06-20 00:00:00+00:00,77.5,47.501,72.167,64.821,14.689,52.813,83.084,20.509,29.349,219.307,382.836,7.417,134.833,150.808,66.232,0.13,0.15
2021-06-21 00:00:00+00:00,78.05,47.27,72.404,66.831,14.583,53.658,83.94,20.878,29.486,221.779,385.477,7.352,136.801,151.564,66.684,0.13,0.15
2021-06-22 00:00:00+00:00,76.9,47.578,72.574,68.841,14.322,53.914,84.225,20.841,29.532,221.425,387.018,7.967,138.277,152.036,66.729,0.13,0.15
2021-06-23 00:00:00+00:00,76.0,47.654,72.71,70.816,14.018,53.94,84.32,20.62,29.486,220.013,387.678,7.546,138.769,152.414,66.684,0.13,0.15
2021-06-24 00:00:00+00:00,75.7,47.424,72.845,72.72,13.75,53.812,84.32,20.361,29.44,218.247,387.678,7.255,139.262,152.839,66.594,0.13,0.15
2021-06-25 00:00:00+00:00,75.2,47.462,72.981,74.518,13.545,53.658,84.272,20.139,29.349,216.835,387.678,7.417,139.754,153.264,66.548,0.13,0.15
2021-06-26 00:00:00+00:00,74.65,47.616,73.083,76.317,13.408,53.479,84.177,20.102,29.257,216.481,387.678,6.153,139.754,153.547,66.639,0.13,0.15
2021-06-27 00:00:00+00:00,74.5,47.501,73.184,77.798,13.309,53.248,84.082,20.25,29.211,217.541,387.458,4.89,139.754,153.783,66.865,0.13,0.15
2021-06-28 00:00:00+00:00,74.6,47.232,73.286,79.279,13.197,52.967,83.797,20.361,29.165,218.247,386.798,5.149,138.769,153.972,67.135,0.13,0.15
2021-06-29 00:00:00+00:00,74.405,47.194,73.354,80.795,13.011,52.608,83.512,20.509,29.165,219.307,385.918,5.603,139.262,154.208,67.452,0.13,0.15
2021-06-30 00:00:00+00:00,73.977,47.347,73.422,82.171,12.836,52.224,83.274,20.509,29.211,219.307,385.037,6.477,135.817,154.397,67.813,0.13,0.15
2021-07-01 00:00:00+00:00,73.55,47.539,73.49,83.264,12.986,51.866,82.988,20.25,29.211,217.541,384.597,7.287,131.88,154.634,68.129,0.13,0.15
2021-07-02 00:00:00+00:00,73.407,47.616,73.591,82.488,13.819,51.508,82.798,19.991,29.257,215.775,384.157,7.449,130.404,154.822,68.445,0.13,0.15
2021-07-03 00:00:00+00:00,73.597,47.539,73.625,80.302,14.838,51.149,82.56,19.843,29.257,214.716,383.717,7.579,130.404,155.011,68.445,0.13,0.15
2021-07-04 00:00:00+00:00,74.453,47.578,73.795,78.433,15.447,51.098,82.418,19.88,29.394,215.069,383.276,7.352,130.404,155.2,68.4,0.13,0.15
2021-07-05 00:00:00+00:00,76.4,47.462,74.066,76.811,15.858,51.482,82.465,19.991,29.624,215.775,383.937,7.19,131.88,155.673,68.671,0.13,0.15
2021-07-06 00:00:00+00:00,78.05,47.155,74.27,75.471,16.231,52.276,82.56,20.102,29.807,216.481,386.578,6.186,133.849,156.098,68.987,0.13,0.15
2021-07-07 00:00:00+00:00,78.75,47.232,74.439,74.659,16.597,53.044,82.798,20.102,29.945,216.481,390.54,5.085,134.833,156.145,69.258,0.13,0.15
2021-07-08 00:00:00+00:00,79.45,47.578,74.643,74.166,17.045,53.556,83.226,20.213,30.174,217.188,395.623,5.279,135.817,156.145,69.529,0.13,0.15
2021-07-09 00:00:00+00:00,79.95,47.501,74.846,73.707,17.536,53.914,83.654,20.324,30.357,217.894,399.217,6.024,136.309,156.239,69.8,0.13,0.15
2021-07-10 00:00:00+00:00,79.35,47.232,74.948,73.214,17.99,53.991,83.749,20.472,30.449,218.953,401.152,7.028,138.769,155.956,69.936,0.13,0.15
2021-07-11 00:00:00+00:00,77.9,47.27,75.016,72.755,18.412,53.812,83.654,20.62,30.403,220.013,401.705,7.643,138.769,155.295,69.89,0.13,0.15
2021-07-12 00:00:00+00:00,76.5,47.386,75.083,72.614,18.711,53.504,83.416,20.841,30.266,221.425,401.152,7.708,137.293,154.681,69.8,0.13,0.15
2021-07-13 00:00:00+00:00,75.55,47.539,75.117,72.438,18.904,53.172,83.226,21.026,30.22,222.838,400.323,7.708,137.293,154.067,69.665,0.13,0.15
2021-07-14 00:00:00+00:00,74.7,47.616,75.151,71.979,18.972,52.813,83.036,21.211,30.266,223.898,399.217,8.064,136.801,153.406,69.574,0.13,0.15
2021-07-15 00:00:00+00:00,74.072,47.654,75.185,71.38,18.91,52.429,82.751,21.359,30.312,224.957,398.111,8.097,136.309,152.65,69.484,0.13,0.15
2021-07-16 00:00:00+00:00,73.74,47.539,75.219,70.992,18.705,52.02,82.465,21.507,30.357,226.016,398.388,6.51,134.341,151.894,69.394,0.13,0.15
2021-07-17 00:00:00+00:00,73.693,47.194,75.219,70.851,18.4,51.584,82.228,21.765,30.357,227.782,400.323,5.311,133.849,151.138,69.348,0.13,0.15
2021-07-18 00:00:00+00:00,73.312,46.925,75.219,70.569,18.189,51.098,81.942,21.913,30.357,228.842,400.876,6.218,132.372,150.43,69.213,0.13,0.15
2021-07-19 00:00:00+00:00,72.362,47.002,75.219,70.181,18.058,50.56,81.609,21.802,30.357,228.135,401.705,6.931,130.404,149.674,69.032,0.13,0.15
2021-07-20 00:00:00+00:00,71.318,47.194,75.219,69.687,17.884,49.997,81.324,21.617,30.357,226.723,403.087,6.898,130.404,148.824,68.852,0.13,0.15
2021-07-21 00:00:00+00:00,70.273,47.309,75.219,69.335,17.704,49.434,81.086,21.285,30.357,224.604,404.469,6.769,128.928,148.068,68.671,0.13,0.15
2021-07-22 00:00:00+00:00,69.133,47.386,75.219,68.982,17.561,48.82,80.801,20.878,30.312,221.779,405.852,6.737,129.42,147.313,68.49,0.13,0.15
2021-07-23 00:00:00+00:00,68.135,47.462,75.219,68.488,17.468,48.205,80.516,20.324,30.22,217.894,406.957,7.028,131.388,146.557,68.355,0.13,0.15
2021-07-24 00:00:00+00:00,67.185,47.501,75.219,68.171,17.3,47.591,80.23,19.991,30.036,215.775,407.234,6.121,133.849,145.896,68.219,0.13,0.15
2021-07-25 00:00:00+00:00,66.188,47.539,75.219,67.924,17.107,46.976,79.85,19.954,29.899,215.422,406.128,5.441,135.817,145.14,68.084,0.13,0.15
2021-07-26 00:00:00+00:00,65.428,47.693,75.219,67.677,17.026,46.439,79.517,19.991,29.853,215.775,404.193,5.797,136.309,144.384,67.903,0.13,0.15
2021-07-27 00:00:00+00:00,65.142,47.846,75.219,67.431,16.958,46.055,79.374,19.843,29.853,214.716,404.193,5.894,134.833,143.77,68.129,0.13,0.15
2021-07-28 00:00:00+00:00,65.903,47.693,75.219,67.431,16.796,46.285,79.517,19.843,29.945,214.716,405.575,6.51,133.356,143.345,68.942,0.13,0.15
2021-07-29 00:00:00+00:00,66.852,47.462,75.219,67.748,16.585,46.874,79.85,19.991,29.991,215.775,407.51,6.931,132.372,142.968,69.755,0.13,0.15
2021-07-30 00:00:00+00:00,67.328,47.386,75.219,67.889,16.392,47.028,79.992,20.213,29.945,217.188,409.998,6.283,132.372,142.07,69.981,0.13,0.15
2021-07-31 00:00:00+00:00,67.612,47.347,75.219,67.395,16.342,46.797,79.945,20.398,29.853,218.6,412.21,5.7,133.849,141.078,69.845,0.13,0.15
2021-08-01 00:00:00+00:00,66.9,47.424,75.219,66.796,16.429,46.413,79.802,20.25,29.715,217.541,413.868,5.894,134.341,140.275,69.665,0.13,0.15
2021-08-02 00:00:00+00:00,65.76,47.539,75.219,66.373,16.51,45.952,79.612,20.139,29.578,216.835,414.145,5.959,137.293,139.567,69.439,0.13,0.15
2021-08-03 00:00:00+00:00,64.678,47.616,75.219,65.773,16.591,45.415,79.327,20.213,29.44,217.188,412.486,6.898,136.801,138.858,69.168,0.13,0.15
2021-08-04 00:00:00+00:00,63.712,47.578,75.219,65.033,16.647,44.852,78.946,20.213,29.303,217.188,409.998,7.903,135.817,138.008,68.852,0.13,0.15
2021-08-05 00:00:00+00:00,62.838,47.501,75.219,64.504,16.641,44.263,78.566,20.213,29.165,217.188,407.787,7.287,134.833,137.158,68.626,0.13,0.15
2021-08-06 00:00:00+00:00,62.01,47.501,75.219,64.151,16.548,43.802,78.328,20.213,29.119,217.188,407.234,6.413,133.356,136.308,68.49,0.13,0.15
2021-08-07 00:00:00+00:00,61.78,47.539,75.219,63.728,16.318,43.597,78.138,20.213,29.119,217.188,408.063,5.538,132.864,135.269,68.49,0.13,0.15
2021-08-08 00:00:00+00:00,61.642,47.616,75.219,63.269,16.144,43.52,77.9,20.472,29.028,218.953,407.787,5.83,132.864,134.23,68.536,0.13,0.15
2021-08-09 00:00:00+00:00,60.952,47.693,75.219,62.635,16.187,43.495,77.662,20.583,28.936,219.66,405.575,7.481,130.896,133.38,68.581,0.13,0.15
2021-08-10 00:00:00+00:00,60.078,47.693,75.219,62.035,16.262,43.341,77.329,20.509,28.798,219.307,403.087,8.226,131.88,132.53,68.536,0.13,0.15
2021-08-11 00:00:00+00:00,59.25,47.654,75.219,61.577,16.305,43.008,76.949,20.657,28.707,220.366,400.599,6.834,132.864,131.774,68.355,0.13,0.15
2021-08-12 00:00:00+00:00,58.422,47.654,75.219,61.013,16.349,42.573,76.616,20.767,28.569,221.072,398.111,5.927,132.864,130.971,68.174,0.13,0.15
2021-08-13 00:00:00+00:00,57.962,47.654,75.219,60.307,16.318,42.087,76.331,20.583,28.477,219.66,397.282,6.024,132.864,129.979,68.084,0.13,0.15
2021-08-14 00:00:00+00:00,58.008,47.616,75.219,59.426,16.224,41.472,76.14,20.324,28.386,217.894,398.388,5.765,133.849,128.893,68.039,0.13,0.15
2021-08-15 00:00:00+00:00,57.732,47.578,75.219,58.721,16.181,40.909,75.903,20.213,28.248,217.188,398.111,5.797,133.849,127.948,67.903,0.13,0.15
2021-08-16 00:00:00+00:00,57.18,47.501,75.219,58.227,16.119,40.423,75.57,20.213,28.11,217.188,397.282,5.765,133.849,127.004,67.677,0.13,0.15
2021-08-17 00:00:00+00:00,56.95,47.424,75.219,57.451,16.075,39.86,75.284,20.25,27.973,217.541,395.623,5.959,133.356,125.917,67.452,0.13,0.15
2021-08-18 00:00:00+00:00,56.444,47.386,75.219,56.605,16.125,39.322,74.809,20.361,27.835,218.247,392.582,6.283,131.88,124.878,67.045,0.13,0.15
2021-08-19 00:00:00+00:00,55.385,47.347,75.219,55.794,16.237,38.759,74.333,20.583,27.652,219.66,389.879,5.603,129.912,123.981,66.594,0.13,0.15
2021-08-20 00:00:00+00:00,54.223,47.386,75.219,54.961,16.386,37.965,73.858,20.657,27.514,220.366,387.018,5.149,129.42,123.083,66.232,0.13,0.15
2021-08-21 00:00:00+00:00,53.559,47.424,75.219,54.125,16.473,37.3,73.382,20.73,27.377,220.719,384.377,5.894,130.404,121.997,65.871,0.13,0.15
2021-08-22 00:00:00+00:00,53.227,47.462,75.219,53.243,16.535,36.736,72.907,20.73,27.239,220.719,381.736,6.056,132.372,120.722,65.51,0.13,0.15
2021-08-23 00:00:00+00:00,52.439,47.501,75.219,52.475,16.641,36.02,72.384,20.841,27.102,221.425,378.654,5.376,133.849,119.636,65.148,0.13,0.15
2021-08-24 00:00:00+00:00,51.65,47.578,75.219,51.684,16.709,35.354,71.86,20.915,26.918,222.132,375.793,5.344,134.341,118.596,64.742,0.13,0.15
2021-08-25 00:00:00+00:00,51.276,47.654,75.219,50.78,16.74,34.816,71.337,21.1,26.735,223.191,372.932,6.607,133.849,117.321,64.245,0.13,0.15
2021-08-26 00:00:00+00:00,50.737,47.693,75.219,49.876,16.815,34.253,70.767,21.211,26.597,223.898,369.85,8.129,131.388,115.952,63.748,0.13,0.15
2021-08-27 00:00:00+00:00,49.741,47.731,75.219,49.153,16.914,33.741,70.196,21.285,26.414,224.604,366.549,7.967,130.404,114.912,63.206,0.13,0.15
2021-08-28 00:00:00+00:00,48.703,47.731,75.219,48.497,16.976,33.229,69.673,21.507,26.276,226.016,363.467,6.898,130.404,113.779,62.664,0.13,0.15
2021-08-29 00:00:00+00:00,47.791,47.77,75.219,47.865,17.032,32.564,69.197,21.396,26.139,225.31,361.707,6.769,133.356,112.645,62.213,0.13,0.15
2021-08-30 00:00:00+00:00,46.798,47.731,75.219,47.254,17.051,31.77,68.864,20.841,25.955,221.425,361.707,7.352,135.817,111.606,61.806,0.13,0.15
2021-08-31 00:00:00+00:00,45.784,47.731,75.219,46.78,16.995,30.951,68.579,20.213,25.772,217.188,362.147,7.708,136.801,110.426,61.4,0.13,0.15
2021-09-01 00:00:00+00:00,44.731,47.731,75.219,46.215,16.927,30.106,68.294,19.585,25.634,212.95,362.587,8.0,136.309,109.434,60.993,0.13,0.15
2021-09-02 00:00:00+00:00,43.678,47.693,74.846,45.921,16.883,29.236,67.961,19.215,25.451,210.478,362.367,7.708,134.341,108.489,60.632,0.13,0.15
2021-09-03 00:00:00+00:00,42.586,47.616,73.964,46.373,16.858,28.4,67.485,19.178,25.267,210.125,360.386,7.838,132.372,107.403,60.226,0.13,0.15
2021-09-04 00:00:00+00:00,41.611,47.616,72.879,47.164,16.796,27.937,67.011,19.252,25.13,210.831,357.305,7.676,129.912,106.411,59.819,0.13,0.15
2021-09-05 00:00:00+00:00,40.792,47.616,71.794,47.865,16.715,27.458,66.557,19.326,24.946,211.184,354.003,7.028,131.388,105.419,59.413,0.13,0.15
2021-09-06 00:00:00+00:00,39.973,47.578,70.709,48.452,16.666,26.918,66.104,19.326,24.809,211.184,350.702,6.672,131.88,104.38,59.051,0.13,0.15
2021-09-07 00:00:00+00:00,39.222,47.539,69.623,49.017,16.616,26.393,65.65,19.363,24.625,211.537,347.62,5.992,131.88,103.483,58.645,0.13,0.15
2021-09-08 00:00:00+00:00,38.45,47.539,68.538,49.65,16.529,25.791,65.197,19.326,24.488,211.184,344.539,6.769,132.372,102.538,58.238,0.13,0.15
2021-09-09 00:00:00+00:00,37.532,47.578,67.419,50.215,16.448,25.204,64.743,19.104,24.304,209.772,341.457,8.259,134.341,101.735,57.832,0.13,0.15
2021-09-10 00:00:00+00:00,36.797,47.693,66.266,50.69,16.392,24.602,64.365,18.883,24.167,208.359,338.596,8.647,136.801,101.168,57.471,0.13,0.15
2021-09-11 00:00:00+00:00,37.238,47.616,65.079,50.983,16.274,24.185,64.025,18.883,24.029,208.359,336.175,7.19,139.262,100.46,56.929,0.13,0.15
2021-09-12 00:00:00+00:00,37.679,47.616,63.892,51.029,16.199,23.8,63.647,18.883,23.892,208.359,333.534,5.927,140.246,99.704,56.432,0.13,0.15
2021-09-13 00:00:00+00:00,37.017,47.693,62.705,51.074,16.231,23.167,63.231,18.846,23.708,208.006,330.672,6.445,140.246,99.185,56.161,0.13,0.15
2021-09-14 00:00:00+00:00,36.245,47.693,61.484,51.232,16.255,22.518,62.777,18.698,23.571,206.946,327.811,7.222,139.754,98.665,55.89,0.13,0.15
2021-09-15 00:00:00+00:00,35.474,47.654,60.297,51.503,16.28,21.901,62.362,18.55,23.433,205.887,325.17,6.963,138.769,98.098,55.8,0.13,0.15
2021-09-16 00:00:00+00:00,34.702,47.654,59.11,51.752,16.255,21.329,61.946,18.476,23.25,205.534,322.309,6.283,137.293,97.484,55.664,0.13,0.15
2021-09-17 00:00:00+00:00,33.93,47.578,57.923,52.0,16.075,20.866,61.53,18.328,23.066,204.474,319.447,7.028,136.309,97.059,55.393,0.13,0.15
2021-09-18 00:00:00+00:00,33.122,47.539,56.737,52.249,15.739,20.681,61.114,18.107,22.883,203.062,317.026,8.0,134.833,96.729,54.851,0.13,0.15
2021-09-19 00:00:00+00:00,32.284,47.462,55.99,52.498,15.522,20.465,60.698,17.922,22.745,201.649,314.165,8.162,133.849,96.54,54.309,0.13,0.15
2021-09-20 00:00:00+00:00,31.492,47.462,55.855,52.746,15.516,19.971,60.283,17.7,22.562,200.236,311.084,7.87,131.388,96.398,54.038,0.13,0.15
2021-09-21 00:00:00+00:00,30.667,47.539,55.855,52.995,15.472,19.446,59.829,17.665,22.424,199.883,308.002,7.352,132.372,96.256,53.767,0.13,0.15
2021-09-22 00:00:00+00:00,30.502,47.616,55.855,53.424,15.261,19.369,59.489,17.665,22.287,199.883,305.361,6.866,133.849,96.115,53.18,0.13,0.15
2021-09-23 00:00:00+00:00,30.931,47.654,55.855,53.673,14.969,19.554,59.186,17.7,22.149,200.236,303.16,6.153,135.817,96.209,52.458,0.13,0.15
2021-09-24 00:00:00+00:00,31.162,47.654,55.855,53.582,14.826,19.508,58.846,17.737,22.011,200.59,301.179,6.639,133.849,96.304,51.87,0.13,0.15
2021-09-25 00:00:00+00:00,31.096,47.501,55.855,53.582,14.776,19.477,58.544,17.737,21.828,200.59,299.418,6.38,135.817,96.351,51.238,0.13,0.15
2021-09-26 00:00:00+00:00,30.964,47.693,50.157,53.582,14.77,20.65,58.544,17.737,21.736,200.59,298.098,5.473,137.293,96.445,51.329,0.13,0.15
2021-09-27 00:00:00+00:00,31.987,47.654,49.547,53.582,14.888,23.12,59.262,17.848,21.782,201.296,298.318,7.093,139.262,96.87,53.045,0.13,0.15
2021-09-28 00:00:00+00:00,33.232,47.462,49.445,53.605,14.962,25.004,59.942,17.7,21.828,200.236,300.959,8.194,142.214,97.248,54.49,0.13,0.15
2021-09-29 00:00:00+00:00,33.6,47.539,49.445,54.057,14.534,26.331,60.32,17.561,21.92,199.177,304.04,6.931,142.214,97.295,55.167,0.13,0.15
2021-09-30 00:00:00+00:00,35.143,47.578,49.004,55.164,13.676,28.292,60.925,17.665,21.966,199.883,307.122,5.409,140.246,97.343,56.387,0.13,0.15
2021-10-01 00:00:00+00:00,37.642,47.155,47.783,57.028,12.986,30.951,61.606,17.996,22.057,202.355,311.084,3.387,141.23,97.768,57.606,0.13,0.15
2021-10-02 00:00:00+00:00,40.441,46.733,46.156,58.579,12.737,34.33,62.929,18.587,22.424,206.24,316.366,2.935,142.214,98.618,59.864,0.13,0.15
2021-10-03 00:00:00+00:00,43.015,46.272,44.63,60.131,12.731,37.735,64.365,19.067,22.883,209.418,322.309,4.437,141.722,99.846,62.258,0.13,0.15
2021-10-04 00:00:00+00:00,44.848,45.35,43.375,61.929,12.718,39.271,65.045,19.511,23.204,212.597,327.371,6.38,149.595,101.027,63.026,0.13,0.15
2021-10-05 00:00:00+00:00,46.369,44.314,42.459,63.657,12.681,40.141,65.423,19.88,23.341,215.069,331.333,7.352,146.643,102.16,63.432,0.13,0.15
2021-10-06 00:00:00+00:00,47.305,43.43,42.052,65.385,12.638,40.423,65.612,20.139,23.433,216.835,334.414,6.737,139.262,103.294,63.568,0.13,0.15
2021-10-07 00:00:00+00:00,47.344,43.277,42.052,66.619,12.619,40.269,65.688,20.361,23.433,218.247,336.835,6.348,137.293,104.38,63.568,0.13,0.15
2021-10-08 00:00:00+00:00,47.305,43.507,42.052,66.619,12.619,40.064,65.726,20.509,23.387,219.307,339.256,6.218,136.309,105.419,63.522,0.13,0.15
2021-10-09 00:00:00+00:00,47.666,43.776,42.052,66.126,12.631,39.834,65.764,20.657,23.341,220.366,341.237,6.121,134.341,106.269,63.387,0.13,0.15
2021-10-10 00:00:00+00:00,48.039,44.083,42.052,65.738,12.644,39.578,65.801,20.841,23.295,221.425,343.218,6.089,131.388,106.93,63.342,0.13,0.15
2021-10-11 00:00:00+00:00,48.372,44.275,42.052,65.526,12.656,39.322,65.764,20.915,23.25,222.132,344.979,6.218,127.944,107.356,63.206,0.13,0.15
2021-10-12 00:00:00+00:00,48.662,44.352,42.052,65.385,12.662,38.861,65.688,21.026,23.158,222.838,346.52,6.38,124.499,107.733,63.026,0.13,0.15
2021-10-13 00:00:00+00:00,49.118,44.659,42.052,65.456,12.675,38.656,65.65,21.137,23.066,223.544,347.84,6.218,123.515,107.97,62.664,0.13,0.15
2021-10-14 00:00:00+00:00,49.699,45.197,42.052,65.632,12.687,38.861,65.612,21.248,23.02,224.251,349.601,5.538,122.038,108.253,62.168,0.13,0.15
2021-10-15 00:00:00+00:00,50.032,45.504,42.052,65.949,12.694,39.194,65.575,21.285,22.929,224.604,351.362,4.534,121.546,108.631,61.49,0.13,0.15
2021-10-16 00:00:00+00:00,49.616,45.581,42.052,66.549,12.706,39.168,65.461,21.396,22.837,225.31,352.903,3.411,124.007,109.103,60.948,0.13,0.15
2021-10-17 00:00:00+00:00,49.036,45.619,42.052,66.866,12.781,38.733,65.348,21.543,22.745,226.37,353.783,2.626,125.975,109.67,60.632,0.13,0.15
2021-10-18 00:00:00+00:00,49.118,45.658,42.052,66.866,12.818,38.247,65.272,21.765,22.653,227.782,354.663,1.983,128.436,110.0,60.316,0.13,0.15
2021-10-19 00:00:00+00:00,50.114,46.31,42.052,67.184,12.805,38.503,65.348,21.876,22.608,228.488,356.424,1.483,130.404,110.473,60.045,0.13,0.15
2021-10-20 00:00:00+00:00,51.318,47.117,42.052,67.607,12.905,39.245,65.499,22.024,22.608,229.548,359.065,1.531,132.372,111.04,60.0,0.13,0.15
2021-10-21 00:00:00+00:00,51.65,47.347,42.052,68.065,13.004,39.706,65.575,22.172,22.608,230.607,361.486,1.912,134.833,111.512,60.135,0.13,0.15
2021-10-22 00:00:00+00:00,51.65,47.078,42.052,68.806,12.967,39.783,65.537,22.283,22.608,231.314,363.247,2.102,134.833,112.126,60.18,0.13,0.15
2021-10-23 00:00:00+00:00,51.982,46.387,42.052,69.758,12.905,39.757,65.499,22.43,22.516,232.373,364.568,2.173,133.356,112.882,59.774,0.13,0.15
2021-10-24 00:00:00+00:00,52.853,45.811,42.052,70.675,12.886,39.808,65.575,22.541,22.516,233.079,366.549,2.221,131.88,113.779,59.322,0.13,0.15
2021-10-25 00:00:00+00:00,53.808,45.312,42.052,71.592,12.899,39.68,65.65,22.652,22.47,233.786,368.53,2.292,130.404,114.865,59.006,0.13,0.15
2021-10-26 00:00:00+00:00,55.385,44.89,42.052,72.438,12.979,39.911,65.839,22.8,22.47,234.845,371.171,2.411,128.436,116.093,58.645,0.13,0.15
2021-10-27 00:00:00+00:00,58.376,44.928,56.838,73.284,13.172,40.525,66.331,23.059,22.516,236.611,375.133,2.649,126.959,117.557,58.238,0.13,0.15
2021-10-28 00:00:00+00:00,61.274,44.582,57.517,74.025,13.371,41.14,66.973,23.317,22.608,238.377,379.755,2.84,124.499,118.833,57.787,0.13,0.15
2021-10-29 00:00:00+00:00,63.62,43.814,58.195,74.765,13.471,42.036,67.723,23.65,22.745,240.496,384.597,2.911,123.515,119.919,57.561,0.13,0.15
2021-10-30 00:00:00+00:00,66.045,43.046,58.873,75.435,13.514,43.93,69.102,24.13,22.929,243.674,389.439,3.125,121.546,121.052,58.238,0.13,0.15
2021-10-31 00:00:00+00:00,68.42,42.278,59.551,76.211,13.669,46.669,70.719,24.648,23.387,247.205,395.623,3.919,121.546,122.28,59.955,0.13,0.15
2021-11-01 00:00:00+00:00,70.225,41.395,60.263,77.41,13.899,49.127,72.003,25.054,23.983,250.031,401.705,5.311,126.467,123.65,61.942,0.13,0.15
2021-11-02 00:00:00+00:00,71.555,40.243,60.942,78.679,13.949,50.407,72.812,25.091,24.396,250.384,406.404,7.028,139.262,124.925,63.206,0.13,0.15
2021-11-03 00:00:00+00:00,72.648,38.938,61.62,79.737,13.769,50.765,73.192,24.907,24.534,248.971,409.445,7.546,149.595,125.917,63.658,0.13,0.15
2021-11-04 00:00:00+00:00,73.407,37.862,62.298,80.689,13.526,50.74,73.382,24.907,24.534,248.971,411.933,6.153,150.58,126.767,63.748,0.13,0.15
2021-11-05 00:00:00+00:00,73.597,37.133,62.977,81.571,13.352,50.586,73.572,24.943,24.488,249.324,413.868,4.307,146.643,127.665,63.703,0.13,0.15
2021-11-06 00:00:00+00:00,73.74,36.518,63.689,82.241,13.259,50.56,73.668,24.943,24.488,249.324,415.527,3.006,142.706,128.468,63.568,0.13,0.15
2021-11-07 00:00:00+00:00,73.835,35.866,64.367,82.911,13.197,50.407,73.763,24.648,24.442,247.205,417.186,4.923,141.23,129.223,63.387,0.13,0.15
2021-11-08 00:00:00+00:00,73.74,35.29,65.045,83.793,13.129,50.151,73.858,24.204,24.488,244.38,418.568,6.413,140.246,130.074,63.387,0.13,0.15
2021-11-09 00:00:00+00:00,73.74,34.79,65.723,84.709,13.104,50.125,73.953,24.057,24.579,243.321,419.95,5.052,139.754,130.971,63.432,0.13,0.15
2021-11-10 00:00:00+00:00,73.693,34.33,66.402,85.626,13.122,50.1,74.048,24.13,24.671,243.674,421.332,3.886,139.262,131.868,63.477,0.13,0.15
2021-11-11 00:00:00+00:00,73.597,33.754,67.114,86.261,13.228,49.818,74.048,24.02,24.717,242.968,422.162,3.562,138.277,132.766,63.477,0.13,0.15
2021-11-12 00:00:00+00:00,73.455,33.101,67.792,85.803,13.719,49.511,73.905,23.872,24.671,241.908,421.332,5.797,136.801,133.569,63.387,0.13,0.15
2021-11-13 00:00:00+00:00,73.265,32.448,68.47,84.251,14.515,49.152,73.715,23.798,24.625,241.555,419.397,7.449,136.801,134.23,63.251,0.13,0.15
2021-11-14 00:00:00+00:00,73.028,31.757,65.723,82.982,14.938,48.717,73.382,23.872,24.579,241.908,416.633,7.676,136.309,134.702,63.026,0.13,0.15
2021-11-15 00:00:00+00:00,72.79,31.104,58.636,82.523,14.894,48.282,73.144,24.02,24.488,242.968,414.421,8.0,136.309,135.174,62.8,0.13,0.15
2021-11-16 00:00:00+00:00,72.695,30.566,52.497,83.123,14.403,47.949,73.002,24.02,24.534,242.968,414.145,7.579,134.833,135.647,62.574,0.13,0.15
2021-11-17 00:00:00+00:00,72.553,30.029,61.552,84.498,13.713,47.796,73.049,23.687,24.534,240.849,415.251,7.708,134.341,136.166,62.529,0.13,0.15
2021-11-18 00:00:00+00:00,72.932,29.875,74.1,85.732,13.334,48.128,73.144,23.539,24.579,239.789,416.633,6.51,132.372,137.064,62.484,0.13,0.15
2021-11-19 00:00:00+00:00,73.455,29.875,75.558,86.896,13.272,48.717,73.287,23.502,24.671,239.436,419.121,4.566,131.88,138.15,62.168,0.13,0.15
2021-11-20 00:00:00+00:00,73.455,29.453,75.49,88.024,13.296,49.127,73.287,23.391,24.671,238.73,420.503,4.178,130.896,138.953,61.535,0.13,0.15
2021-11-21 00:00:00+00:00,73.312,28.877,75.287,87.742,13.825,49.434,73.144,23.317,24.671,238.377,419.95,4.534,133.356,139.614,60.677,0.13,0.15
2021-11-22 00:00:00+00:00,73.075,28.224,75.457,86.79,14.391,49.536,72.954,23.391,24.579,238.73,418.292,4.566,135.817,140.134,59.955,0.13,0.15
2021-11-23 00:00:00+00:00,72.837,27.571,75.728,86.649,14.391,49.383,72.812,23.428,24.534,239.083,417.739,3.149,135.325,140.559,59.593,0.13,0.15
2021-11-24 00:00:00+00:00,72.648,26.88,75.728,86.296,14.515,48.973,72.621,23.539,24.442,239.789,416.909,2.864,132.864,140.937,59.367,0.13,0.15
2021-11-25 00:00:00+00:00,72.315,26.15,75.83,85.838,14.658,48.487,72.384,23.428,24.396,239.083,415.527,3.886,128.928,141.173,59.097,0.13,0.15
2021-11-26 00:00:00+00:00,71.983,25.382,75.728,84.674,15.093,47.949,72.051,23.391,24.258,238.73,413.316,5.182,125.975,141.362,58.78,0.13,0.15
2021-11-27 00:00:00+00:00,71.602,24.614,75.762,82.629,15.889,47.412,71.67,23.539,24.167,239.789,409.998,5.732,123.023,141.362,58.509,0.13,0.15
2021-11-28 00:00:00+00:00,71.175,23.846,75.897,80.76,16.479,46.874,71.29,23.761,24.029,241.202,406.681,6.348,124.007,141.267,58.148,0.13,0.15
2021-11-29 00:00:00+00:00,70.795,23.078,75.626,80.196,16.411,46.362,70.957,23.909,23.937,242.261,404.193,6.672,125.483,141.078,57.742,0.13,0.15
2021-11-30 00:00:00+00:00,70.51,22.234,75.592,81.359,15.553,45.876,70.624,24.02,23.846,242.968,401.705,5.279,125.483,140.889,57.38,0.13,0.15
2021-12-01 00:00:00+00:00,70.32,21.427,75.762,81.642,15.18,45.312,70.291,24.13,23.708,243.674,399.217,5.959,122.531,140.606,57.019,0.13,0.15
2021-12-02 00:00:00+00:00,70.083,20.544,75.863,80.337,15.659,44.698,69.911,24.13,23.616,243.674,396.176,7.579,118.594,140.37,56.793,0.13,0.15
2021-12-03 00:00:00+00:00,69.75,19.738,75.999,78.821,16.15,44.109,69.483,24.204,23.479,244.38,392.859,7.093,116.133,140.086,56.567,0.13,0.15
2021-12-04 00:00:00+00:00,69.56,18.893,76.033,77.833,16.286,43.648,69.102,24.537,23.387,246.499,390.54,5.635,113.673,139.709,56.071,0.13,0.15
2021-12-05 00:00:00+00:00,69.227,18.048,75.897,76.775,16.461,43.188,68.722,24.833,23.25,248.618,388.119,4.566,115.149,139.331,55.574,0.13,0.15
2021-12-06 00:00:00+00:00,68.657,17.203,75.694,75.329,16.877,42.599,68.294,25.091,23.112,250.384,385.257,5.247,116.625,138.953,55.167,0.13,0.15
2021-12-07 00:00:00+00:00,68.23,16.358,75.83,74.483,16.914,42.061,67.913,25.202,23.02,251.09,383.496,5.085,116.625,138.481,54.761,0.13,0.15
2021-12-08 00:00:00+00:00,67.945,15.514,75.965,73.954,16.778,41.498,67.58,25.35,22.883,252.15,381.516,4.275,114.165,137.961,54.354,0.13,0.15
2021-12-09 00:00:00+00:00,67.47,14.669,63.689,73.284,16.846,40.832,67.2,25.535,22.791,253.209,379.315,5.02,114.165,137.442,54.038,0.13,0.15
2021-12-10 00:00:00+00:00,66.852,13.824,51.141,73.319,16.914,40.167,66.898,25.572,22.653,253.562,376.673,7.19,113.673,136.922,53.677,0.13,0.15
2021-12-11 00:00:00+00:00,66.235,13.018,50.327,74.166,16.722,39.578,66.595,25.461,22.516,252.856,374.692,8.518,113.673,136.497,53.271,0.13,0.15
2021-12-12 00:00:00+00:00,65.617,12.25,49.581,75.506,16.318,39.015,66.368,25.424,22.378,252.503,373.372,7.935,115.149,136.166,52.864,0.13,0.15
2021-12-13 00:00:00+00:00,65.0,11.52,48.835,76.74,16.001,38.298,66.104,25.35,22.287,252.15,371.831,7.481,115.149,135.93,52.548,0.13,0.15
2021-12-14 00:00:00+00:00,65.047,11.29,48.089,77.727,15.814,37.863,65.877,25.35,22.149,252.15,370.511,6.866,116.133,135.836,52.322,0.13,0.15
2021-12-15 00:00:00+00:00,65.237,11.251,47.343,78.256,15.882,37.581,65.612,25.461,22.057,252.856,369.19,6.575,117.61,135.883,52.141,0.13,0.15
2021-12-16 00:00:00+00:00,64.724,10.944,46.461,78.574,16.137,37.12,65.272,25.609,21.92,253.915,366.989,6.866,117.61,135.93,51.961,0.13,0.15
2021-12-17 00:00:00+00:00,64.218,10.56,45.342,79.385,16.125,36.711,64.97,25.535,21.828,253.209,364.788,6.186,118.102,135.93,51.735,0.13,0.15
2021-12-18 00:00:00+00:00,64.034,10.138,43.985,80.548,15.684,36.557,64.743,25.35,21.69,252.15,363.908,4.728,120.562,135.741,51.329,0.13,0.15
2021-12-19 00:00:00+00:00,63.62,9.638,42.527,81.113,15.534,36.25,64.441,25.276,21.599,251.443,362.587,4.923,123.023,135.741,50.877,0.13,0.15
2021-12-20 00:00:00+00:00,62.838,9.062,41.17,80.548,15.988,35.584,64.063,25.054,21.461,250.031,359.726,6.089,125.975,135.883,50.606,0.13,0.15
2021-12-21 00:00:00+00:00,61.964,8.486,39.916,79.667,16.485,34.842,63.647,24.907,21.278,248.971,356.644,6.801,128.436,135.93,50.29,0.13,0.15
2021-12-22 00:00:00+00:00,61.136,7.872,38.864,78.821,16.852,34.176,63.231,24.685,21.14,247.559,353.563,7.287,127.944,135.93,49.974,0.13,0.15
2021-12-23 00:00:00+00:00,60.492,7.334,37.949,78.009,17.113,33.613,62.853,24.574,21.003,246.852,350.702,6.607,126.467,135.694,49.522,0.13,0.15
2021-12-24 00:00:00+00:00,59.756,6.874,37.101,77.481,17.194,33.101,62.475,24.537,20.865,246.499,348.28,6.056,125.483,135.411,48.98,0.13,0.15
2021-12-25 00:00:00+00:00,58.744,6.528,36.287,77.375,17.132,32.564,62.097,24.389,20.682,245.44,345.859,5.668,125.483,135.222,48.438,0.13,0.15
2021-12-26 00:00:00+00:00,57.686,6.221,35.507,77.093,17.138,32.154,61.757,24.204,20.498,244.38,343.658,4.955,128.928,134.986,47.806,0.13,0.15
2021-12-27 00:00:00+00:00,56.628,5.875,34.727,77.269,16.933,32.026,61.492,23.909,20.361,242.261,342.338,4.793,132.864,134.749,46.993,0.13,0.15
2021-12-28 00:00:00+00:00,55.634,5.53,33.947,77.375,16.771,31.847,61.19,23.502,20.223,239.436,340.797,6.315,134.833,134.56,46.225,0.13,0.15
2021-12-29 00:00:00+00:00,54.97,5.299,33.269,77.551,16.548,31.719,60.963,22.985,20.085,235.905,339.697,7.158,133.356,134.324,45.548,0.13,0.15
2021-12-30 00:00:00+00:00,54.555,5.184,32.658,78.503,15.945,31.847,60.85,22.357,19.994,231.667,339.917,6.801,132.372,134.088,44.69,0.13,0.15
2021-12-31 00:00:00+00:00,54.347,5.069,32.014,79.773,15.149,32.0,60.698,21.876,19.856,228.488,340.357,6.186,131.88,133.805,43.877,0.13,0.15
2022-01-01 00:00:00+00:00,54.182,4.954,31.37,81.536,14.161,32.128,60.585,21.507,19.719,226.016,341.017,5.668,132.372,133.663,43.109,0.13,0.15
2022-01-02 00:00:00+00:00,53.559,4.838,30.793,82.558,13.844,32.256,60.472,21.1,19.627,223.191,341.237,6.737,132.864,133.899,42.296,0.13,0.15
2022-01-03 00:00:00+00:00,52.688,4.723,30.25,82.453,14.21,32.154,60.207,20.62,19.489,220.013,340.357,7.643,132.372,134.324,41.619,0.13,0.15
2022-01-04 00:00:00+00:00,52.065,4.531,29.572,82.1,14.502,32.026,59.98,20.139,19.352,216.835,339.256,7.255,132.864,134.466,40.896,0.13,0.15
2022-01-05 00:00:00+00:00,51.276,4.262,28.86,81.218,14.931,31.744,59.678,19.733,19.214,214.009,337.496,7.514,132.864,134.608,40.218,0.13,0.15
2022-01-06 00:00:00+00:00,50.197,4.032,28.114,80.478,15.329,31.156,59.338,19.511,19.077,212.597,335.295,8.453,130.896,134.797,39.812,0.13,0.15
2022-01-07 00:00:00+00:00,49.16,3.686,27.164,80.055,15.516,30.541,58.997,19.215,18.939,210.478,333.094,7.417,130.896,134.891,39.451,0.13,0.15
2022-01-08 00:00:00+00:00,48.122,3.302,26.079,79.914,15.497,29.978,58.695,18.993,18.801,209.065,331.333,6.153,130.896,134.938,39.044,0.13,0.15
2022-01-09 00:00:00+00:00,47.071,2.765,25.028,79.455,15.609,29.338,58.355,18.846,18.664,208.006,329.132,7.222,130.404,134.938,38.683,0.13,0.15
2022-01-10 00:00:00+00:00,45.94,2.381,24.078,78.362,16.038,28.539,57.977,18.587,18.48,206.24,326.27,8.226,129.912,134.938,38.412,0.13,0.15
2022-01-11 00:00:00+00:00,44.926,2.112,23.197,77.833,16.15,28.122,57.637,18.18,18.343,203.415,323.849,6.963,128.928,134.844,38.141,0.13,0.15
2022-01-12 00:00:00+00:00,44.107,1.92,22.383,78.292,15.814,28.03,57.448,17.848,18.251,201.296,323.189,5.182,128.928,134.749,37.87,0.13,0.15
2022-01-13 00:00:00+00:00,43.483,1.997,21.569,78.962,15.441,28.199,57.334,17.7,18.159,200.236,323.409,4.502,128.928,134.844,37.753,0.13,0.15
2022-01-14 00:00:00+00:00,42.742,1.882,20.924,78.715,15.615,28.122,57.032,17.561,18.068,199.177,321.648,6.477,127.451,134.891,37.675,0.13,0.15
2022-01-15 00:00:00+00:00,41.923,1.843,20.314,79.455,15.298,28.045,56.805,17.111,17.976,195.999,320.548,6.38,127.944,134.938,37.362,0.13,0.15
2022-01-16 00:00:00+00:00,41.065,2.189,19.636,81.113,14.496,28.045,56.616,16.833,17.838,193.88,320.108,5.247,129.912,134.986,36.855,0.13,0.15
2022-01-17 00:00:00+00:00,40.012,2.15,18.991,80.972,14.614,27.752,56.276,16.729,17.655,193.173,318.127,7.255,128.928,135.08,36.504,0.13,0.15
2022-01-18 00:00:00+00:00,39.002,1.805,18.381,80.266,15.0,27.582,56.049,16.348,17.563,190.348,317.026,6.38,127.944,135.174,36.035,0.13,0.15
2022-01-19 00:00:00+00:00,38.009,1.805,17.77,80.866,14.627,27.675,55.86,16.001,17.426,187.876,317.026,4.243,129.912,135.174,35.254,0.13,0.15
2022-01-20 00:00:00+00:00,36.944,1.958,17.16,81.43,14.291,27.536,55.595,15.793,17.288,186.464,315.706,4.566,128.436,135.269,34.708,0.13,0.15
2022-01-21 00:00:00+00:00,35.878,1.843,16.55,81.042,14.484,27.196,55.293,15.447,17.151,183.992,313.725,5.7,128.928,135.363,34.356,0.13,0.15
2022-01-22 00:00:00+00:00,34.739,1.766,15.939,80.231,14.826,26.764,54.915,15.169,17.013,181.873,311.304,6.315,130.896,135.411,34.083,0.13,0.15
2022-01-23 00:00:00+00:00,33.636,1.766,15.329,79.314,15.192,26.301,54.575,14.961,16.83,180.46,309.103,5.992,131.88,135.363,33.849,0.13,0.15
2022-01-24 00:00:00+00:00,32.423,1.766,15.464,78.221,15.516,25.884,54.235,14.823,16.646,179.401,306.902,6.575,131.88,135.269,33.497,0.13,0.15
2022-01-25 00:00:00+00:00,31.327,1.651,16.957,77.904,15.279,25.714,53.97,14.372,16.509,176.222,305.801,7.222,130.896,135.127,32.912,0.13,0.15
2022-01-26 00:00:00+00:00,30.304,1.536,18.517,79.138,14.179,25.807,53.857,13.679,16.371,171.278,306.241,6.834,129.912,134.986,32.131,0.13,0.15
2022-01-27 00:00:00+00:00,29.281,1.498,19.161,79.914,13.464,25.714,53.668,13.332,16.233,168.806,305.801,6.996,127.451,134.938,31.545,0.13,0.15
2022-01-28 00:00:00+00:00,28.654,1.651,19.398,80.584,12.955,25.683,53.554,13.193,16.188,167.747,305.581,6.153,123.023,134.938,31.389,0.13,0.15
2022-01-29 00:00:00+00:00,28.291,1.728,19.636,81.571,12.476,25.745,53.479,13.055,16.188,166.687,306.021,4.955,124.007,135.033,31.389,0.13,0.15
2022-01-30 00:00:00+00:00,27.631,1.574,19.771,81.042,12.992,25.575,53.214,12.951,16.096,165.981,304.921,6.056,119.578,135.08,31.155,0.13,0.15
2022-01-31 00:00:00+00:00,26.707,1.498,19.873,79.737,13.763,25.359,52.912,12.673,16.05,163.862,303.16,6.218,120.07,135.127,30.764,0.13,0.15
2022-02-01 00:00:00+00:00,25.72,1.459,19.941,78.785,14.117,25.112,52.609,12.431,15.958,162.096,301.619,5.7,121.054,135.08,30.335,0.13,0.15
2022-02-02 00:00:00+00:00,24.82,1.459,19.975,77.41,14.577,24.695,52.193,12.327,15.867,161.39,298.978,7.481,121.054,134.938,30.023,0.13,0.15
2022-02-03 00:00:00+00:00,24.46,1.651,20.11,77.057,14.26,24.494,51.891,11.945,15.729,158.565,297.217,8.324,122.038,134.513,29.554,0.13,0.15
2022-02-04 00:00:00+00:00,24.67,1.651,20.246,78.292,13.035,24.587,51.815,11.599,15.683,156.093,297.657,6.963,123.023,133.899,28.851,0.13,0.15
2022-02-05 00:00:00+00:00,24.85,1.613,20.416,79.314,12.146,24.695,51.74,11.529,15.591,155.739,298.318,5.376,122.531,133.38,28.149,0.13,0.15
2022-02-06 00:00:00+00:00,25.0,1.728,20.551,79.949,11.798,24.772,51.664,11.425,15.454,155.033,298.758,5.927,120.562,132.86,27.446,0.13,0.15
2022-02-07 00:00:00+00:00,25.15,1.728,20.687,80.513,11.637,24.865,51.589,11.148,15.316,152.914,298.758,7.19,119.578,132.482,26.665,0.13,0.15
2022-02-08 00:00:00+00:00,25.39,1.651,20.89,80.407,11.861,24.988,51.551,11.009,15.27,151.855,299.418,6.251,117.61,132.199,25.923,0.13,0.15
2022-02-09 00:00:00+00:00,25.6,1.882,21.128,79.032,12.582,24.849,51.4,10.94,15.225,151.502,298.758,6.51,116.625,131.868,25.377,0.13,0.15
2022-02-10 00:00:00+00:00,25.816,1.882,21.263,77.022,13.309,24.402,51.097,10.94,15.087,151.502,296.557,7.935,116.625,131.349,25.064,0.13,0.15
2022-02-11 00:00:00+00:00,26.047,1.651,21.433,76.07,13.296,24.155,50.87,10.836,14.995,150.795,295.677,7.255,117.61,130.782,24.596,0.13,0.15
2022-02-12 00:00:00+00:00,26.278,1.69,21.569,76.811,12.426,24.216,50.87,10.767,14.904,150.089,296.337,5.538,118.102,130.262,23.854,0.13,0.15
2022-02-13 00:00:00+00:00,26.509,1.728,21.738,77.798,11.736,24.371,50.908,10.593,14.766,149.03,297.217,4.761,120.562,129.79,23.151,0.13,0.15
2022-02-14 00:00:00+00:00,26.443,1.69,21.874,78.785,11.413,24.448,50.984,10.281,14.674,146.558,298.098,5.311,120.562,129.554,22.488,0.13,0.15
2022-02-15 00:00:00+00:00,25.72,1.613,21.976,79.843,11.282,24.417,51.022,9.727,14.491,142.673,298.758,5.635,122.038,129.743,21.824,0.13,0.15
2022-02-16 00:00:00+00:00,24.82,1.536,22.043,80.901,11.208,24.448,51.059,9.276,14.307,139.495,299.418,4.923,121.054,130.168,21.121,0.13,0.15
2022-02-17 00:00:00+00:00,23.89,1.613,22.077,81.536,11.251,24.309,51.135,8.86,14.124,136.316,299.859,5.992,120.07,130.593,20.575,0.13,0.15
2022-02-18 00:00:00+00:00,22.9,1.728,22.145,82.135,11.195,24.155,51.211,8.375,13.941,132.785,300.299,7.028,118.102,131.018,20.028,0.13,0.15
2022-02-19 00:00:00+00:00,21.97,1.766,22.213,83.017,11.052,24.247,51.286,8.097,13.757,131.019,300.959,4.955,117.61,131.538,19.286,0.13,0.15
2022-02-20 00:00:00+00:00,21.04,1.882,22.281,83.828,11.021,24.324,51.362,7.924,13.574,129.606,301.399,3.53,117.61,132.057,18.584,0.13,0.15
2022-02-21 00:00:00+00:00,20.05,1.92,22.315,83.581,11.463,24.185,51.362,7.543,13.39,126.781,301.179,5.279,118.102,132.577,17.998,0.13,0.15
2022-02-22 00:00:00+00:00,19.064,1.997,22.417,83.334,11.637,23.985,51.362,7.133,13.299,123.956,301.399,5.927,117.61,133.191,17.49,0.13,0.15
2022-02-23 00:00:00+00:00,18.213,1.92,22.552,83.581,11.45,23.8,51.475,6.865,13.207,121.837,302.06,5.052,116.625,133.71,17.022,0.13,0.15
2022-02-24 00:00:00+00:00,17.334,1.805,22.62,83.511,11.525,23.522,51.513,6.663,13.069,120.424,302.06,4.016,116.133,134.183,16.671,0.13,0.15
2022-02-25 00:00:00+00:00,16.346,1.805,22.688,82.453,12.078,23.043,51.286,6.563,12.886,119.718,300.299,4.923,118.102,134.513,16.436,0.13,0.15
2022-02-26 00:00:00+00:00,15.331,1.69,22.756,80.443,12.979,22.425,50.87,6.529,12.702,119.365,297.437,6.672,119.578,134.702,16.241,0.13,0.15
2022-02-27 00:00:00+00:00,14.26,1.613,22.79,78.75,13.52,21.793,50.492,6.563,12.473,119.718,294.796,5.992,121.054,134.655,16.085,0.13,0.15
2022-02-28 00:00:00+00:00,13.324,1.69,22.823,77.198,13.937,21.144,50.077,6.731,12.29,120.778,292.155,4.858,123.023,134.513,15.929,0.13,0.15
2022-03-01 00:00:00+00:00,12.365,1.728,22.891,75.647,14.291,20.48,49.661,6.731,12.06,120.778,289.294,4.437,124.991,134.23,15.734,0.13,0.15
2022-03-02 00:00:00+00:00,11.358,1.574,22.925,74.131,14.577,19.77,49.245,6.663,11.831,120.424,286.212,4.437,126.467,133.852,15.538,0.13,0.15
2022-03-03 00:00:00+00:00,10.212,1.459,22.925,72.72,14.807,19.044,48.791,6.529,11.602,119.365,283.131,4.534,127.944,133.474,15.343,0.13,0.15
2022-03-04 00:00:00+00:00,9.076,1.421,22.959,71.309,15.006,18.257,48.338,6.295,11.373,117.599,279.829,5.603,128.436,133.002,15.109,0.13,0.15
2022-03-05 00:00:00+00:00,7.97,1.421,22.959,70.005,15.143,17.516,47.846,6.161,11.143,116.54,276.528,5.441,127.451,132.53,14.875,0.13,0.15
2022-03-06 00:00:00+00:00,6.825,1.459,22.993,68.735,15.248,16.821,47.393,6.094,10.914,116.187,273.446,4.178,129.912,131.916,14.68,0.13,0.15
2022-03-07 00:00:00+00:00,5.636,1.498,22.993,67.36,15.36,16.049,46.939,5.994,10.685,115.48,270.365,4.987,132.864,131.254,14.484,0.13,0.15
2022-03-08 00:00:00+00:00,4.772,1.574,23.027,65.844,15.466,15.247,46.41,5.759,10.455,113.715,266.844,6.931,132.864,130.451,14.25,0.13,0.15
2022-03-09 00:00:00+00:00,4.468,1.574,23.027,63.939,15.547,14.459,45.881,5.525,10.18,111.949,263.102,7.546,130.896,129.412,14.016,0.13,0.15
2022-03-10 00:00:00+00:00,4.532,1.613,23.027,63.728,14.714,13.888,45.465,5.357,9.951,110.536,260.461,5.538,128.436,128.232,13.664,0.13,0.15
2022-03-11 00:00:00+00:00,4.58,1.574,23.061,64.962,13.315,13.687,45.2,5.056,9.722,108.417,259.14,3.951,125.483,127.098,13.157,0.13,0.15
2022-03-12 00:00:00+00:00,4.612,1.536,23.061,65.35,12.557,13.703,44.936,4.687,9.447,105.592,257.599,4.145,122.531,126.012,12.532,0.13,0.15
2022-03-13 00:00:00+00:00,4.644,1.536,23.061,64.186,12.756,13.641,44.52,4.452,9.217,103.826,254.738,3.411,124.007,124.973,11.908,0.13,0.15
2022-03-14 00:00:00+00:00,4.676,1.574,23.061,61.824,13.489,13.116,43.991,4.319,8.942,102.767,251.216,4.016,126.467,123.839,11.556,0.13,0.15
2022-03-15 00:00:00+00:00,4.708,1.536,23.095,59.602,13.968,12.252,43.462,4.017,8.667,100.648,247.695,6.121,126.959,122.706,11.478,0.13,0.15
2022-03-16 00:00:00+00:00,4.74,1.536,23.129,57.733,14.179,11.418,42.97,3.783,8.438,98.882,244.173,6.121,124.007,121.525,11.517,0.13,0.15
2022-03-17 00:00:00+00:00,4.596,1.536,23.129,56.005,14.347,10.553,42.592,3.414,8.208,96.057,241.972,6.348,121.546,120.344,11.556,0.13,0.15
2022-03-18 00:00:00+00:00,4.452,1.498,23.163,54.532,14.534,9.673,42.403,2.744,7.979,91.113,241.752,6.801,119.578,119.116,11.595,0.13,0.15
2022-03-19 00:00:00+00:00,4.484,1.459,23.163,53.379,14.589,8.871,42.252,2.175,7.704,86.875,241.972,4.728,119.086,117.794,11.595,0.13,0.15
2022-03-20 00:00:00+00:00,4.5,1.459,23.197,52.204,14.652,8.309,42.176,1.739,7.475,83.697,242.192,3.951,121.546,116.424,11.673,0.13,0.15
2022-03-21 00:00:00+00:00,4.516,1.613,23.197,50.916,14.782,7.884,42.063,1.169,7.2,79.459,242.412,5.149,124.007,115.007,11.986,0.13,0.15
2022-03-22 00:00:00+00:00,4.532,1.843,23.197,49.582,14.913,7.452,41.912,0.633,6.879,75.221,241.972,4.599,124.991,113.543,12.415,0.13,0.15
2022-03-23 00:00:00+00:00,4.532,2.074,23.23,48.294,15.006,7.041,41.534,0.59,6.558,73.808,239.551,4.437,123.515,112.079,12.688,0.13,0.15
2022-03-24 00:00:00+00:00,4.548,2.074,23.23,47.096,15.049,6.694,41.042,0.582,6.237,72.749,235.809,5.765,122.038,110.567,12.962,0.13,0.15
2022-03-25 00:00:00+00:00,4.628,1.882,23.264,45.989,15.056,6.474,40.551,0.578,5.961,72.396,232.068,5.797,120.07,109.056,13.274,0.13,0.15
2022-03-26 00:00:00+00:00,4.724,1.843,23.264,44.972,15.006,6.34,40.097,0.578,5.686,72.396,228.546,5.506,120.07,107.45,13.547,0.13,0.15
2022-03-27 00:00:00+00:00,4.788,1.958,23.264,43.977,14.981,6.141,39.644,0.582,5.411,72.749,225.245,4.631,122.531,105.891,13.86,0.13,0.15
2022-03-28 00:00:00+00:00,4.82,2.074,23.298,42.825,15.062,5.865,39.115,0.59,5.136,73.808,221.503,4.275,123.515,104.333,14.133,0.13,0.15
2022-03-29 00:00:00+00:00,4.868,2.112,23.298,41.604,15.18,5.511,38.548,0.592,4.907,74.162,217.541,5.603,125.483,102.68,14.328,0.13,0.15
2022-03-30 00:00:00+00:00,4.756,2.112,23.298,40.565,15.217,5.157,38.018,0.584,4.632,73.102,213.579,6.348,125.483,101.074,14.406,0.13,0.15
2022-03-31 00:00:00+00:00,4.628,2.074,23.332,39.638,15.155,4.817,37.489,0.572,4.402,71.69,209.838,5.927,124.499,99.421,14.367,0.13,0.15
2022-04-01 00:00:00+00:00,4.676,2.074,23.332,38.666,15.068,4.42,36.998,0.558,4.127,69.924,206.096,5.635,124.499,97.673,14.328,0.13,0.15
2022-04-02 00:00:00+00:00,4.708,1.997,23.332,37.74,14.975,3.931,36.469,0.542,3.852,67.805,202.354,5.635,124.499,95.926,14.328,0.13,0.15
2022-04-03 00:00:00+00:00,4.756,1.958,23.366,37.13,14.676,3.655,35.939,0.524,3.577,65.686,199.053,5.052,126.959,94.178,14.094,0.13,0.15
2022-04-04 00:00:00+00:00,4.788,1.92,23.366,36.519,14.397,3.705,35.448,0.51,3.256,63.92,195.751,5.635,129.42,92.431,13.508,0.13,0.15
2022-04-05 00:00:00+00:00,4.82,1.882,23.4,35.638,14.322,3.79,34.919,0.492,2.935,61.448,192.01,6.542,128.928,90.683,12.962,0.13,0.15
2022-04-06 00:00:00+00:00,4.852,1.805,23.4,34.779,14.248,3.875,34.39,0.468,2.614,58.623,188.268,5.927,128.928,88.888,12.415,0.13,0.15
2022-04-07 00:00:00+00:00,4.884,1.728,23.4,33.853,14.216,3.754,33.86,0.446,2.293,55.798,184.746,6.348,127.944,87.094,11.986,0.13,0.15
2022-04-08 00:00:00+00:00,4.916,1.613,23.434,32.903,14.185,3.358,33.369,0.424,1.972,52.973,181.225,6.607,126.959,85.299,11.829,0.13,0.15
2022-04-09 00:00:00+00:00,4.932,1.498,23.434,31.977,14.129,2.897,32.802,0.412,1.788,51.56,177.483,5.57,126.467,83.41,11.751,0.13,0.15
2022-04-10 00:00:00+00:00,4.948,1.498,23.434,30.937,14.154,2.408,32.235,0.4,1.651,50.147,173.741,6.089,123.515,81.568,11.712,0.13,0.15
2022-04-11 00:00:00+00:00,4.948,1.574,23.468,29.83,14.204,1.856,31.668,0.378,1.697,47.322,170.156,7.158,123.515,79.631,11.751,0.13,0.15
2022-04-12 00:00:00+00:00,4.964,1.69,23.468,28.813,14.21,1.261,31.101,0.356,1.788,44.497,167.325,7.287,124.499,77.742,11.829,0.13,0.15
2022-04-13 00:00:00+00:00,4.98,1.805,23.502,27.705,14.26,0.907,30.534,0.332,1.834,41.672,164.494,7.579,124.499,75.805,11.829,0.13,0.15
2022-04-14 00:00:00+00:00,4.98,1.766,23.536,26.598,14.285,0.843,29.929,0.308,1.926,38.493,161.663,7.903,125.483,73.869,11.634,0.13,0.15
2022-04-15 00:00:00+00:00,4.996,1.69,23.536,25.468,13.993,0.985,29.438,0.28,1.972,34.962,159.618,7.903,126.959,72.499,11.439,0.13,0.15
2022-04-16 00:00:00+00:00,5.012,1.805,23.536,24.541,13.104,1.318,29.184,0.26,2.064,32.49,158.674,7.481,126.959,72.121,11.361,0.13,0.15
2022-04-17 00:00:00+00:00,5.028,1.997,23.536,23.728,12.122,1.679,28.995,0.256,2.109,32.137,158.203,6.963,123.515,72.121,11.517,0.13,0.15
2022-04-18 00:00:00+00:00,5.044,2.15,23.57,21.671,12.134,1.764,28.725,0.26,2.201,32.49,156.472,6.413,119.086,72.169,12.025,0.13,0.15
2022-04-19 00:00:00+00:00,5.06,2.342,23.57,18.417,12.849,1.7,28.374,0.254,2.201,31.784,153.641,5.7,115.149,72.169,12.806,0.13,0.15
2022-04-20 00:00:00+00:00,5.092,2.688,23.57,15.027,13.446,1.927,28.077,0.252,2.109,31.43,150.967,4.631,116.625,72.263,13.703,0.13,0.15
2022-04-21 00:00:00+00:00,5.156,3.149,23.603,11.772,13.868,2.529,27.888,0.254,1.972,31.784,149.237,4.275,118.102,72.405,14.758,0.13,0.15
2022-04-22 00:00:00+00:00,5.252,3.533,23.671,9.775,14.098,3.329,27.834,0.262,2.018,32.843,148.923,5.311,123.023,72.594,15.89,0.13,0.15
2022-04-23 00:00:00+00:00,5.364,3.917,23.739,9.195,14.005,3.974,27.834,0.282,2.201,35.315,149.08,6.51,124.499,72.783,16.983,0.13,0.15
2022-04-24 00:00:00+00:00,5.476,4.262,23.773,8.443,14.129,4.193,27.672,0.304,2.43,38.14,147.822,7.449,125.483,73.019,18.076,0.13,0.15
2022-04-25 00:00:00+00:00,5.572,4.646,23.841,7.372,14.658,4.144,27.402,0.328,2.751,40.965,145.305,6.866,126.959,73.208,19.208,0.13,0.15
2022-04-26 00:00:00+00:00,5.684,5.107,23.875,6.266,15.025,4.038,27.105,0.352,3.072,44.144,142.946,6.801,128.928,73.397,20.301,0.13,0.15
2022-04-27 00:00:00+00:00,5.816,5.568,23.943,5.094,15.335,3.868,26.835,0.372,3.302,46.616,140.429,7.773,128.928,73.586,21.356,0.13,0.15
2022-04-28 00:00:00+00:00,5.952,5.99,23.977,3.947,15.454,3.655,26.511,0.386,3.439,48.382,137.913,8.0,125.483,73.774,22.293,0.13,0.15
2022-04-29 00:00:00+00:00,6.049,6.336,24.044,2.872,15.447,3.428,26.187,0.398,3.577,49.794,135.396,7.125,124.991,74.011,23.19,0.13,0.15
2022-04-30 00:00:00+00:00,6.146,6.682,24.078,2.202,15.541,3.28,25.917,0.406,3.76,50.854,133.351,6.575,125.483,74.2,24.01,0.13,0.15
2022-05-01 00:00:00+00:00,5.836,7.027,23.943,1.74,15.255,3.195,25.647,0.418,3.898,52.266,131.307,7.028,129.42,74.436,24.908,0.13,0.15
2022-05-02 00:00:00+00:00,4.692,7.334,23.264,1.701,14.819,3.032,25.323,0.428,4.081,53.679,128.947,6.801,130.896,74.672,25.806,0.13,0.15
2022-05-03 00:00:00+00:00,3.108,7.334,22.315,2.082,14.173,2.77,24.999,0.428,4.219,53.679,126.431,6.801,132.864,74.908,26.626,0.13,0.15
2022-05-04 00:00:00+00:00,2.125,6.797,21.331,2.669,12.979,2.564,24.675,0.418,4.402,52.266,124.229,7.708,133.356,75.191,27.524,0.13,0.15
2022-05-05 00:00:00+00:00,1.8,6.259,20.687,3.302,11.885,2.713,24.459,0.404,4.632,50.501,122.341,7.967,133.356,75.569,28.5,0.13,0.15
2022-05-06 00:00:00+00:00,1.85,6.413,20.619,3.935,11.214,3.301,24.378,0.396,4.953,49.441,121.24,7.773,132.864,76.136,29.671,0.13,0.15
2022-05-07 00:00:00+00:00,2.037,7.142,20.924,4.248,10.835,3.896,24.324,0.398,5.365,49.794,120.769,7.676,134.341,76.656,30.647,0.13,0.15
2022-05-08 00:00:00+00:00,1.688,7.834,21.196,4.68,10.574,4.13,24.216,0.404,5.778,50.501,119.982,7.417,136.801,77.175,31.506,0.13,0.15
2022-05-09 00:00:00+00:00,1.675,8.794,21.535,5.094,10.549,4.335,24.216,0.41,6.282,51.207,119.982,7.287,137.785,77.931,32.717,0.13,0.15
2022-05-10 00:00:00+00:00,2.35,10.291,21.976,5.432,10.934,4.838,24.486,0.424,7.016,52.973,121.87,7.417,138.769,79.017,34.2,0.13,0.15
2022-05-11 00:00:00+00:00,3.188,11.789,22.383,5.757,11.413,5.398,24.783,0.448,7.887,56.151,124.072,7.384,135.325,80.056,35.528,0.13,0.15
2022-05-12 00:00:00+00:00,3.988,12.902,22.688,5.947,11.568,5.823,24.945,0.48,8.759,60.036,126.274,7.449,130.896,80.906,36.504,0.13,0.15
2022-05-13 00:00:00+00:00,4.596,13.824,22.959,6.106,11.488,6.177,25.053,0.506,9.584,63.214,128.476,7.546,127.944,81.662,37.284,0.13,0.15
2022-05-14 00:00:00+00:00,5.156,14.746,23.163,6.26,11.413,6.517,25.188,0.528,10.455,66.039,130.992,7.125,122.531,82.465,38.096,0.13,0.15
2022-05-15 00:00:00+00:00,5.719,15.629,23.434,6.414,11.394,6.708,25.377,0.548,11.281,68.511,132.722,6.153,123.023,83.41,39.27,0.13,0.15
2022-05-16 00:00:00+00:00,6.34,16.435,23.739,6.556,11.401,6.8,25.62,0.568,12.152,70.983,134.295,4.696,123.023,84.401,40.58,0.13,0.15
2022-05-17 00:00:00+00:00,6.961,17.28,23.332,6.763,11.382,6.949,25.944,0.586,12.932,73.455,136.34,4.016,127.451,85.44,41.664,0.13,0.15
2022-05-18 00:00:00+00:00,7.582,18.163,21.772,7.124,11.345,7.14,26.241,0.667,13.711,75.574,137.755,4.372,128.928,86.432,42.702,0.13,0.15
2022-05-19 00:00:00+00:00,8.067,19.046,20.144,7.568,11.388,7.324,26.565,0.767,14.445,76.281,138.856,5.344,130.896,87.471,43.786,0.13,0.15
2022-05-20 00:00:00+00:00,8.435,20.122,19.127,8.088,11.45,7.664,27.159,0.868,15.225,76.987,142.002,6.672,134.341,88.747,44.825,0.13,0.15
2022-05-21 00:00:00+00:00,8.649,21.35,18.483,8.751,11.456,8.054,27.888,1.102,15.958,78.753,146.563,6.51,135.817,90.164,45.819,0.13,0.15
2022-05-22 00:00:00+00:00,8.668,22.733,18.076,9.514,11.463,8.358,28.725,1.27,16.738,80.165,151.754,5.862,134.833,91.722,46.903,0.13,0.15
2022-05-23 00:00:00+00:00,8.998,24.806,18.042,10.846,11.674,9.797,30.496,1.571,17.609,82.284,159.775,6.251,136.309,93.942,48.664,0.13,0.15
2022-05-24 00:00:00+00:00,9.425,27.187,18.211,13.603,12.059,12.19,33.029,1.94,18.572,85.109,169.527,6.445,133.356,96.398,50.651,0.13,0.15
2022-05-25 00:00:00+00:00,10.025,29.069,18.177,15.637,12.196,14.367,34.919,2.375,19.443,88.288,181.005,6.866,131.88,98.476,52.006,0.13,0.15
2022-05-26 00:00:00+00:00,10.867,30.374,17.838,16.993,12.028,16.111,36.166,2.744,20.223,91.113,191.129,7.643,130.896,100.129,52.683,0.13,0.15
2022-05-27 00:00:00+00:00,11.288,31.258,17.16,18.394,11.711,17.238,36.96,3.079,20.865,93.585,198.833,7.611,132.372,101.31,52.909,0.13,0.15
2022-05-28 00:00:00+00:00,11.054,31.949,16.414,20.36,11.363,17.948,37.414,3.548,21.369,97.116,203.455,6.51,133.356,102.255,53.045,0.13,0.15
2022-05-29 00:00:00+00:00,10.329,32.448,15.634,21.92,11.562,18.118,37.565,4.117,21.645,101.354,204.775,5.441,135.817,103.01,53.496,0.13,0.15
2022-05-30 00:00:00+00:00,9.908,32.947,14.922,22.733,11.823,17.995,37.792,4.352,21.874,103.12,205.656,5.797,138.769,103.813,54.309,0.13,0.15
2022-05-31 00:00:00+00:00,10.282,33.754,14.617,22.44,12.227,18.026,38.434,4.486,22.057,104.179,207.416,6.639,141.23,104.994,55.213,0.13,0.15
2022-06-01 00:00:00+00:00,10.914,34.906,14.718,21.897,12.756,18.288,39.455,4.821,22.378,106.652,210.498,6.315,137.293,106.505,56.296,0.13,0.15
2022-06-02 00:00:00+00:00,11.312,36.25,14.888,23.027,12.569,18.767,40.513,5.491,22.653,111.596,214.46,5.992,137.293,108.064,57.38,0.13,0.15
2022-06-03 00:00:00+00:00,11.405,37.44,14.854,24.971,12.109,19.245,41.534,6.228,22.837,117.246,218.862,6.056,135.817,109.528,58.419,0.13,0.15
2022-06-04 00:00:00+00:00,11.265,38.4,14.549,27.073,11.693,19.585,42.479,6.764,22.974,121.131,224.364,6.413,134.341,110.803,59.322,0.13,0.15
2022-06-05 00:00:00+00:00,11.078,39.245,14.142,29.084,11.401,19.786,43.386,7.099,23.066,123.603,230.527,7.06,132.864,112.031,60.226,0.13,0.15
2022-06-06 00:00:00+00:00,10.961,40.243,13.904,30.915,11.32,20.017,44.331,7.543,23.204,126.781,235.369,6.963,131.88,113.259,61.129,0.13,0.15
2022-06-07 00:00:00+00:00,10.961,41.434,13.904,32.497,11.469,20.403,45.389,8.028,23.295,130.313,239.111,6.38,129.912,114.676,62.168,0.13,0.15
2022-06-08 00:00:00+00:00,11.007,42.624,13.87,33.92,11.68,20.835,46.41,8.548,23.341,134.197,243.293,5.797,130.404,116.14,63.116,0.13,0.15
2022-06-09 00:00:00+00:00,11.078,43.738,13.735,35.231,11.916,21.221,47.355,9.137,23.387,138.435,247.915,5.635,130.896,117.51,63.974,0.13,0.15
2022-06-10 00:00:00+00:00,11.265,45.005,13.701,36.271,12.271,21.808,48.338,9.727,23.479,142.673,253.638,6.283,131.88,118.927,64.561,0.13,0.15
2022-06-11 00:00:00+00:00,12.294,46.464,14.142,37.175,12.526,22.703,49.358,10.281,23.525,146.558,260.681,7.06,130.896,120.533,64.877,0.13,0.15
2022-06-12 00:00:00+00:00,13.909,47.194,14.311,37.943,12.899,23.429,50.077,10.697,23.571,149.736,267.064,7.903,132.372,122.375,65.193,0.13,0.15
2022-06-13 00:00:00+00:00,15.138,47.194,13.803,38.169,13.595,23.676,50.379,11.356,23.525,154.327,270.585,7.708,132.864,123.697,65.781,0.13,0.15
2022-06-14 00:00:00+00:00,15.687,47.27,14.277,37.943,14.198,23.676,50.568,12.015,23.479,159.271,273.006,6.445,133.356,124.595,66.458,0.13,0.15
2022-06-15 00:00:00+00:00,16.072,47.424,15.905,37.378,14.577,23.63,50.795,12.604,23.433,163.509,274.767,5.473,135.325,125.445,66.91,0.13,0.15
2022-06-16 00:00:00+00:00,16.95,47.616,17.33,36.452,15.025,23.63,51.211,13.159,23.387,167.393,276.968,5.603,135.325,126.437,67.09,0.13,0.15
2022-06-17 00:00:00+00:00,18.57,47.654,18.381,35.728,15.36,23.815,51.929,13.679,23.341,171.278,280.71,6.607,135.817,127.523,67.361,0.13,0.15
2022-06-18 00:00:00+00:00,20.23,47.501,19.059,35.412,15.261,24.031,52.496,14.233,23.341,175.163,285.112,7.773,136.309,128.468,67.497,0.13,0.15
2022-06-19 00:00:00+00:00,20.89,47.501,19.398,34.576,15.385,23.985,52.647,14.615,23.25,177.988,287.533,8.356,134.833,129.223,67.406,0.13,0.15
2022-06-20 00:00:00+00:00,20.98,47.693,19.737,33.175,15.864,23.722,52.685,14.961,23.112,180.46,288.193,8.421,135.817,129.885,67.361,0.13,0.15
2022-06-21 00:00:00+00:00,21.52,47.693,20.11,31.683,16.262,23.475,52.76,15.169,23.02,181.873,288.633,7.935,137.293,130.499,67.271,0.13,0.15
2022-06-22 00:00:00+00:00,22.54,47.693,20.755,30.214,16.566,23.259,52.949,15.308,22.929,182.932,289.294,7.546,137.785,131.349,67.135,0.13,0.15
2022-06-23 00:00:00+00:00,23.71,47.846,21.467,29.446,16.448,23.12,53.214,15.447,22.837,183.992,290.834,7.87,140.246,132.341,67.0,0.13,0.15
2022-06-24 00:00:00+00:00,25.783,47.616,22.145,29.807,15.771,23.12,53.705,15.897,22.745,187.17,293.916,7.741,141.23,133.521,67.0,0.13,0.15
2022-06-25 00:00:00+00:00,28.621,47.616,22.857,30.259,15.062,23.244,54.272,16.521,22.699,191.761,297.878,7.935,134.341,134.938,67.135,0.13,0.15
2022-06-26 00:00:00+00:00,31.426,47.578,23.502,30.078,14.9,23.383,54.877,17.249,22.745,197.058,302.06,6.996,133.356,136.639,67.271,0.13,0.15
2022-06-27 00:00:00+00:00,34.188,47.347,23.977,28.79,15.298,23.553,55.482,18.107,22.699,203.062,305.581,5.797,132.372,138.197,67.406,0.13,0.15
2022-06-28 00:00:00+00:00,35.952,47.386,24.282,26.485,15.82,23.63,55.784,19.067,22.653,209.418,307.782,5.344,134.341,139.189,67.497,0.13,0.15
2022-06-29 00:00:00+00:00,36.76,47.462,24.451,24.722,16.15,23.491,55.822,19.991,22.562,215.775,308.662,4.728,132.372,139.756,67.723,0.13,0.15
2022-06-30 00:00:00+00:00,37.054,47.654,24.723,24.18,16.032,23.213,55.822,20.841,22.47,221.425,309.103,5.538,131.88,140.323,67.994,0.13,0.15
2022-07-01 00:00:00+00:00,38.267,47.654,25.197,24.971,15.23,23.028,56.049,21.359,22.332,224.957,310.643,6.251,127.944,140.937,68.174,0.13,0.15
2022-07-02 00:00:00+00:00,39.856,47.424,25.604,26.575,14.167,22.981,56.389,21.507,22.195,226.016,313.725,6.38,127.451,141.598,68.265,0.13,0.15
2022-07-03 00:00:00+00:00,40.675,47.347,25.876,28.135,13.415,22.827,56.654,21.507,22.103,226.016,316.366,6.121,127.451,142.023,68.355,0.13,0.15
2022-07-04 00:00:00+00:00,40.87,47.309,26.079,29.694,12.948,22.534,56.729,21.396,21.966,225.31,317.687,5.538,127.451,142.354,68.4,0.13,0.15
2022-07-05 00:00:00+00:00,40.675,47.347,26.249,31.299,12.737,22.24,56.729,21.211,21.828,223.898,318.127,5.409,129.912,142.59,68.355,0.13,0.15
2022-07-06 00:00:00+00:00,40.402,47.309,26.452,32.903,12.656,21.993,56.767,20.915,21.69,222.132,319.447,5.409,128.928,142.826,68.265,0.13,0.15
2022-07-07 00:00:00+00:00,40.129,47.386,26.69,34.44,12.619,21.715,56.881,20.73,21.507,220.719,321.648,5.668,129.912,143.109,68.265,0.13,0.15
2022-07-08 00:00:00+00:00,39.817,47.501,26.893,35.887,12.594,21.376,56.956,20.583,21.415,219.66,323.629,6.348,125.483,143.345,68.31,0.13,0.15
2022-07-09 00:00:00+00:00,39.739,47.539,27.029,36.791,12.743,21.067,56.956,20.509,21.369,219.307,325.17,6.963,123.515,143.534,68.265,0.13,0.15
2022-07-10 00:00:00+00:00,39.369,47.616,27.164,36.452,13.408,20.588,56.843,20.509,21.232,219.307,325.17,6.639,123.023,143.723,68.084,0.13,0.15
2022-07-11 00:00:00+00:00,38.855,47.731,27.334,36.587,13.495,20.002,56.616,20.472,21.094,218.953,323.849,6.121,126.467,143.912,68.039,0.13,0.15
2022-07-12 00:00:00+00:00,38.891,47.77,27.571,37.966,12.849,19.415,56.503,20.324,20.957,217.894,323.409,6.186,134.341,144.148,68.219,0.13,0.15
2022-07-13 00:00:00+00:00,39.259,47.616,27.843,39.344,12.582,18.875,56.427,20.102,20.865,216.481,323.849,5.635,134.833,144.384,68.4,0.13,0.15
2022-07-14 00:00:00+00:00,39.149,47.462,27.978,40.723,12.544,18.319,56.351,20.139,20.819,216.835,324.29,5.473,134.833,144.573,68.536,0.13,0.15
2022-07-15 00:00:00+00:00,38.634,47.424,28.08,42.079,12.544,17.871,56.314,20.139,20.865,216.835,325.17,6.153,134.341,144.715,68.49,0.13,0.15
2022-07-16 00:00:00+00:00,37.863,47.424,28.182,43.412,12.544,17.408,56.276,20.139,20.819,216.835,325.83,6.348,132.372,144.81,68.445,0.13,0.15
2022-07-17 00:00:00+00:00,37.201,47.539,28.317,44.746,12.557,16.775,56.049,20.25,20.682,217.541,324.95,6.089,128.928,144.904,68.536,0.13,0.15
2022-07-18 00:00:00+00:00,36.65,47.616,28.453,46.057,12.557,16.065,55.784,20.213,20.498,217.188,323.409,5.765,128.928,145.093,68.716,0.13,0.15
2022-07-19 00:00:00+00:00,36.282,47.654,28.589,47.345,12.538,15.401,55.671,20.065,20.406,216.128,323.409,5.635,132.864,145.235,68.807,0.13,0.15
2022-07-20 00:00:00+00:00,36.135,47.693,28.758,48.633,12.532,14.768,55.633,19.991,20.269,215.775,324.07,5.473,135.817,145.376,68.897,0.13,0.15
2022-07-21 00:00:00+00:00,35.952,47.654,28.86,49.876,12.538,14.12,55.558,20.102,20.085,216.481,324.73,5.538,135.817,145.565,68.987,0.13,0.15
2022-07-22 00:00:00+00:00,35.694,47.616,29.131,51.232,12.544,13.641,55.52,20.102,19.994,216.481,325.61,5.732,133.356,145.801,69.213,0.13,0.15
2022-07-23 00:00:00+00:00,35.547,47.578,29.369,52.611,12.557,13.409,55.671,20.065,19.994,216.128,327.371,5.635,134.833,146.132,69.394,0.13,0.15
2022-07-24 00:00:00+00:00,35.988,47.616,29.64,53.921,12.575,13.456,55.973,20.102,20.085,216.481,329.792,5.927,132.864,146.51,69.529,0.13,0.15
2022-07-25 00:00:00+00:00,36.87,47.462,29.911,55.21,12.582,13.687,56.389,20.139,20.177,216.835,332.433,6.639,134.341,146.888,69.574,0.13,0.15
2022-07-26 00:00:00+00:00,36.944,47.309,30.081,57.134,12.575,13.656,56.692,20.139,20.177,216.835,334.854,7.125,133.356,147.124,69.484,0.13,0.15
2022-07-27 00:00:00+00:00,36.135,47.386,30.149,59.073,12.569,13.286,56.918,20.139,20.085,216.835,336.615,7.287,130.896,147.313,69.529,0.13,0.15
2022-07-28 00:00:00+00:00,35.07,47.501,30.217,60.977,12.551,12.776,57.107,20.102,19.902,216.481,337.936,6.996,131.88,147.407,69.619,0.13,0.15
2022-07-29 00:00:00+00:00,34.077,47.578,30.284,62.811,12.538,12.282,57.296,20.102,19.81,216.481,339.036,6.542,133.356,147.502,69.71,0.13,0.15
2022-07-30 00:00:00+00:00,33.342,47.616,30.386,64.68,12.544,11.896,57.523,20.139,19.81,216.835,340.137,6.639,133.356,147.643,69.71,0.13,0.15
2022-07-31 00:00:00+00:00,32.718,47.616,30.522,66.443,12.551,11.526,57.75,20.213,19.764,217.188,341.237,7.06,132.864,147.738,69.71,0.13,0.15
2022-08-01 00:00:00+00:00,32.218,47.654,30.759,68.242,12.563,11.233,58.015,20.25,19.764,217.541,342.558,7.514,132.864,147.927,69.665,0.13,0.15
2022-08-02 00:00:00+00:00,32.46,47.654,31.166,70.111,12.613,11.078,58.393,20.361,19.81,218.247,344.539,7.676,131.88,148.305,69.665,0.13,0.15
2022-08-03 00:00:00+00:00,33.305,47.462,31.505,71.944,12.681,10.8,58.846,20.472,19.81,218.953,346.74,7.741,131.88,148.682,69.71,0.13,0.15
2022-08-04 00:00:00+00:00,33.673,47.309,31.675,73.743,12.7,10.368,59.224,20.583,19.719,219.66,348.941,7.449,131.88,148.966,69.8,0.13,0.15
2022-08-05 00:00:00+00:00,33.232,47.309,31.743,75.471,12.669,10.028,59.489,20.62,19.719,220.013,350.702,7.32,131.88,149.155,69.755,0.13,0.15
2022-08-06 00:00:00+00:00,32.423,47.347,31.844,77.198,12.644,9.781,59.753,20.73,19.719,220.719,352.462,7.805,130.404,149.344,69.574,0.13,0.15
2022-08-07 00:00:00+00:00,31.756,47.424,31.98,78.926,12.638,9.442,60.018,20.767,19.764,221.072,353.783,7.611,129.912,149.533,69.484,0.13,0.15
2022-08-08 00:00:00+00:00,31.03,47.424,32.082,80.584,12.631,8.994,60.245,20.841,19.764,221.425,354.884,7.06,129.912,149.627,69.394,0.13,0.15
2022-08-09 00:00:00+00:00,30.304,47.462,32.15,82.241,12.631,8.546,60.434,20.878,19.764,221.779,355.764,6.575,130.896,149.769,69.168,0.13,0.15
2022-08-10 00:00:00+00:00,29.578,47.462,32.217,83.898,12.638,8.252,60.509,20.915,19.673,222.132,355.984,5.927,130.404,149.863,69.032,0.13,0.15
2022-08-11 00:00:00+00:00,28.852,47.501,32.285,85.485,12.625,7.905,60.547,20.841,19.489,221.425,355.984,6.121,129.912,150.005,69.077,0.13,0.15
2022-08-12 00:00:00+00:00,28.093,47.501,32.353,87.072,12.588,7.579,60.585,20.583,19.352,219.66,356.204,6.575,131.88,150.052,69.123,0.13,0.15
2022-08-13 00:00:00+00:00,27.268,47.424,32.387,88.765,12.569,7.26,60.661,20.361,19.26,218.247,356.644,6.186,134.341,150.099,69.123,0.13,0.15
2022-08-14 00:00:00+00:00,26.443,47.424,32.455,90.422,12.544,6.906,60.698,20.139,19.26,216.835,356.864,6.283,134.833,150.147,69.123,0.13,0.15
2022-08-15 00:00:00+00:00,25.66,47.462,32.523,92.044,12.526,6.672,60.85,19.991,19.352,215.775,357.085,6.348,136.309,150.241,69.439,0.13,0.15
2022-08-16 00:00:00+00:00,24.97,47.539,32.59,93.596,12.544,6.545,60.887,20.213,19.398,217.188,356.424,5.473,137.293,150.383,69.8,0.13,0.15
2022-08-17 00:00:00+00:00,24.19,47.539,32.624,95.077,12.582,6.354,60.85,20.472,19.398,218.953,355.764,5.473,140.246,150.524,69.981,0.13,0.15
2022-08-18 00:00:00+00:00,23.44,47.539,32.692,95.888,12.781,6.127,60.925,20.361,19.306,218.247,356.424,5.797,138.277,150.761,70.116,0.13,0.15
2022-08-19 00:00:00+00:00,22.75,47.539,32.726,96.276,12.892,5.9,61.039,20.25,19.168,217.541,357.305,5.538,137.785,151.138,70.161,0.13,0.15
2022-08-20 00:00:00+00:00,22.63,47.654,32.828,96.628,12.793,5.738,61.19,20.25,19.168,217.541,358.185,5.603,137.785,151.327,70.116,0.13,0.15
2022-08-21 00:00:00+00:00,23.47,47.616,32.896,95.676,13.191,5.532,61.341,20.213,19.168,217.188,359.285,6.089,135.817,151.233,70.116,0.13,0.15
2022-08-22 00:00:00+00:00,24.22,47.424,32.93,93.702,13.931,5.213,61.492,19.991,19.214,215.775,360.386,6.866,134.341,150.95,70.207,0.13,0.15
2022-08-23 00:00:00+00:00,24.61,47.386,32.963,91.938,14.341,4.859,61.606,19.843,19.214,214.716,361.266,6.672,133.356,150.524,70.252,0.13,0.15
2022-08-24 00:00:00+00:00,25.06,47.386,32.997,91.127,14.192,4.477,61.681,19.77,19.26,214.362,361.927,5.732,134.833,150.099,70.297,0.13,0.15
2022-08-25 00:00:00+00:00,25.48,47.462,33.065,90.352,14.148,4.052,61.757,19.696,19.306,213.656,362.147,5.894,134.341,149.769,70.478,0.13,0.15
2022-08-26 00:00:00+00:00,25.42,47.539,33.133,89.999,14.086,3.811,61.87,19.437,19.352,211.89,362.807,6.218,134.833,149.674,70.613,0.13,0.15
2022-08-27 00:00:00+00:00,25.15,47.462,33.167,90.881,13.384,3.889,62.021,19.363,19.352,211.537,363.688,6.024,137.293,149.485,70.478,0.13,0.15
2022-08-28 00:00:00+00:00,24.79,47.424,33.201,91.551,13.011,4.08,62.135,19.437,19.398,211.89,364.348,6.121,135.325,149.391,70.161,0.13,0.15
2022-08-29 00:00:00+00:00,23.95,47.386,33.235,91.868,13.023,4.236,62.21,19.363,19.443,211.537,365.008,6.445,132.864,149.485,69.845,0.13,0.15
2022-08-30 00:00:00+00:00,23.08,47.347,33.269,92.221,12.973,4.363,62.324,19.252,19.443,210.831,365.668,6.445,132.372,149.58,69.484,0.13,0.15
2022-08-31 00:00:00+00:00,22.51,47.347,33.269,92.467,12.892,4.477,62.399,19.215,19.443,210.478,366.109,5.959,132.372,149.485,69.168,0.13,0.15
2022-09-01 00:00:00+00:00,22.39,47.386,33.303,92.891,12.638,4.569,62.475,19.215,19.443,210.478,366.549,5.506,133.356,149.155,68.807,0.13,0.15
2022-09-02 00:00:00+00:00,22.51,47.386,33.337,93.419,12.464,4.654,62.588,19.326,19.443,211.184,366.989,5.441,134.833,148.824,68.445,0.13,0.15
2022-09-03 00:00:00+00:00,22.66,47.386,33.337,93.878,12.464,4.739,62.664,19.363,19.489,211.537,367.429,5.473,135.325,148.541,68.039,0.13,0.15
2022-09-04 00:00:00+00:00,22.75,47.424,33.37,94.266,12.457,4.838,62.74,19.437,19.489,211.89,367.649,5.182,135.325,148.257,67.677,0.13,0.15
2022-09-05 00:00:00+00:00,22.87,47.424,33.37,94.583,12.445,4.937,62.815,19.363,19.489,211.537,368.09,3.919,135.325,148.021,67.271,0.13,0.15
2022-09-06 00:00:00+00:00,22.96,47.424,33.404,94.336,12.669,5.022,62.853,19.326,19.489,211.184,368.53,2.816,134.341,147.832,66.865,0.13,0.15
2022-09-07 00:00:00+00:00,23.05,47.424,33.404,94.019,12.731,5.086,62.891,19.326,19.489,211.184,368.75,2.935,133.356,147.596,66.458,0.13,0.15
2022-09-08 00:00:00+00:00,23.14,47.424,33.404,94.054,12.532,5.157,62.929,19.252,19.489,210.831,368.97,3.595,130.896,147.36,66.052,0.13,0.15
2022-09-09 00:00:00+00:00,23.23,47.386,33.404,94.089,12.488,5.22,62.966,19.252,19.489,210.831,369.19,3.757,127.944,147.171,65.645,0.13,0.15
2022-09-10 00:00:00+00:00,23.32,47.386,33.438,94.089,12.482,5.263,63.004,19.326,19.489,211.184,369.41,3.221,125.975,146.935,65.193,0.13,0.15
2022-09-11 00:00:00+00:00,23.71,47.539,33.54,94.089,12.532,5.433,63.155,19.437,19.581,211.89,370.29,2.554,126.467,146.982,64.968,0.13,0.15
2022-09-12 00:00:00+00:00,25.15,47.578,33.71,94.231,12.569,6.07,63.533,19.585,19.673,212.95,371.611,1.983,126.467,147.218,65.058,0.13,0.15
2022-09-13 00:00:00+00:00,26.278,47.424,33.811,94.407,12.613,6.743,63.874,19.733,19.673,214.009,372.491,1.745,130.404,147.502,65.058,0.13,0.15
2022-09-14 00:00:00+00:00,26.443,47.386,33.879,94.618,12.6,7.048,64.025,19.733,19.489,214.009,373.372,1.674,132.864,147.596,64.652,0.13,0.15
2022-09-15 00:00:00+00:00,26.74,47.386,33.913,94.971,12.501,7.26,64.176,19.696,19.306,213.656,374.472,1.84,135.325,147.502,63.929,0.13,0.15
2022-09-16 00:00:00+00:00,26.905,47.424,33.947,95.218,12.482,7.416,64.252,19.622,19.122,213.303,375.353,2.221,135.325,147.454,63.116,0.13,0.15
2022-09-17 00:00:00+00:00,27.004,47.424,33.981,95.324,12.482,7.544,64.327,19.622,18.939,213.303,376.233,3.006,135.325,147.502,62.213,0.13,0.15
2022-09-18 00:00:00+00:00,27.103,47.424,34.015,95.359,12.47,7.643,64.403,19.511,18.801,212.597,376.673,4.405,135.817,147.502,61.219,0.13,0.15
2022-09-19 00:00:00+00:00,27.169,47.424,34.049,95.394,12.432,7.721,64.478,19.252,18.664,210.831,377.334,5.506,136.309,147.549,59.955,0.13,0.15
2022-09-20 00:00:00+00:00,27.235,47.424,34.049,95.429,12.408,7.799,64.478,18.993,18.48,209.065,377.334,6.251,136.309,147.549,58.69,0.13,0.15
2022-09-21 00:00:00+00:00,27.268,47.424,34.083,95.429,12.414,7.87,64.478,18.993,18.343,209.065,377.114,6.153,135.817,147.596,57.651,0.13,0.15
2022-09-22 00:00:00+00:00,27.664,47.539,34.15,95.465,12.414,7.955,64.743,19.067,18.205,209.418,377.554,5.311,134.833,147.643,56.703,0.13,0.15
2022-09-23 00:00:00+00:00,28.258,47.539,34.252,95.5,12.408,8.068,65.159,18.957,18.068,208.712,378.654,5.214,134.341,147.691,55.709,0.13,0.15
2022-09-24 00:00:00+00:00,28.72,47.462,34.32,95.5,12.376,8.174,65.386,18.55,17.93,205.887,379.535,5.959,133.356,147.738,54.716,0.13,0.15
2022-09-25 00:00:00+00:00,29.215,47.501,34.456,95.606,12.339,8.38,65.726,18.217,17.838,203.768,380.855,6.056,134.833,147.88,53.993,0.13,0.15
2022-09-26 00:00:00+00:00,30.172,47.578,34.659,95.853,12.376,9.503,66.595,18.439,17.838,205.181,383.056,5.765,135.817,148.21,54.174,0.13,0.15
2022-09-27 00:00:00+00:00,31.459,47.578,34.897,96.135,12.476,11.881,68.008,18.846,17.884,208.006,385.918,6.38,136.309,148.541,55.213,0.13,0.15
2022-09-28 00:00:00+00:00,32.534,47.386,35.066,96.346,12.538,14.212,69.055,19.067,17.976,209.418,387.678,6.607,140.738,148.824,55.98,0.13,0.15
2022-09-29 00:00:00+00:00,33.232,47.194,35.134,96.487,12.513,15.524,69.53,19.067,17.976,209.418,388.779,5.732,141.23,148.966,56.071,0.13,0.15
2022-09-30 00:00:00+00:00,33.93,47.309,35.236,96.628,12.488,17.254,70.101,19.178,17.976,210.125,390.54,6.413,141.23,149.249,56.567,0.13,0.15
2022-10-01 00:00:00+00:00,34.923,47.386,35.371,96.84,12.501,19.338,70.862,19.474,18.022,212.244,393.412,7.352,137.785,149.533,57.561,0.13,0.15
2022-10-02 00:00:00+00:00,35.952,47.117,35.473,97.016,12.519,20.588,71.29,19.585,18.022,212.95,395.9,7.222,136.309,149.769,57.922,0.13,0.15
2022-10-03 00:00:00+00:00,37.385,46.579,35.575,97.157,12.513,21.283,71.528,19.585,18.022,212.95,398.111,6.737,138.769,149.91,57.696,0.13,0.15
2022-10-04 00:00:00+00:00,40.675,46.118,35.982,97.439,12.544,22.04,71.956,19.696,18.068,213.656,401.705,5.732,136.309,150.43,57.425,0.13,0.15
2022-10-05 00:00:00+00:00,45.238,45.926,36.999,98.004,12.805,23.491,72.812,19.991,18.251,215.775,408.34,5.344,136.309,151.469,57.742,0.13,0.15
2022-10-06 00:00:00+00:00,50.737,45.965,38.797,99.097,13.669,25.868,74.714,20.583,18.756,219.66,419.674,6.38,133.356,153.264,59.097,0.13,0.15
2022-10-07 00:00:00+00:00,55.717,45.696,39.882,100.155,14.627,28.076,76.616,21.211,19.398,223.898,431.837,7.579,128.928,155.153,60.406,0.13,0.15
2022-10-08 00:00:00+00:00,58.238,45.197,39.712,100.789,14.72,29.748,77.424,21.765,19.856,227.782,439.025,6.315,128.436,156.003,60.768,0.13,0.15
2022-10-09 00:00:00+00:00,59.756,45.158,39.644,101.354,14.198,30.848,77.948,22.135,20.131,230.254,444.277,4.145,127.451,156.381,60.677,0.13,0.15
2022-10-10 00:00:00+00:00,61.09,45.158,39.746,101.777,13.663,31.744,78.328,22.172,20.315,230.607,448.7,4.21,128.436,156.712,60.406,0.13,0.15
2022-10-11 00:00:00+00:00,62.24,44.89,39.882,102.094,13.272,32.436,78.613,21.987,20.452,229.195,451.741,5.894,127.451,156.948,60.0,0.13,0.15
2022-10-12 00:00:00+00:00,63.298,44.774,40.085,102.412,13.029,33.024,78.804,21.876,20.544,228.488,452.847,6.866,124.007,157.278,59.548,0.13,0.15
2022-10-13 00:00:00+00:00,63.942,44.698,40.323,103.011,12.917,33.664,78.994,21.728,20.636,227.429,454.229,6.963,122.531,157.892,59.097,0.13,0.15
2022-10-14 00:00:00+00:00,64.172,44.621,40.594,103.857,13.042,34.74,79.564,21.654,20.819,227.076,457.547,6.866,122.038,158.79,59.187,0.13,0.15
2022-10-15 00:00:00+00:00,64.816,44.582,40.899,104.774,13.352,36.224,80.278,21.913,21.14,228.842,461.693,7.546,123.515,159.687,59.955,0.13,0.15
2022-10-16 00:00:00+00:00,65.428,44.467,41.204,105.797,13.595,37.632,80.801,22.246,21.507,230.961,465.287,8.194,125.483,160.49,60.677,0.13,0.15
2022-10-17 00:00:00+00:00,65.237,44.237,41.408,106.89,13.663,38.81,81.181,22.357,21.92,231.667,468.052,7.935,132.864,161.293,61.264,0.13,0.15
2022-10-18 00:00:00+00:00,64.862,43.93,41.543,107.948,13.545,39.732,81.467,22.246,22.241,230.961,470.54,7.514,135.817,162.096,61.58,0.13,0.15
2022-10-19 00:00:00+00:00,64.678,43.546,41.645,108.618,13.309,40.372,81.609,22.098,22.47,229.901,472.198,7.481,136.801,162.71,61.49,0.13,0.15
2022-10-20 00:00:00+00:00,64.678,43.123,41.713,108.971,13.11,40.756,81.8,21.765,22.608,227.782,473.58,7.579,135.817,163.324,61.129,0.13,0.15
2022-10-21 00:00:00+00:00,64.954,42.701,41.781,109.041,12.942,41.063,81.895,21.47,22.699,225.663,474.686,6.121,133.356,163.796,60.632,0.13,0.15
2022-10-22 00:00:00+00:00,65.76,42.278,41.849,108.829,12.818,41.447,82.037,21.396,22.699,225.31,476.068,5.409,131.88,164.221,60.0,0.13,0.15
2022-10-23 00:00:00+00:00,66.71,42.01,41.984,108.724,12.799,42.189,82.37,21.543,22.745,226.37,477.727,5.668,133.356,164.646,59.548,0.13,0.15
2022-10-24 00:00:00+00:00,67.66,41.933,42.188,108.829,12.836,43.392,82.846,21.654,22.791,227.076,479.662,5.57,130.404,165.26,59.548,0.13,0.15
2022-10-25 00:00:00+00:00,68.42,41.933,42.459,109.217,12.892,44.544,83.321,21.728,22.883,227.429,481.874,5.603,131.88,166.016,59.684,0.13,0.15
2022-10-26 00:00:00+00:00,69.227,42.432,42.968,110.064,12.961,45.287,83.844,21.617,22.929,226.723,485.468,4.728,130.896,167.102,59.819,0.13,0.15
2022-10-27 00:00:00+00:00,70.415,43.2,43.544,110.593,13.203,45.671,84.653,21.47,22.974,225.663,490.444,4.502,132.864,168.283,60.18,0.13,0.15
2022-10-28 00:00:00+00:00,71.365,43.891,43.883,110.522,13.732,46.106,85.604,21.47,23.02,225.663,496.802,4.89,133.356,169.37,60.361,0.13,0.15
2022-10-29 00:00:00+00:00,71.46,44.314,44.053,109.57,14.639,46.413,86.317,21.507,23.02,226.016,502.884,5.506,131.88,170.361,60.542,0.13,0.15
2022-10-30 00:00:00+00:00,71.318,44.352,44.155,107.877,15.64,46.311,86.793,21.396,23.02,225.31,507.03,5.635,131.88,170.975,60.768,0.13,0.15
2022-10-31 00:00:00+00:00,71.365,44.467,44.29,107.772,15.528,46.388,87.316,21.285,23.066,224.604,510.624,4.534,132.372,171.4,61.084,0.13,0.15
2022-11-01 00:00:00+00:00,71.365,44.582,44.46,109.041,14.708,47.13,88.077,21.47,23.158,225.663,515.047,3.983,133.356,171.92,61.761,0.13,0.15
2022-11-02 00:00:00+00:00,71.27,44.736,44.697,110.416,14.167,48.41,89.076,21.654,23.433,227.076,520.023,3.983,131.88,172.628,63.026,0.13,0.15
2022-11-03 00:00:00+00:00,71.318,44.966,45.037,111.968,13.881,50.509,90.407,21.987,23.846,229.195,525.828,4.728,133.356,173.573,65.193,0.13,0.15
2022-11-04 00:00:00+00:00,71.365,45.158,45.41,113.273,14.005,52.813,91.786,22.283,24.442,231.314,531.634,6.38,140.738,174.612,67.406,0.13,0.15
2022-11-05 00:00:00+00:00,71.08,45.043,45.647,113.661,14.546,53.991,92.595,22.43,24.9,232.373,536.057,7.19,148.119,175.462,68.49,0.13,0.15
2022-11-06 00:00:00+00:00,70.653,44.851,45.85,112.955,15.311,54.326,93.118,22.541,25.13,233.079,539.374,6.348,155.008,176.124,69.032,0.13,0.15
2022-11-07 00:00:00+00:00,70.415,44.774,46.088,111.897,16.081,54.507,93.641,22.615,25.313,233.433,542.692,5.247,152.548,176.785,69.619,0.13,0.15
2022-11-08 00:00:00+00:00,70.51,45.005,46.461,111.474,16.672,54.741,94.449,22.689,25.542,234.139,547.115,5.117,153.532,177.635,70.658,0.13,0.15
2022-11-09 00:00:00+00:00,70.89,45.504,46.97,111.333,17.175,54.792,95.353,22.8,25.818,234.845,552.367,5.797,154.516,178.391,71.697,0.13,0.15
2022-11-10 00:00:00+00:00,71.745,47.309,47.919,111.897,17.524,54.715,96.589,22.763,26.001,234.492,559.831,6.834,157.469,179.949,72.691,0.13,0.15
2022-11-11 00:00:00+00:00,73.123,48.774,48.801,113.343,17.928,54.637,98.064,22.504,26.139,232.726,569.507,6.996,153.532,181.886,73.639,0.13,0.15
2022-11-12 00:00:00+00:00,73.977,48.542,49.14,114.013,18.425,54.455,98.872,22.098,26.23,229.901,576.141,6.704,148.611,182.689,73.91,0.13,0.15
2022-11-13 00:00:00+00:00,74.025,48.077,49.31,113.625,18.729,54.274,99.3,21.728,26.23,227.429,580.012,6.639,147.627,182.972,73.82,0.13,0.15
2022-11-14 00:00:00+00:00,73.977,47.578,49.411,112.638,18.935,54.093,99.49,21.617,26.23,226.723,581.394,6.121,143.198,183.114,73.774,0.13,0.15
2022-11-15 00:00:00+00:00,73.93,47.002,49.479,112.321,18.692,53.888,99.585,21.617,26.184,226.723,581.67,6.315,137.785,183.114,73.955,0.13,0.15
2022-11-16 00:00:00+00:00,73.693,46.349,49.547,113.167,17.834,53.607,99.538,21.543,26.139,226.37,581.394,7.417,136.309,183.161,74.226,0.13,0.15
2022-11-17 00:00:00+00:00,73.407,45.658,49.581,113.061,17.393,53.3,99.395,21.654,26.093,227.076,580.012,7.903,132.372,183.208,74.226,0.13,0.15
2022-11-18 00:00:00+00:00,73.075,44.928,49.615,112.003,17.43,52.916,99.11,21.765,26.001,227.782,577.247,8.259,127.451,183.161,74.0,0.13,0.15
2022-11-19 00:00:00+00:00,72.79,44.198,49.615,111.157,17.424,52.378,98.729,21.876,25.909,228.488,574.206,8.583,124.991,183.114,73.729,0.13,0.15
2022-11-20 00:00:00+00:00,72.742,43.238,49.615,109.958,17.561,51.892,98.349,21.913,25.863,228.842,570.889,7.222,124.991,182.972,73.413,0.13,0.15
2022-11-21 00:00:00+00:00,73.455,41.856,49.649,109.041,17.542,51.508,98.016,22.098,25.955,229.901,567.572,5.732,125.483,182.783,73.097,0.13,0.15
2022-11-22 00:00:00+00:00,74.5,40.282,49.649,108.759,17.256,51.2,97.683,22.135,25.955,230.254,564.254,5.311,127.451,182.594,72.645,0.13,0.15
2022-11-23 00:00:00+00:00,75.25,38.822,49.683,108.477,17.032,50.944,97.35,22.024,25.955,229.548,560.937,5.409,125.975,182.405,72.239,0.13,0.15
2022-11-24 00:00:00+00:00,75.55,37.555,49.717,107.595,17.113,50.612,97.017,21.987,25.863,229.195,557.62,6.186,127.451,182.216,71.968,0.13,0.15
2022-11-25 00:00:00+00:00,75.55,36.442,49.75,106.467,17.356,50.202,96.637,21.876,25.772,228.488,554.026,6.283,124.991,182.027,71.652,0.13,0.15
2022-11-26 00:00:00+00:00,75.55,35.405,49.784,106.291,17.119,49.997,96.304,21.802,25.726,228.135,550.985,5.992,128.436,181.886,71.29,0.13,0.15
2022-11-27 00:00:00+00:00,75.55,34.368,49.818,106.608,16.74,49.946,96.066,21.728,25.726,227.429,547.944,7.028,134.341,181.744,71.2,0.13,0.15
2022-11-28 00:00:00+00:00,75.55,33.293,49.852,105.938,16.871,49.767,95.781,21.654,25.588,227.076,544.903,7.741,137.293,181.602,71.381,0.13,0.15
2022-11-29 00:00:00+00:00,75.45,32.218,49.886,104.809,17.175,49.408,95.4,21.617,25.221,226.723,541.586,7.773,146.643,181.413,71.426,0.13,0.15
2022-11-30 00:00:00+00:00,75.5,31.258,49.92,103.54,17.43,48.948,95.02,21.543,24.763,226.37,537.992,8.226,152.548,181.036,71.29,0.13,0.15
2022-12-01 00:00:00+00:00,75.5,30.259,49.92,102.306,17.629,48.461,94.592,21.359,24.258,224.957,534.398,8.032,152.548,180.61,71.065,0.13,0.15
2022-12-02 00:00:00+00:00,75.45,28.915,49.954,101.283,17.791,47.924,94.164,21.137,23.754,223.544,530.804,7.773,152.056,180.28,70.839,0.13,0.15
2022-12-03 00:00:00+00:00,75.45,27.494,49.954,100.296,17.921,47.386,93.784,20.915,23.295,222.132,527.487,7.805,152.056,179.949,70.568,0.13,0.15
2022-12-04 00:00:00+00:00,75.4,25.997,49.954,99.449,17.959,46.874,93.356,20.73,22.745,220.719,523.893,7.125,152.056,179.571,70.252,0.13,0.15
2022-12-05 00:00:00+00:00,75.35,24.499,49.988,98.638,17.99,46.311,92.928,20.472,22.287,218.953,520.3,7.546,150.58,179.146,69.89,0.13,0.15
2022-12-06 00:00:00+00:00,75.3,22.963,49.988,97.686,18.071,45.722,92.452,20.102,21.874,216.481,516.429,8.291,148.611,178.721,69.574,0.13,0.15
2022-12-07 00:00:00+00:00,75.35,21.235,50.022,96.734,18.126,44.98,92.024,19.843,21.461,214.716,512.836,7.676,147.135,178.202,69.258,0.13,0.15
2022-12-08 00:00:00+00:00,75.65,19.238,50.022,95.747,18.17,44.237,91.548,19.585,21.094,212.95,509.242,6.931,146.643,177.729,69.032,0.13,0.15
2022-12-09 00:00:00+00:00,75.9,17.126,50.022,94.795,18.207,43.725,91.073,19.326,20.682,211.184,505.372,5.927,145.659,177.163,68.761,0.13,0.15
2022-12-10 00:00:00+00:00,76.05,15.091,50.022,93.843,18.232,43.06,90.597,19.067,20.269,209.418,501.501,6.024,145.167,176.643,68.4,0.13,0.15
2022-12-11 00:00:00+00:00,76.1,13.133,50.056,92.926,18.251,42.292,90.122,18.624,19.856,206.593,497.908,7.32,144.675,176.124,68.084,0.13,0.15
2022-12-12 00:00:00+00:00,76.2,11.098,50.09,92.009,18.263,41.677,89.694,18.291,19.489,204.121,494.314,7.32,144.182,175.557,67.723,0.13,0.15
2022-12-13 00:00:00+00:00,76.15,9.139,50.123,91.198,18.232,41.14,89.218,17.996,19.122,202.355,490.444,6.445,143.198,174.99,67.406,0.13,0.15
2022-12-14 00:00:00+00:00,75.7,7.757,50.123,90.457,18.176,40.448,88.743,17.7,18.756,200.236,486.85,5.538,142.706,174.376,67.045,0.13,0.15
2022-12-15 00:00:00+00:00,74.8,6.912,50.157,91.409,17.71,39.706,88.267,17.423,18.389,198.118,482.98,5.214,141.23,173.809,66.684,0.13,0.15
2022-12-16 00:00:00+00:00,74.55,6.374,50.191,93.737,17.188,38.912,87.792,16.868,18.022,194.233,479.109,5.344,140.246,173.148,66.323,0.13,0.15
2022-12-17 00:00:00+00:00,74.95,5.952,50.259,95.429,17.057,38.4,87.316,16.175,17.701,189.289,475.792,5.376,139.754,172.298,65.826,0.13,0.15
2022-12-18 00:00:00+00:00,75.25,5.568,50.327,96.805,17.107,38.17,86.888,15.551,17.426,184.698,473.304,6.056,138.769,171.589,65.239,0.13,0.15
2022-12-19 00:00:00+00:00,75.0,5.184,50.395,97.545,17.474,37.632,86.555,14.961,17.105,180.46,470.816,7.611,137.293,171.023,64.787,0.13,0.15
2022-12-20 00:00:00+00:00,74.167,4.762,50.429,97.722,17.71,37.069,86.127,14.511,16.784,177.282,467.499,8.777,133.356,170.598,64.381,0.13,0.15
2022-12-21 00:00:00+00:00,73.265,4.454,50.497,98.251,17.592,36.608,85.652,14.164,16.463,174.81,463.905,8.777,130.404,170.22,63.884,0.13,0.15
2022-12-22 00:00:00+00:00,72.553,4.301,50.53,99.696,17.511,36.173,85.128,13.748,16.096,171.631,460.588,8.615,129.912,169.795,63.297,0.13,0.15
2022-12-23 00:00:00+00:00,72.125,4.109,50.564,101.283,17.524,35.943,84.7,13.193,15.775,167.747,457.27,8.032,127.944,169.275,62.529,0.13,0.15
2022-12-24 00:00:00+00:00,72.172,3.917,50.598,102.482,17.542,35.943,84.272,12.777,15.408,164.568,454.782,7.158,127.451,168.756,61.761,0.13,0.15
2022-12-25 00:00:00+00:00,72.315,3.763,50.666,103.54,17.561,36.045,83.94,12.465,15.087,162.449,453.124,5.797,125.975,168.236,60.993,0.13,0.15
2022-12-26 00:00:00+00:00,72.553,3.61,50.734,104.527,17.579,36.122,83.607,12.257,14.766,161.037,451.465,5.117,125.975,167.764,60.18,0.13,0.15
2022-12-27 00:00:00+00:00,72.742,3.456,50.802,105.409,17.598,35.994,83.226,11.945,14.445,158.565,449.253,5.765,124.991,167.339,59.367,0.13,0.15
2022-12-28 00:00:00+00:00,72.885,3.264,50.87,106.185,17.617,35.84,82.893,11.599,14.124,156.093,447.595,6.218,124.007,167.008,58.826,0.13,0.15
2022-12-29 00:00:00+00:00,73.123,3.11,50.971,106.89,17.642,35.738,82.656,11.425,13.803,155.033,446.489,6.315,123.515,166.725,58.374,0.13,0.15
2022-12-30 00:00:00+00:00,73.312,2.995,51.039,107.489,17.666,35.533,82.37,11.391,13.482,154.68,445.107,6.121,122.038,166.536,57.922,0.13,0.15
2022-12-31 00:00:00+00:00,73.502,2.803,51.107,107.983,17.691,35.303,82.037,11.391,13.115,154.68,443.724,5.668,122.038,166.347,57.38,0.13,0.15
2023-01-01 00:00:00+00:00,73.36,2.611,51.141,108.512,17.716,34.893,81.609,11.252,12.748,153.621,441.236,6.737,122.531,166.3,56.884,0.13,0.15
2023-01-02 00:00:00+00:00,72.837,2.496,51.209,108.477,17.474,34.33,81.134,11.044,12.381,152.208,437.643,7.967,123.023,166.441,56.432,0.13,0.15
2023-01-03 00:00:00+00:00,72.553,2.419,51.31,108.371,16.355,33.895,80.753,11.113,12.015,152.561,434.878,7.125,125.483,166.488,55.98,0.13,0.15
2023-01-04 00:00:00+00:00,72.362,2.304,51.378,107.948,15.255,33.408,80.373,11.252,11.556,153.621,432.667,6.996,125.975,166.488,55.529,0.13,0.15
2023-01-05 00:00:00+00:00,72.078,2.189,51.446,107.102,14.621,32.871,79.945,11.252,11.006,153.621,430.179,8.356,125.483,166.488,55.122,0.13,0.15
2023-01-06 00:00:00+00:00,72.172,2.112,51.514,107.172,13.57,32.794,79.564,11.148,10.501,152.914,427.691,7.514,126.467,166.347,54.49,0.13,0.15
2023-01-07 00:00:00+00:00,72.315,2.035,51.582,107.666,12.457,32.871,79.232,11.287,9.997,153.974,425.756,5.797,127.451,166.158,53.722,0.13,0.15
2023-01-08 00:00:00+00:00,72.03,1.997,51.65,107.313,12.333,32.82,78.899,11.391,9.538,154.68,423.82,7.125,126.467,166.158,53.135,0.13,0.15
2023-01-09 00:00:00+00:00,71.318,2.035,51.683,106.255,12.774,32.615,78.518,11.252,9.171,153.621,421.056,8.518,128.928,166.252,52.638,0.13,0.15
2023-01-10 00:00:00+00:00,71.08,2.15,51.785,106.149,12.42,32.538,78.185,11.113,8.759,152.561,419.121,7.741,133.356,166.158,52.006,0.13,0.15
2023-01-11 00:00:00+00:00,71.27,2.15,51.853,106.784,11.73,32.692,77.852,11.009,8.254,151.855,417.739,7.449,137.293,165.922,51.193,0.13,0.15
2023-01-12 00:00:00+00:00,71.413,2.035,51.887,107.278,11.456,32.871,77.472,10.94,7.75,151.502,416.08,7.255,136.309,165.733,50.425,0.13,0.15
2023-01-13 00:00:00+00:00,71.555,1.92,51.955,107.736,11.425,33.024,77.187,11.009,7.291,151.855,414.698,5.83,136.309,165.544,49.657,0.13,0.15
2023-01-14 00:00:00+00:00,71.697,1.805,52.023,108.089,11.432,33.178,76.806,11.113,6.741,152.561,413.039,5.409,135.817,165.449,48.845,0.13,0.15
2023-01-15 00:00:00+00:00,71.318,1.613,52.09,107.489,11.96,33.05,76.378,11.009,6.237,151.855,410.551,6.218,134.833,165.497,48.167,0.13,0.15
2023-01-16 00:00:00+00:00,70.557,1.536,52.124,106.22,12.712,32.512,75.95,10.905,5.732,151.148,406.957,7.158,134.833,165.686,47.715,0.13,0.15
2023-01-17 00:00:00+00:00,69.797,1.536,52.192,105.127,13.054,31.872,75.522,10.663,5.182,149.383,403.364,7.903,135.325,165.78,47.399,0.13,0.15
2023-01-18 00:00:00+00:00,68.895,1.459,52.192,103.928,13.365,31.13,74.952,10.351,4.586,147.264,399.77,7.158,135.325,165.78,47.038,0.13,0.15
2023-01-19 00:00:00+00:00,67.66,1.421,52.226,102.341,13.893,30.26,74.428,10.004,3.99,144.792,395.9,7.352,135.325,165.827,46.677,0.13,0.15
2023-01-20 00:00:00+00:00,66.188,1.498,52.26,100.648,14.459,29.389,73.953,9.519,3.348,141.26,392.306,7.903,135.817,165.827,46.315,0.13,0.15
2023-01-21 00:00:00+00:00,64.724,1.574,52.26,99.132,14.851,28.724,73.43,9.207,2.751,138.788,388.999,6.866,135.325,165.733,45.909,0.13,0.15
2023-01-22 00:00:00+00:00,63.252,1.613,52.294,97.616,15.186,28.246,72.859,8.791,2.201,135.963,385.918,7.32,135.325,165.544,45.457,0.13,0.15
2023-01-23 00:00:00+00:00,61.78,1.651,52.294,96.17,15.46,27.767,72.336,8.305,1.834,132.432,382.836,8.162,135.325,165.355,45.051,0.13,0.15
2023-01-24 00:00:00+00:00,60.262,1.766,52.328,95.077,15.559,27.335,71.813,7.959,1.651,129.959,379.755,7.579,135.325,165.119,44.735,0.13,0.15
2023-01-25 00:00:00+00:00,58.744,1.92,52.396,94.054,15.621,26.887,71.242,7.681,1.651,127.841,376.673,7.028,135.325,164.883,44.464,0.13,0.15
2023-01-26 00:00:00+00:00,57.134,2.112,52.396,92.891,15.733,26.455,70.719,7.335,1.513,125.368,373.592,6.672,135.325,164.599,44.283,0.13,0.15
2023-01-27 00:00:00+00:00,55.676,2.15,52.43,92.679,15.348,26.054,70.148,6.965,1.33,122.543,370.29,7.093,135.817,164.269,44.012,0.13,0.15
2023-01-28 00:00:00+00:00,55.136,2.074,52.497,93.772,14.098,25.683,69.625,6.529,1.146,119.365,367.429,7.158,135.817,163.702,43.651,0.13,0.15
2023-01-29 00:00:00+00:00,55.302,2.035,52.565,95.183,12.631,25.637,69.102,6.094,0.917,116.187,364.788,6.704,135.817,163.041,43.019,0.13,0.15
2023-01-30 00:00:00+00:00,55.261,2.074,52.633,95.676,12.041,25.59,68.627,5.826,0.825,114.068,362.147,7.158,134.833,162.474,42.251,0.13,0.15
2023-01-31 00:00:00+00:00,55.053,2.227,52.701,95.359,12.097,25.328,68.056,5.491,0.871,111.596,359.065,7.579,132.864,161.954,41.664,0.13,0.15
2023-02-01 00:00:00+00:00,54.472,2.419,52.769,94.83,12.37,24.942,67.485,5.123,0.734,108.77,355.984,8.129,132.864,161.529,41.167,0.13,0.15
2023-02-02 00:00:00+00:00,53.766,2.381,52.837,93.984,12.818,24.571,67.011,4.721,0.596,105.945,353.123,7.773,132.372,161.199,40.76,0.13,0.15
2023-02-03 00:00:00+00:00,52.853,2.189,52.904,92.891,13.321,24.155,66.595,4.352,0.642,103.12,350.261,7.579,132.864,160.868,40.399,0.13,0.15
2023-02-04 00:00:00+00:00,51.484,2.112,52.972,91.586,13.893,23.583,66.142,4.017,0.825,100.648,347.18,6.575,133.356,160.632,40.128,0.13,0.15
2023-02-05 00:00:00+00:00,50.073,1.997,53.006,90.352,14.322,22.981,65.688,3.682,0.825,98.176,344.099,5.506,134.341,160.348,39.812,0.13,0.15
2023-02-06 00:00:00+00:00,48.662,1.92,53.04,89.082,14.664,22.317,65.197,3.313,0.78,95.351,340.797,6.413,133.356,160.018,39.496,0.13,0.15
2023-02-07 00:00:00+00:00,47.383,1.766,53.074,88.095,14.764,21.7,64.743,2.844,0.78,91.819,337.716,7.158,133.356,159.593,39.18,0.13,0.15
2023-02-08 00:00:00+00:00,46.993,1.498,53.176,87.46,14.465,21.206,64.327,2.476,0.78,88.994,334.854,6.251,134.341,158.979,38.773,0.13,0.15
2023-02-09 00:00:00+00:00,47.071,1.613,53.311,86.719,14.129,20.835,63.911,2.175,0.734,86.875,331.773,4.664,133.356,158.223,38.141,0.13,0.15
2023-02-10 00:00:00+00:00,46.603,2.074,53.379,85.979,13.974,20.573,63.458,1.906,0.688,84.756,328.692,5.149,132.372,157.562,37.519,0.13,0.15
2023-02-11 00:00:00+00:00,45.511,2.189,53.413,85.097,14.123,20.11,62.966,1.504,0.642,81.931,325.17,6.089,131.88,157.09,37.206,0.13,0.15
2023-02-12 00:00:00+00:00,44.185,2.074,53.447,83.898,14.484,19.492,62.475,1.136,0.642,79.106,322.089,6.704,131.88,156.664,37.05,0.13,0.15
2023-02-13 00:00:00+00:00,42.742,1.997,53.481,82.77,14.757,18.906,61.984,0.7,0.596,75.927,318.787,7.125,130.896,156.192,36.894,0.13,0.15
2023-02-14 00:00:00+00:00,41.299,1.843,53.515,81.712,14.969,18.273,61.492,0.582,0.55,72.749,315.486,7.093,131.88,155.72,36.66,0.13,0.15
2023-02-15 00:00:00+00:00,39.895,1.69,53.549,80.654,15.118,17.593,61.001,0.558,0.55,69.924,312.404,6.963,131.88,155.2,36.425,0.13,0.15
2023-02-16 00:00:00+00:00,38.818,1.536,53.65,80.055,15.018,17.284,60.547,0.542,0.504,67.805,309.323,5.862,132.372,154.681,35.918,0.13,0.15
2023-02-17 00:00:00+00:00,37.973,1.459,53.718,79.773,14.658,17.115,60.094,0.536,0.459,67.099,306.241,4.987,131.88,154.02,35.254,0.13,0.15
2023-02-18 00:00:00+00:00,36.944,1.421,53.752,79.032,14.583,16.605,59.602,0.534,0.459,66.745,303.16,6.024,128.436,153.358,34.786,0.13,0.15
2023-02-19 00:00:00+00:00,36.503,1.421,53.888,78.997,14.061,16.296,59.186,0.522,0.55,65.333,300.519,5.182,126.467,152.65,34.356,0.13,0.15
2023-02-20 00:00:00+00:00,36.686,1.92,53.99,78.997,13.402,16.003,58.771,0.516,0.642,64.627,298.318,4.405,127.451,151.705,34.161,0.13,0.15
2023-02-21 00:00:00+00:00,36.76,2.419,54.023,77.481,13.601,15.416,58.279,0.5,0.688,62.508,295.236,6.089,122.038,150.761,34.044,0.13,0.15
2023-02-22 00:00:00+00:00,36.87,2.419,54.091,75.541,13.986,14.845,57.788,0.472,0.688,58.976,291.935,6.963,124.007,149.722,33.81,0.13,0.15
2023-02-23 00:00:00+00:00,37.017,2.266,54.159,73.707,14.223,14.629,57.296,0.44,0.642,55.092,289.074,6.769,124.991,148.682,33.224,0.13,0.15
2023-02-24 00:00:00+00:00,37.127,1.958,54.159,71.979,14.372,14.753,56.767,0.42,0.642,52.619,285.992,5.862,124.991,147.549,32.287,0.13,0.15
2023-02-25 00:00:00+00:00,37.275,1.766,54.193,70.146,14.534,14.706,56.238,0.41,0.596,51.207,282.691,5.279,123.515,146.368,31.428,0.13,0.15
2023-02-26 00:00:00+00:00,37.348,1.613,54.193,68.206,14.726,14.289,55.671,0.396,0.596,49.441,279.389,5.441,122.038,145.187,30.921,0.13,0.15
2023-02-27 00:00:00+00:00,37.458,1.536,54.227,66.196,14.925,13.595,55.142,0.376,0.55,46.969,275.868,5.959,122.038,143.959,30.608,0.13,0.15
2023-02-28 00:00:00+00:00,37.275,1.574,54.227,64.433,15.081,12.931,54.575,0.35,0.504,43.791,272.566,6.445,122.038,142.779,30.257,0.13,0.15
2023-03-01 00:00:00+00:00,36.466,1.574,54.261,63.128,15.199,12.329,54.008,0.322,0.504,40.259,269.045,7.222,122.038,141.74,29.828,0.13,0.15
2023-03-02 00:00:00+00:00,35.216,1.459,54.261,62.176,15.292,11.896,53.441,0.294,0.459,36.728,265.303,6.737,122.038,140.842,29.281,0.13,0.15
2023-03-03 00:00:00+00:00,33.93,1.267,54.295,61.224,15.373,11.511,52.874,0.276,0.459,34.609,261.781,5.085,120.562,139.898,28.656,0.13,0.15
2023-03-04 00:00:00+00:00,32.607,1.344,54.295,60.307,15.435,10.816,52.269,0.262,0.413,32.843,258.04,4.987,120.562,138.906,28.305,0.13,0.15
2023-03-05 00:00:00+00:00,31.228,1.536,54.295,59.461,15.485,9.92,51.702,0.24,0.413,30.018,254.298,6.51,120.07,138.008,28.071,0.13,0.15
2023-03-06 00:00:00+00:00,29.908,1.651,54.295,58.615,15.522,9.334,51.097,0.218,0.367,27.193,250.776,6.38,118.594,137.064,27.563,0.13,0.15
2023-03-07 00:00:00+00:00,28.654,1.69,54.329,57.733,15.553,8.732,50.492,0.194,0.321,24.367,247.035,6.089,118.594,136.072,27.095,0.13,0.15
2023-03-08 00:00:00+00:00,27.367,1.69,54.329,56.852,15.572,8.203,49.888,0.172,0.321,21.542,243.293,6.898,116.625,135.08,26.86,0.13,0.15
2023-03-09 00:00:00+00:00,26.047,1.651,54.329,55.97,15.59,7.799,49.283,0.15,0.321,18.717,239.551,6.737,116.625,134.088,26.587,0.13,0.15
2023-03-10 00:00:00+00:00,24.79,1.651,54.363,55.187,15.596,7.395,48.678,0.126,0.321,15.892,235.589,7.417,115.641,133.049,26.275,0.13,0.15
2023-03-11 00:00:00+00:00,23.5,1.843,54.363,54.667,15.609,7.154,48.073,0.11,0.321,13.773,231.848,6.801,115.149,132.057,25.689,0.13,0.15
2023-03-12 00:00:00+00:00,22.24,2.074,54.43,54.17,15.615,7.147,47.468,0.112,0.367,14.126,228.106,5.732,113.673,131.113,24.83,0.13,0.15
2023-03-13 00:00:00+00:00,20.92,2.227,54.498,53.673,15.628,7.197,46.864,0.132,0.459,16.598,224.364,5.441,112.689,130.168,23.854,0.13,0.15
2023-03-14 00:00:00+00:00,19.558,2.266,54.498,53.176,15.628,7.119,46.221,0.146,0.413,18.364,220.402,5.992,108.26,129.129,23.034,0.13,0.15
2023-03-15 00:00:00+00:00,18.268,2.342,54.532,52.701,15.621,6.942,45.616,0.142,0.504,17.658,216.661,6.898,106.292,128.137,22.371,0.13,0.15
2023-03-16 00:00:00+00:00,16.95,2.496,54.6,52.249,15.628,6.736,45.011,0.142,0.55,17.658,212.919,6.834,107.276,127.192,21.785,0.13,0.15
2023-03-17 00:00:00+00:00,15.605,2.534,54.668,51.774,15.628,6.382,44.407,0.136,0.596,16.951,209.177,7.384,108.26,126.248,21.356,0.13,0.15
2023-03-18 00:00:00+00:00,14.213,2.534,54.702,51.322,15.596,5.893,43.764,0.118,0.55,14.832,205.215,7.903,108.752,125.256,21.121,0.13,0.15
2023-03-19 00:00:00+00:00,12.996,2.534,54.736,50.916,15.541,5.362,43.235,0.094,0.55,11.654,202.794,6.931,110.72,124.264,20.848,0.13,0.15
2023-03-20 00:00:00+00:00,11.709,2.458,54.803,50.531,15.491,4.739,42.781,0.056,0.55,7.063,202.134,5.473,112.689,123.225,20.614,0.13,0.15
2023-03-21 00:00:00+00:00,10.329,2.381,54.871,50.147,15.454,4.47,42.252,0.056,0.55,7.063,200.153,4.275,115.149,122.28,19.989,0.13,0.15
2023-03-22 00:00:00+00:00,9.017,2.342,54.939,49.763,15.404,4.477,41.647,0.088,0.55,10.948,196.411,4.664,118.102,121.289,19.13,0.13,0.15
2023-03-23 00:00:00+00:00,7.873,2.304,54.973,49.311,15.36,4.13,41.005,0.116,0.55,14.479,192.45,5.57,118.594,120.202,18.545,0.13,0.15
2023-03-24 00:00:00+00:00,7.368,2.227,55.007,48.588,15.279,3.57,40.362,0.152,0.55,19.07,188.708,4.826,119.578,118.833,18.193,0.13,0.15
2023-03-25 00:00:00+00:00,7.31,2.189,55.075,47.639,15.205,2.812,39.757,0.192,0.55,24.014,184.746,5.117,120.562,117.274,17.92,0.13,0.15
2023-03-26 00:00:00+00:00,7.233,2.074,55.109,46.599,15.205,2.316,39.077,0.206,0.55,25.78,180.784,6.153,120.562,115.715,17.295,0.13,0.15
2023-03-27 00:00:00+00:00,7.31,1.92,55.143,45.446,15.211,2.352,38.434,0.2,0.55,25.074,176.823,6.866,122.531,114.062,16.319,0.13,0.15
2023-03-28 00:00:00+00:00,7.388,1.728,55.143,44.701,14.95,2.486,37.792,0.186,0.55,23.308,172.641,8.129,124.991,112.362,15.304,0.13,0.15
2023-03-29 00:00:00+00:00,7.446,1.69,55.177,43.91,14.751,2.621,37.111,0.18,0.504,22.602,169.37,8.064,128.436,110.662,14.445,0.13,0.15
2023-03-30 00:00:00+00:00,7.485,1.766,55.21,42.712,14.863,2.67,36.431,0.178,0.504,22.248,166.381,7.384,130.896,108.961,13.625,0.13,0.15
2023-03-31 00:00:00+00:00,7.524,1.805,55.244,41.514,14.944,2.713,35.75,0.18,0.459,22.602,163.55,7.093,129.912,107.214,12.766,0.13,0.15
2023-04-01 00:00:00+00:00,7.543,1.805,55.244,40.339,15.0,2.699,35.108,0.198,0.459,24.721,160.719,5.83,127.944,105.419,11.869,0.13,0.15
2023-04-02 00:00:00+00:00,7.582,1.728,55.244,39.141,15.056,2.345,34.427,0.218,0.413,27.193,157.731,4.696,123.023,103.577,11.166,0.13,0.15
2023-04-03 00:00:00+00:00,7.601,1.651,55.244,37.988,15.093,1.629,33.747,0.214,0.367,26.839,154.585,4.21,118.102,101.735,10.58,0.13,0.15
2023-04-04 00:00:00+00:00,7.64,1.536,55.244,36.813,15.118,1.268,33.029,0.208,0.367,26.133,151.439,5.247,117.61,99.846,9.916,0.13,0.15
2023-04-05 00:00:00+00:00,7.659,1.459,55.278,35.661,15.136,1.431,32.311,0.204,0.367,25.427,148.136,6.348,115.641,97.957,9.097,0.13,0.15
2023-04-06 00:00:00+00:00,7.679,1.459,55.278,34.531,15.143,1.587,31.592,0.198,0.367,24.721,144.833,6.38,111.705,96.02,8.472,0.13,0.15
2023-04-07 00:00:00+00:00,7.679,1.459,55.278,33.378,15.149,1.728,30.874,0.19,0.367,23.661,141.688,6.186,110.72,94.036,7.925,0.13,0.15
2023-04-08 00:00:00+00:00,7.698,1.498,55.312,32.248,15.149,1.863,30.194,0.184,0.367,22.955,138.542,5.279,109.736,92.1,7.457,0.13,0.15
2023-04-09 00:00:00+00:00,7.718,1.536,55.346,31.231,15.093,2.019,29.513,0.198,0.413,24.721,135.396,4.372,108.752,90.069,7.066,0.13,0.15
2023-04-10 00:00:00+00:00,7.737,1.574,55.38,31.367,14.31,2.026,29.022,0.222,0.459,27.899,132.25,4.372,108.26,88.085,6.676,0.13,0.15
2023-04-11 00:00:00+00:00,7.756,1.728,55.38,32.881,12.706,1.757,28.536,0.24,0.459,30.018,129.105,4.923,103.831,86.196,6.286,0.13,0.15
2023-04-12 00:00:00+00:00,7.776,1.997,55.448,34.576,11.121,1.282,28.023,0.238,0.459,29.665,125.802,5.02,110.72,84.354,5.973,0.13,0.15
2023-04-13 00:00:00+00:00,7.776,2.304,55.448,36.135,9.989,1.013,27.564,0.22,0.504,27.546,122.813,4.696,115.641,82.701,5.739,0.13,0.15
2023-04-14 00:00:00+00:00,7.776,2.611,55.482,37.582,9.38,1.133,27.132,0.194,0.459,24.367,120.297,4.34,123.023,81.19,5.505,0.13,0.15
2023-04-15 00:00:00+00:00,7.795,2.842,55.55,38.87,9.15,0.999,26.7,0.164,0.459,20.483,117.78,3.951,129.912,79.773,5.427,0.13,0.15
2023-04-16 00:00:00+00:00,7.795,2.957,55.55,40.022,9.063,0.921,26.241,0.132,0.504,16.598,115.106,3.757,136.309,78.498,5.31,0.13,0.15
2023-04-17 00:00:00+00:00,7.776,3.034,55.583,41.039,9.007,1.296,25.782,0.102,0.504,12.713,112.432,4.275,142.214,77.364,5.075,0.13,0.15
2023-04-18 00:00:00+00:00,7.776,3.11,55.719,41.401,9.405,1.544,25.35,0.08,0.504,9.888,109.601,4.534,145.167,76.325,4.997,0.13,0.15
2023-04-19 00:00:00+00:00,7.776,3.226,55.889,40.316,10.617,1.643,24.918,0.07,0.504,8.829,106.77,4.372,148.119,75.333,5.075,0.13,0.15
2023-04-20 00:00:00+00:00,7.795,3.302,55.889,38.689,11.749,1.806,24.513,0.068,0.55,8.476,104.096,4.631,150.58,74.152,5.271,0.13,0.15
2023-04-21 00:00:00+00:00,7.815,3.379,55.923,37.559,12.221,2.068,24.135,0.07,0.596,8.829,101.422,5.02,154.516,72.924,5.622,0.13,0.15
2023-04-22 00:00:00+00:00,7.853,3.533,55.957,37.401,12.01,2.592,23.811,0.082,0.642,10.241,98.749,5.765,155.501,71.791,6.169,0.13,0.15
2023-04-23 00:00:00+00:00,7.912,3.686,56.024,37.288,11.848,3.237,23.487,0.096,0.688,12.007,96.232,7.255,156.485,70.752,7.223,0.13,0.15
2023-04-24 00:00:00+00:00,7.97,3.84,56.058,36.406,12.221,3.513,23.109,0.104,0.78,13.067,93.401,7.838,157.961,69.665,8.589,0.13,0.15
2023-04-25 00:00:00+00:00,8.009,3.994,56.092,35.005,12.824,3.393,22.704,0.108,0.917,13.42,90.412,7.676,160.421,68.437,9.799,0.13,0.15
2023-04-26 00:00:00+00:00,8.047,4.109,56.126,33.242,13.514,3.102,22.272,0.11,1.055,13.773,87.424,8.0,159.437,67.162,10.853,0.13,0.15
2023-04-27 00:00:00+00:00,8.067,4.224,56.126,31.525,14.005,2.734,21.813,0.11,1.101,13.773,84.278,7.967,154.516,65.698,11.79,0.13,0.15
2023-04-28 00:00:00+00:00,8.086,4.301,56.16,29.875,14.328,2.366,21.354,0.11,1.101,13.773,81.29,7.741,150.088,64.187,12.61,0.13,0.15
2023-04-29 00:00:00+00:00,8.106,4.378,56.16,28.858,14.192,2.019,20.895,0.116,1.101,14.479,78.616,7.805,149.595,62.581,13.352,0.13,0.15
2023-04-30 00:00:00+00:00,8.106,4.454,56.194,27.886,14.055,1.757,20.409,0.126,1.055,15.892,76.099,7.643,146.643,60.975,14.016,0.13,0.15
2023-05-01 00:00:00+00:00,8.125,4.531,56.228,26.395,14.266,1.53,19.896,0.142,1.009,17.658,72.639,6.737,141.23,59.322,14.64,0.13,0.15
2023-05-02 00:00:00+00:00,8.144,4.57,56.262,24.858,14.471,1.381,19.383,0.144,1.009,18.011,69.808,6.024,138.769,57.574,15.226,0.13,0.15
2023-05-03 00:00:00+00:00,8.144,4.608,56.262,23.705,14.453,1.318,18.87,0.142,1.055,17.658,67.134,5.862,137.293,55.78,15.851,0.13,0.15
2023-05-04 00:00:00+00:00,8.144,4.646,56.262,23.05,14.154,1.119,18.276,0.142,0.963,17.658,63.674,5.473,137.293,53.985,16.397,0.13,0.15
2023-05-05 00:00:00+00:00,8.164,4.723,56.296,22.846,13.601,0.892,17.628,0.138,0.825,17.304,60.593,5.344,137.293,52.19,17.061,0.13,0.15
2023-05-06 00:00:00+00:00,8.183,4.762,56.296,22.914,12.998,0.9,16.98,0.138,0.871,17.304,59.102,5.409,137.785,50.442,17.881,0.13,0.15
2023-05-07 00:00:00+00:00,7.912,4.877,56.296,22.914,12.675,1.126,16.332,0.142,1.146,17.658,57.611,4.534,137.293,48.931,18.74,0.13,0.15
2023-05-08 00:00:00+00:00,7.077,5.069,56.363,23.705,12.196,1.445,15.738,0.152,1.513,19.07,56.323,4.016,135.817,47.939,19.872,0.13,0.15
2023-05-09 00:00:00+00:00,6.049,5.453,56.431,25.152,11.662,2.366,15.333,0.174,1.88,21.895,55.239,5.603,135.817,47.42,21.551,0.13,0.15
2023-05-10 00:00:00+00:00,5.739,5.952,56.499,26.259,11.438,3.705,15.009,0.2,2.43,25.074,54.154,7.805,137.293,46.758,23.19,0.13,0.15
2023-05-11 00:00:00+00:00,6.049,6.49,56.567,27.253,11.345,4.88,14.874,0.238,3.302,29.665,53.273,8.064,142.214,46.097,24.713,0.13,0.15
2023-05-12 00:00:00+00:00,6.398,7.142,56.669,28.316,11.401,6.063,14.874,0.29,4.448,36.375,52.799,7.708,147.627,45.767,26.431,0.13,0.15
2023-05-13 00:00:00+00:00,6.825,7.872,56.77,29.265,11.587,7.168,15.009,0.362,5.824,45.203,52.731,6.737,152.056,45.767,28.11,0.13,0.15
2023-05-14 00:00:00+00:00,7.31,8.794,56.974,30.124,11.817,8.16,15.225,0.432,7.062,54.032,52.799,5.83,152.056,45.956,29.906,0.13,0.15
2023-05-15 00:00:00+00:00,7.873,9.869,57.177,30.937,12.115,9.936,15.603,0.496,7.933,62.155,53.341,5.376,152.548,46.57,31.701,0.13,0.15
2023-05-16 00:00:00+00:00,8.435,11.098,57.381,31.728,12.327,11.896,16.008,0.564,8.575,70.63,54.29,5.409,152.548,47.656,33.068,0.13,0.15
2023-05-17 00:00:00+00:00,8.862,12.48,57.584,32.474,12.221,13.101,16.197,0.868,8.85,76.987,54.968,6.315,151.072,48.742,33.966,0.13,0.15
2023-05-18 00:00:00+00:00,9.076,13.786,57.754,33.175,11.96,13.965,16.197,1.438,8.805,81.225,55.171,5.959,147.627,49.734,34.786,0.13,0.15
2023-05-19 00:00:00+00:00,9.328,15.091,57.957,33.875,11.941,15.339,16.494,2.04,8.896,85.816,55.578,6.737,145.167,51.009,35.879,0.13,0.15
2023-05-20 00:00:00+00:00,9.884,16.589,58.195,34.576,12.271,17.207,17.169,2.979,9.263,92.879,56.459,7.935,145.167,52.521,37.323,0.13,0.15
2023-05-21 00:00:00+00:00,10.61,18.086,58.466,35.344,12.712,19.245,18.06,4.117,9.905,101.354,57.679,7.514,142.214,54.268,39.044,0.13,0.15
2023-05-22 00:00:00+00:00,11.569,19.853,58.873,36.226,13.346,21.901,19.383,5.491,10.96,111.596,59.644,6.931,140.738,56.582,41.348,0.13,0.15
2023-05-23 00:00:00+00:00,12.716,21.811,59.314,37.22,13.986,24.649,20.922,6.764,11.923,121.131,63.831,7.741,143.198,59.322,43.561,0.13,0.15
2023-05-24 00:00:00+00:00,13.698,23.616,59.755,38.214,14.279,26.64,22.083,7.785,12.381,128.547,68.707,8.259,145.659,62.014,45.051,0.13,0.15
2023-05-25 00:00:00+00:00,14.507,25.075,60.128,39.164,14.291,27.968,22.866,8.791,12.611,135.963,72.639,7.805,147.135,64.564,45.999,0.13,0.15
2023-05-26 00:00:00+00:00,14.974,26.266,60.433,40.203,14.142,29.108,23.379,9.588,12.702,141.613,76.099,8.162,145.167,66.973,46.767,0.13,0.15
2023-05-27 00:00:00+00:00,15.358,27.418,60.738,41.333,13.999,30.772,23.865,10.212,12.886,146.204,79.245,7.773,143.198,69.24,47.67,0.13,0.15
2023-05-28 00:00:00+00:00,16.017,28.493,61.077,42.305,13.887,32.282,24.27,10.905,12.978,151.148,82.076,6.866,141.23,71.082,48.574,0.13,0.15
2023-05-29 00:00:00+00:00,16.401,29.453,61.383,43.345,13.794,33.741,24.729,11.183,13.023,153.267,85.851,7.093,138.769,73.208,49.432,0.13,0.15
2023-05-30 00:00:00+00:00,16.758,30.797,61.79,44.61,13.893,36.173,25.647,11.252,13.344,153.621,92.457,7.838,137.785,76.136,50.832,0.13,0.15
2023-05-31 00:00:00+00:00,17.417,32.333,62.23,45.831,14.105,38.759,26.889,11.495,13.757,155.386,100.636,7.741,138.277,79.206,52.232,0.13,0.15
2023-06-01 00:00:00+00:00,17.664,33.6,62.637,46.599,14.44,40.551,27.861,11.668,14.124,156.799,108.028,6.769,138.277,82.134,53.135,0.13,0.15
2023-06-02 00:00:00+00:00,17.719,34.56,62.977,46.712,15.018,41.959,28.725,11.772,14.537,157.505,114.949,6.38,138.769,84.779,53.903,0.13,0.15
2023-06-03 00:00:00+00:00,18.817,35.021,63.316,46.644,15.516,43.469,29.929,11.98,15.041,158.918,121.87,7.287,138.769,87.141,54.761,0.13,0.15
2023-06-04 00:00:00+00:00,20.8,35.059,63.689,46.305,16.175,45.184,31.933,12.257,15.546,161.037,128.947,7.676,136.309,89.455,56.071,0.13,0.15
2023-06-05 00:00:00+00:00,22.63,35.213,64.062,45.74,17.02,46.976,34.087,12.361,15.958,161.743,136.183,7.287,133.356,92.006,57.696,0.13,0.15
2023-06-06 00:00:00+00:00,24.22,35.251,64.469,45.356,17.642,48.615,36.015,12.465,16.279,162.449,143.418,6.283,134.341,94.603,58.871,0.13,0.15
2023-06-07 00:00:00+00:00,25.882,35.098,64.842,45.107,18.114,50.1,37.754,12.604,16.509,163.509,150.181,5.732,134.833,97.106,59.638,0.13,0.15
2023-06-08 00:00:00+00:00,27.697,34.906,65.249,44.904,18.481,51.482,39.455,12.708,16.692,164.215,156.787,6.575,135.325,99.421,60.406,0.13,0.15
2023-06-09 00:00:00+00:00,29.578,34.982,65.656,45.401,18.419,52.762,41.118,13.089,17.013,167.04,163.393,7.028,134.833,101.546,61.039,0.13,0.15
2023-06-10 00:00:00+00:00,31.393,35.482,66.097,46.554,17.865,53.965,42.668,13.679,17.38,171.278,169.999,7.255,133.356,103.577,61.716,0.13,0.15
2023-06-11 00:00:00+00:00,32.607,36.25,66.537,47.074,17.722,54.663,44.18,14.268,17.747,175.516,178.804,7.028,133.356,105.844,62.348,0.13,0.15
2023-06-12 00:00:00+00:00,33.232,37.478,67.012,46.983,18.058,54.818,45.73,14.753,18.022,179.047,187.608,6.51,132.372,108.3,62.935,0.13,0.15
2023-06-13 00:00:00+00:00,33.6,39.206,67.521,46.893,18.369,54.87,47.393,15.204,18.297,182.226,196.852,6.283,132.372,111.04,63.613,0.13,0.15
2023-06-14 00:00:00+00:00,33.783,41.05,68.097,46.961,18.667,54.896,48.98,15.655,18.618,185.404,206.096,5.765,132.372,114.015,64.2,0.13,0.15
2023-06-15 00:00:00+00:00,33.93,42.778,68.64,47.187,18.916,54.766,50.417,16.001,18.893,187.876,214.9,5.441,132.372,117.085,64.787,0.13,0.15
2023-06-16 00:00:00+00:00,34.629,44.352,69.149,47.141,19.102,54.715,51.589,16.348,19.077,190.348,223.044,6.348,132.372,119.636,65.329,0.13,0.15
2023-06-17 00:00:00+00:00,35.878,45.888,69.623,46.78,19.208,54.792,52.571,16.625,19.26,192.467,230.307,7.481,133.356,121.572,65.826,0.13,0.15
2023-06-18 00:00:00+00:00,37.716,47.078,70.098,46.441,19.283,54.844,53.63,16.903,19.443,194.586,237.79,7.32,133.356,123.65,66.413,0.13,0.15
2023-06-19 00:00:00+00:00,41.377,47.578,70.641,46.192,19.364,54.948,54.915,17.319,19.627,197.411,245.934,7.06,134.341,126.201,67.181,0.13,0.15
2023-06-20 00:00:00+00:00,46.018,47.386,71.183,46.26,19.438,54.922,56.049,17.7,19.856,200.236,254.078,7.093,134.833,128.987,67.903,0.13,0.15
2023-06-21 00:00:00+00:00,49.741,47.232,71.658,46.622,19.469,54.844,57.07,18.07,20.04,202.708,261.341,6.931,137.293,131.774,68.445,0.13,0.15
2023-06-22 00:00:00+00:00,52.355,47.309,72.099,47.051,19.469,54.741,57.826,18.476,20.131,205.534,267.724,6.737,137.293,134.466,68.852,0.13,0.15
2023-06-23 00:00:00+00:00,53.932,47.309,72.438,47.39,19.438,54.585,58.317,18.883,20.177,208.359,273.006,7.06,135.325,136.497,69.032,0.13,0.15
2023-06-24 00:00:00+00:00,55.011,47.347,72.743,47.752,19.37,54.481,58.695,19.252,20.269,210.831,277.408,7.352,135.325,137.914,69.213,0.13,0.15
2023-06-25 00:00:00+00:00,56.582,47.501,73.083,48.136,19.289,54.559,59.111,19.585,20.452,212.95,282.03,7.158,134.833,139.378,69.529,0.13,0.15
2023-06-26 00:00:00+00:00,58.652,47.539,73.456,48.452,19.245,54.637,59.678,19.991,20.59,215.775,286.873,7.125,134.833,141.126,69.8,0.13,0.15
2023-06-27 00:00:00+00:00,60.308,47.462,73.625,48.746,19.245,54.533,60.094,20.25,20.636,217.541,291.275,6.963,132.864,142.542,69.89,0.13,0.15
2023-06-28 00:00:00+00:00,61.596,47.501,73.591,49.198,19.258,54.455,60.472,20.324,20.636,217.894,295.236,6.542,132.372,143.582,69.936,0.13,0.15
2023-06-29 00:00:00+00:00,62.7,47.578,73.49,49.808,19.27,54.429,61.001,20.324,20.59,217.894,298.978,6.38,133.356,144.621,69.981,0.13,0.15
2023-06-30 00:00:00+00:00,63.758,47.462,73.32,50.509,19.221,54.352,61.379,20.361,20.59,218.247,302.28,6.575,135.817,145.376,69.981,0.13,0.15
2023-07-01 00:00:00+00:00,65.475,47.386,73.218,52.249,18.475,54.352,61.87,20.878,20.727,221.779,306.241,6.704,136.309,145.896,70.071,0.13,0.15
2023-07-02 00:00:00+00:00,67.09,47.347,73.083,55.074,17.163,54.429,62.588,21.543,20.957,226.37,310.864,6.996,134.833,146.557,70.252,0.13,0.15
2023-07-03 00:00:00+00:00,67.755,47.309,72.913,59.214,16.063,54.403,63.118,22.024,21.094,229.548,314.385,7.838,135.817,147.36,70.342,0.13,0.15
2023-07-04 00:00:00+00:00,68.087,47.347,72.71,62.917,15.13,54.3,63.382,22.283,21.094,231.314,317.246,7.935,134.341,147.785,70.297,0.13,0.15
2023-07-05 00:00:00+00:00,68.135,47.501,72.506,66.126,14.496,54.222,63.571,22.393,21.094,232.02,319.668,7.611,134.341,148.163,70.116,0.13,0.15
2023-07-06 00:00:00+00:00,67.85,47.616,72.269,69.511,13.962,54.119,63.76,22.393,21.048,232.02,321.869,6.931,134.341,148.588,69.936,0.13,0.15
2023-07-07 00:00:00+00:00,67.517,47.693,72.031,72.791,13.576,53.991,63.874,22.246,20.957,230.961,323.849,6.445,134.341,148.966,69.665,0.13,0.15
2023-07-08 00:00:00+00:00,67.233,47.731,71.76,74.801,13.788,53.863,63.911,21.987,20.911,229.195,325.61,6.607,135.817,149.344,69.394,0.13,0.15
2023-07-09 00:00:00+00:00,67.28,47.808,71.557,76.352,14.074,53.76,63.987,21.617,20.957,226.723,327.591,5.732,135.817,149.958,69.213,0.13,0.15
2023-07-10 00:00:00+00:00,67.992,47.808,71.387,77.974,14.216,53.965,64.176,21.248,21.003,224.251,330.232,5.732,136.309,150.808,69.168,0.13,0.15
2023-07-11 00:00:00+00:00,69.655,47.616,71.251,80.055,14.173,54.377,64.592,20.915,21.094,222.132,333.534,7.028,138.769,152.178,69.439,0.13,0.15
2023-07-12 00:00:00+00:00,71.032,47.386,71.082,82.065,14.223,54.481,65.045,20.73,21.14,220.719,337.055,7.32,135.817,153.689,69.619,0.13,0.15
2023-07-13 00:00:00+00:00,71.127,47.309,70.878,82.805,14.764,54.3,65.272,20.583,21.186,219.66,339.476,6.542,135.325,154.775,69.574,0.13,0.15
2023-07-14 00:00:00+00:00,71.08,47.424,70.641,84.498,14.652,54.559,65.537,20.657,21.278,220.366,341.678,6.153,135.325,155.625,70.116,0.13,0.15
2023-07-15 00:00:00+00:00,72.172,47.539,70.505,87.672,13.844,54.974,66.293,21.137,21.461,223.544,345.199,7.481,136.309,156.901,71.968,0.13,0.15
2023-07-16 00:00:00+00:00,74.65,47.731,70.539,90.881,13.421,54.87,67.58,21.654,21.736,227.076,350.702,8.097,134.833,159.404,73.82,0.13,0.15
2023-07-17 00:00:00+00:00,76.05,47.578,70.573,94.019,13.701,54.507,68.674,22.024,21.966,229.548,355.984,7.741,136.309,162.19,74.587,0.13,0.15
2023-07-18 00:00:00+00:00,75.1,47.232,70.403,96.029,14.782,54.248,69.15,22.024,22.057,229.548,359.285,7.222,136.309,164.032,74.633,0.13,0.15
2023-07-19 00:00:00+00:00,73.93,47.194,70.166,97.087,15.802,54.119,69.34,21.765,22.057,227.782,361.486,6.542,135.817,165.119,74.497,0.13,0.15
2023-07-20 00:00:00+00:00,73.218,47.117,69.895,97.404,16.349,53.863,69.388,21.507,21.966,226.016,363.247,6.38,137.785,165.874,74.316,0.13,0.15
2023-07-21 00:00:00+00:00,72.505,47.155,69.623,97.298,16.616,53.581,69.483,21.211,21.966,223.898,364.788,6.089,135.817,166.536,74.091,0.13,0.15
2023-07-22 00:00:00+00:00,71.84,47.27,69.386,97.616,16.579,53.274,69.673,20.989,22.011,222.485,366.769,5.927,138.277,167.244,74.045,0.13,0.15
2023-07-23 00:00:00+00:00,71.175,47.309,69.081,98.109,16.448,52.89,69.816,20.767,21.966,221.072,368.53,5.959,138.277,167.905,74.0,0.13,0.15
2023-07-24 00:00:00+00:00,70.653,47.386,68.843,98.603,16.274,52.506,69.863,20.472,21.92,218.953,370.07,5.927,135.325,168.378,73.684,0.13,0.15
2023-07-25 00:00:00+00:00,70.178,47.462,68.572,98.744,16.262,52.148,69.958,20.509,21.874,219.307,371.831,5.894,134.341,168.803,73.323,0.13,0.15
2023-07-26 00:00:00+00:00,69.513,47.462,68.267,98.497,16.461,51.738,69.958,20.583,21.782,219.66,373.372,6.218,129.912,169.228,72.961,0.13,0.15
2023-07-27 00:00:00+00:00,68.705,47.386,67.928,98.18,16.647,51.277,69.958,20.361,21.69,218.247,374.472,6.801,126.467,169.558,72.645,0.13,0.15
2023-07-28 00:00:00+00:00,67.945,47.27,67.623,98.004,16.684,50.842,69.911,20.102,21.599,216.481,375.573,7.546,130.404,169.653,72.284,0.13,0.15
2023-07-29 00:00:00+00:00,67.28,47.309,67.283,98.321,16.442,50.458,69.863,20.102,21.599,216.481,376.673,7.935,130.896,169.747,71.968,0.13,0.15
2023-07-30 00:00:00+00:00,66.52,47.347,66.978,98.427,16.342,50.074,69.816,20.324,21.553,217.894,377.554,7.676,132.372,169.889,71.697,0.13,0.15
2023-07-31 00:00:00+00:00,65.57,47.347,66.673,98.18,16.461,49.613,69.768,20.398,21.415,218.6,378.654,7.158,129.912,169.984,71.336,0.13,0.15
2023-08-01 00:00:00+00:00,64.77,47.386,66.368,98.039,16.504,49.178,69.72,20.472,21.278,218.953,379.755,6.542,130.404,170.172,70.974,0.13,0.15
2023-08-02 00:00:00+00:00,64.402,47.347,65.961,98.392,16.218,48.794,69.72,20.583,21.232,219.66,380.855,6.477,130.896,170.22,70.749,0.13,0.15
2023-08-03 00:00:00+00:00,64.172,47.347,65.554,98.885,15.845,48.384,69.72,20.73,21.232,220.719,382.176,6.866,130.896,170.125,70.478,0.13,0.15
2023-08-04 00:00:00+00:00,63.804,47.27,65.249,98.533,15.951,47.924,69.673,20.878,21.186,221.779,383.056,7.028,128.928,170.031,70.207,0.13,0.15
2023-08-05 00:00:00+00:00,63.85,47.232,64.876,98.568,15.708,47.54,69.673,20.841,21.232,221.425,383.937,6.996,129.912,169.795,69.936,0.13,0.15
2023-08-06 00:00:00+00:00,64.08,47.27,64.604,100.155,14.732,47.565,69.911,20.878,21.369,221.779,385.698,5.052,130.896,169.606,69.71,0.13,0.15
2023-08-07 00:00:00+00:00,64.172,47.578,64.401,102.658,13.912,48.231,70.814,21.285,21.874,224.604,389.439,3.078,134.341,170.172,70.026,0.13,0.15
2023-08-08 00:00:00+00:00,64.816,47.616,64.231,105.162,13.551,49.127,72.003,21.728,22.378,227.429,394.517,4.372,132.864,171.259,70.613,0.13,0.15
2023-08-09 00:00:00+00:00,65.38,47.386,64.096,106.714,13.626,49.588,72.716,21.913,22.608,228.842,398.94,6.121,130.404,172.251,70.794,0.13,0.15
2023-08-10 00:00:00+00:00,64.954,47.309,64.13,106.714,14.204,49.562,73.049,21.802,22.608,228.135,401.705,6.769,128.436,172.959,70.658,0.13,0.15
2023-08-11 00:00:00+00:00,63.896,47.347,64.197,106.573,14.515,49.357,73.192,21.47,22.608,225.663,404.193,7.352,128.436,173.242,70.432,0.13,0.15
2023-08-12 00:00:00+00:00,62.746,47.501,64.265,107.243,14.204,49.127,73.287,21.137,22.562,223.544,406.681,6.477,131.88,173.337,70.161,0.13,0.15
2023-08-13 00:00:00+00:00,61.872,47.578,64.333,108.547,13.595,48.948,73.43,21.137,22.608,223.544,409.169,3.387,132.864,173.431,70.071,0.13,0.15
2023-08-14 00:00:00+00:00,63.39,47.731,64.706,110.452,13.495,49.562,74.856,21.617,23.112,226.723,414.974,2.673,134.833,174.376,71.065,0.13,0.15
2023-08-15 00:00:00+00:00,65.76,47.654,65.147,112.391,14.558,50.765,76.901,22.246,23.8,230.961,423.544,3.886,135.817,175.604,72.465,0.13,0.15
2023-08-16 00:00:00+00:00,66.045,47.386,65.35,113.907,15.702,51.328,77.9,22.393,24.121,232.02,429.349,4.178,140.246,176.36,72.916,0.13,0.15
2023-08-17 00:00:00+00:00,65.76,47.194,65.486,114.401,16.081,51.38,78.28,22.246,24.167,230.961,432.943,4.178,141.23,176.785,72.916,0.13,0.15
2023-08-18 00:00:00+00:00,66.282,47.155,65.588,114.613,15.572,51.687,78.566,22.024,24.167,229.548,436.26,4.113,140.738,176.879,73.187,0.13,0.15
2023-08-19 00:00:00+00:00,67.422,47.155,65.723,114.472,15.068,52.48,78.994,21.913,24.258,228.842,439.578,3.34,138.769,176.879,74.0,0.13,0.15
2023-08-20 00:00:00+00:00,68.325,47.155,65.859,112.779,15.503,53.069,79.374,21.987,24.213,229.195,442.895,2.435,138.277,176.832,74.723,0.13,0.15
2023-08-21 00:00:00+00:00,68.325,47.155,65.927,110.769,16.15,53.018,79.612,22.098,24.167,229.901,445.66,2.15,141.23,176.738,74.858,0.13,0.15
2023-08-22 00:00:00+00:00,67.422,47.232,66.029,109.217,16.604,52.736,79.755,21.987,24.075,229.195,447.871,2.983,138.277,176.832,74.813,0.13,0.15
2023-08-23 00:00:00+00:00,66.14,47.347,66.097,107.842,16.921,52.378,79.802,21.728,23.983,227.429,449.53,4.793,137.293,176.926,74.633,0.13,0.15
2023-08-24 00:00:00+00:00,65.19,47.424,66.164,106.608,17.175,52.122,79.945,21.396,24.029,225.31,451.465,6.251,134.341,177.021,74.497,0.13,0.15
2023-08-25 00:00:00+00:00,65.523,47.501,66.3,105.092,17.399,52.122,80.135,21.026,24.121,222.838,453.953,6.477,134.341,176.832,74.723,0.13,0.15
2023-08-26 00:00:00+00:00,66.71,47.539,66.47,103.258,17.666,52.301,80.516,20.989,24.213,222.485,457.27,6.283,135.325,176.407,74.994,0.13,0.15
2023-08-27 00:00:00+00:00,67.233,47.578,66.605,101.777,17.971,52.48,80.944,21.211,24.304,223.898,461.14,6.186,136.309,176.124,75.039,0.13,0.15
2023-08-28 00:00:00+00:00,66.615,47.501,66.707,101.142,18.008,52.48,81.229,21.211,24.304,223.898,463.905,6.315,136.309,175.935,74.903,0.13,0.15
2023-08-29 00:00:00+00:00,65.57,47.462,66.775,100.578,18.015,52.199,81.419,20.915,24.258,222.132,466.393,6.445,135.817,175.793,74.723,0.13,0.15
2023-08-30 00:00:00+00:00,64.448,47.386,66.809,99.485,18.189,51.84,81.562,20.657,24.213,220.366,468.328,6.121,135.325,175.746,74.452,0.13,0.15
2023-08-31 00:00:00+00:00,63.298,47.27,66.877,98.356,18.307,51.456,81.657,20.361,24.121,218.247,469.987,6.575,134.341,175.604,74.181,0.13,0.15
2023-09-01 00:00:00+00:00,62.01,47.27,66.91,97.263,18.375,50.996,81.704,19.88,24.029,215.069,471.369,7.384,133.356,175.321,73.865,0.13,0.15
2023-09-02 00:00:00+00:00,61.182,47.232,66.978,96.064,18.356,50.586,81.8,19.474,23.983,212.244,472.475,7.352,132.864,174.801,73.503,0.13,0.15
2023-09-03 00:00:00+00:00,60.722,47.27,67.012,94.901,18.257,50.151,81.847,19.215,23.892,210.478,473.58,7.158,133.356,174.187,73.187,0.13,0.15
2023-09-04 00:00:00+00:00,59.802,47.27,67.08,93.913,18.214,49.639,81.847,19.067,23.8,209.418,474.41,7.222,136.801,173.715,72.826,0.13,0.15
2023-09-05 00:00:00+00:00,58.468,47.27,67.08,92.961,18.245,49.152,81.895,18.957,23.662,208.712,475.239,6.898,135.817,173.29,72.51,0.13,0.15
2023-09-06 00:00:00+00:00,56.95,47.309,67.114,92.009,18.263,48.666,81.942,18.846,23.525,208.006,476.068,6.672,134.341,172.865,72.194,0.13,0.15
2023-09-07 00:00:00+00:00,55.468,47.309,67.148,91.092,18.276,48.103,81.942,18.735,23.433,207.299,476.898,7.06,132.372,172.44,71.832,0.13,0.15
2023-09-08 00:00:00+00:00,54.43,47.347,67.182,89.893,18.282,47.565,81.99,18.476,23.341,205.534,477.727,7.579,129.912,171.826,71.471,0.13,0.15
2023-09-09 00:00:00+00:00,54.223,47.386,67.182,88.201,18.276,47.002,82.037,18.365,23.204,204.827,478.556,7.773,130.404,170.928,71.155,0.13,0.15
2023-09-10 00:00:00+00:00,55.136,47.616,67.419,86.543,18.301,46.49,82.323,18.439,23.295,205.181,480.768,7.125,129.912,170.172,70.929,0.13,0.15
2023-09-11 00:00:00+00:00,57.41,47.578,67.758,84.992,18.338,46.106,82.893,18.439,23.525,205.181,484.362,6.996,128.928,169.511,70.703,0.13,0.15
2023-09-12 00:00:00+00:00,59.112,47.309,67.928,83.264,18.363,45.696,83.369,18.365,23.571,204.827,486.85,7.287,129.912,168.661,70.387,0.13,0.15
2023-09-13 00:00:00+00:00,59.526,47.309,68.03,81.536,18.394,45.21,83.607,18.328,23.525,204.474,488.232,7.028,128.928,167.716,70.071,0.13,0.15
2023-09-14 00:00:00+00:00,59.158,47.386,68.131,80.689,18.419,44.724,83.892,18.291,23.525,204.121,489.891,7.06,130.404,167.15,69.755,0.13,0.15
2023-09-15 00:00:00+00:00,58.652,47.424,68.335,81.113,18.444,44.416,84.368,18.291,23.662,204.121,491.826,7.222,131.88,167.102,69.574,0.13,0.15
2023-09-16 00:00:00+00:00,58.468,47.27,68.504,81.853,18.475,44.212,84.938,18.365,23.8,204.827,494.037,7.222,130.896,167.102,69.394,0.13,0.15
2023-09-17 00:00:00+00:00,58.56,47.309,68.708,83.087,18.499,45.364,85.794,18.735,24.075,207.299,496.249,6.834,129.912,167.055,70.026,0.13,0.15
2023-09-18 00:00:00+00:00,60.308,47.347,69.081,85.203,18.524,48.103,87.554,19.437,24.625,211.89,500.396,6.575,130.404,167.433,71.968,0.13,0.15
2023-09-19 00:00:00+00:00,62.608,47.462,69.556,87.636,18.555,50.253,89.266,19.77,25.13,214.362,505.924,5.862,138.769,168.472,73.639,0.13,0.15
2023-09-20 00:00:00+00:00,65.428,47.616,70.302,90.528,18.848,52.173,91.358,20.102,25.818,216.481,516.153,5.57,149.595,170.881,75.491,0.13,0.15
2023-09-21 00:00:00+00:00,67.138,47.424,70.912,92.855,19.295,53.914,93.356,20.767,26.46,221.072,526.658,6.38,153.532,173.431,77.212,0.13,0.15
2023-09-22 00:00:00+00:00,66.425,47.232,71.15,93.032,19.55,54.377,94.212,21.248,26.735,224.251,531.081,7.125,156.485,174.187,77.577,0.13,0.15
2023-09-23 00:00:00+00:00,65.665,47.194,71.319,92.009,19.662,54.144,94.592,21.47,26.918,225.663,533.845,7.352,152.548,174.187,77.395,0.13,0.15
2023-09-24 00:00:00+00:00,66.235,47.347,71.455,91.127,19.736,54.144,94.972,21.765,27.102,227.782,536.886,6.769,147.135,174.329,77.212,0.13,0.15
2023-09-25 00:00:00+00:00,67.612,47.309,71.59,90.034,19.792,54.042,95.305,22.024,27.239,229.548,540.48,7.125,143.69,174.801,77.121,0.13,0.15
2023-09-26 00:00:00+00:00,67.612,47.155,71.726,88.624,19.83,53.888,95.591,21.987,27.377,229.195,543.244,7.805,140.738,174.943,76.984,0.13,0.15
2023-09-27 00:00:00+00:00,67.422,47.309,71.658,87.389,19.842,54.042,95.924,22.024,27.514,229.548,545.732,7.773,139.754,174.896,76.893,0.13,0.15
2023-09-28 00:00:00+00:00,67.375,47.462,71.93,86.719,19.855,54.196,96.304,22.135,27.606,230.254,548.497,7.546,138.769,175.037,76.938,0.13,0.15
2023-09-29 00:00:00+00:00,68.562,47.539,72.167,86.437,19.879,54.119,96.732,22.283,27.652,231.314,551.261,7.32,137.785,175.651,76.984,0.13,0.15
2023-09-30 00:00:00+00:00,69.987,47.462,72.337,86.12,19.904,54.016,97.112,22.43,27.652,232.373,554.302,7.579,136.309,176.454,76.801,0.13,0.15
2023-10-01 00:00:00+00:00,69.94,47.424,72.506,85.732,19.886,53.837,97.255,22.283,27.606,231.314,556.79,7.579,134.833,176.832,76.62,0.13,0.15
2023-10-02 00:00:00+00:00,69.417,47.424,72.642,84.992,19.817,53.837,97.065,22.172,27.56,230.607,558.725,6.737,136.309,176.738,76.078,0.13,0.15
2023-10-03 00:00:00+00:00,68.42,47.386,72.811,84.075,19.786,53.888,96.684,22.246,27.56,230.961,560.384,5.894,137.293,176.407,75.491,0.13,0.15
2023-10-04 00:00:00+00:00,67.612,47.155,72.981,83.475,19.817,53.709,96.304,22.172,27.56,230.607,562.043,6.089,135.325,176.218,75.22,0.13,0.15
2023-10-05 00:00:00+00:00,67.138,47.078,73.252,83.475,19.855,53.684,96.114,22.098,27.652,229.901,563.701,6.639,134.833,176.265,74.858,0.13,0.15
2023-10-06 00:00:00+00:00,66.615,47.155,73.523,83.44,19.879,53.76,95.924,22.098,27.744,229.901,565.636,6.866,133.849,176.407,74.362,0.13,0.15
2023-10-07 00:00:00+00:00,65.523,47.117,73.693,82.982,19.886,53.607,95.733,21.913,27.698,228.842,567.019,7.741,132.864,176.454,74.0,0.13,0.15
2023-10-08 00:00:00+00:00,64.126,47.04,73.761,82.417,19.867,53.223,95.496,21.728,27.652,227.429,567.848,8.064,132.372,176.312,73.774,0.13,0.15
2023-10-09 00:00:00+00:00,63.206,47.078,73.897,81.888,19.842,52.89,95.305,21.507,27.698,226.016,568.954,7.643,132.864,176.029,73.503,0.13,0.15
2023-10-10 00:00:00+00:00,63.758,47.27,74.303,82.312,19.786,53.018,95.4,21.507,28.019,226.016,571.165,7.838,132.372,176.265,73.368,0.13,0.15
2023-10-11 00:00:00+00:00,65.19,47.04,74.71,83.44,19.736,53.453,95.543,21.802,28.431,228.135,573.653,8.0,133.849,176.738,73.458,0.13,0.15
2023-10-12 00:00:00+00:00,66.14,46.387,74.948,84.815,19.506,53.735,95.686,22.135,28.752,230.254,575.865,7.903,131.88,177.021,73.865,0.13,0.15
2023-10-13 00:00:00+00:00,67.233,46.118,75.151,86.896,18.705,54.119,95.924,22.504,28.982,232.726,578.353,7.028,132.372,177.021,74.497,0.13,0.15
2023-10-14 00:00:00+00:00,68.373,45.926,75.355,89.258,17.555,54.3,95.971,22.911,29.028,235.552,580.288,6.51,133.356,176.738,74.903,0.13,0.15
2023-10-15 00:00:00+00:00,68.705,45.696,75.457,90.81,16.852,54.144,95.924,22.911,29.028,235.552,581.394,6.898,134.341,176.454,74.903,0.13,0.15
2023-10-16 00:00:00+00:00,68.04,45.658,75.524,91.515,16.715,53.965,95.828,22.689,29.028,234.139,582.223,7.028,136.309,176.312,74.858,0.13,0.15
2023-10-17 00:00:00+00:00,67.09,45.734,75.626,91.551,16.914,53.735,95.876,22.504,29.028,232.726,583.052,6.704,136.309,176.171,74.723,0.13,0.15
2023-10-18 00:00:00+00:00,66.282,45.696,75.66,91.374,17.039,53.479,96.161,22.43,29.028,232.373,583.605,5.862,133.849,175.887,74.542,0.13,0.15
2023-10-19 00:00:00+00:00,65.428,45.619,75.66,91.833,16.778,53.146,96.494,22.43,28.936,232.373,583.882,5.894,129.912,175.462,74.271,0.13,0.15
2023-10-20 00:00:00+00:00,64.31,45.658,75.66,92.185,16.616,52.813,96.78,22.135,28.844,230.254,584.158,6.121,127.451,175.037,73.865,0.13,0.15
2023-10-21 00:00:00+00:00,63.114,45.734,75.694,91.692,16.846,52.66,97.065,21.802,28.752,228.135,584.711,6.542,129.42,174.659,73.278,0.13,0.15
2023-10-22 00:00:00+00:00,61.78,45.773,75.694,90.845,17.225,52.404,97.35,21.507,28.661,226.016,585.264,6.186,131.388,174.282,72.736,0.13,0.15
2023-10-23 00:00:00+00:00,60.308,45.811,75.592,90.352,17.48,52.02,97.588,21.248,28.615,224.251,585.54,5.57,132.372,173.904,72.42,0.13,0.15
2023-10-24 00:00:00+00:00,59.342,45.466,75.423,90.034,17.623,51.687,97.873,21.137,28.569,223.544,585.817,5.506,134.833,173.526,71.968,0.13,0.15
2023-10-25 00:00:00+00:00,59.664,44.352,75.253,89.576,17.791,51.328,98.111,20.989,28.477,222.485,586.093,4.243,131.388,173.101,71.561,0.13,0.15
2023-10-26 00:00:00+00:00,60.584,42.854,75.117,89.012,17.977,50.868,98.301,20.657,28.34,220.366,586.093,4.664,130.404,172.676,71.245,0.13,0.15
2023-10-27 00:00:00+00:00,61.504,41.395,75.016,88.377,18.126,50.484,98.539,20.139,28.248,216.835,586.37,7.028,129.912,172.203,70.749,0.13,0.15
2023-10-28 00:00:00+00:00,62.24,40.32,74.812,87.601,18.176,50.381,98.729,19.991,28.156,215.775,586.646,7.546,128.436,171.542,69.936,0.13,0.15
2023-10-29 00:00:00+00:00,63.16,39.245,74.643,86.825,18.176,50.279,98.92,20.102,28.065,216.481,586.646,6.801,126.467,170.834,69.168,0.13,0.15
2023-10-30 00:00:00+00:00,64.126,37.709,74.473,86.191,18.245,49.869,99.11,19.991,27.973,215.775,586.923,6.186,125.975,170.22,68.716,0.13,0.15
2023-10-31 00:00:00+00:00,64.908,36.211,74.303,85.591,18.338,49.639,99.252,19.696,27.881,213.656,587.199,6.121,126.959,169.7,68.084,0.13,0.15
2023-11-01 00:00:00+00:00,65.998,34.714,74.168,84.886,18.425,49.716,99.443,19.585,27.835,212.95,587.752,6.251,127.944,169.133,67.135,0.13,0.15
2023-11-02 00:00:00+00:00,67.28,33.216,74.032,84.075,18.487,49.844,99.68,19.511,27.835,212.597,587.752,6.607,126.467,168.472,66.277,0.13,0.15
2023-11-03 00:00:00+00:00,68.8,31.91,73.897,82.841,18.543,49.869,99.918,19.696,27.789,213.656,588.028,6.834,124.499,167.669,65.6,0.13,0.15
2023-11-04 00:00:00+00:00,69.513,31.181,73.727,81.536,18.618,49.792,100.108,19.954,27.744,215.422,588.305,6.737,124.991,166.772,65.103,0.13,0.15
2023-11-05 00:00:00+00:00,69.227,30.605,73.557,80.725,18.692,49.639,100.251,20.102,27.652,216.481,588.581,6.51,127.944,166.111,64.652,0.13,0.15
2023-11-06 00:00:00+00:00,69.133,29.491,73.388,80.125,18.754,49.332,100.394,19.954,27.56,215.422,588.581,5.052,130.404,165.497,64.2,0.13,0.15
2023-11-07 00:00:00+00:00,69.18,28.224,73.218,79.561,18.804,49.127,100.489,19.622,27.423,213.303,588.858,4.469,132.864,164.883,63.658,0.13,0.15
2023-11-08 00:00:00+00:00,69.227,26.957,73.049,78.962,18.835,48.922,100.584,19.252,27.331,210.831,589.134,5.117,135.817,164.269,63.161,0.13,0.15
2023-11-09 00:00:00+00:00,69.227,25.651,72.879,78.397,18.86,48.564,100.679,18.809,27.239,207.653,589.134,6.153,134.341,163.607,62.71,0.13,0.15
2023-11-10 00:00:00+00:00,69.275,24.115,72.71,77.798,18.872,48.103,100.774,18.291,27.147,204.121,589.411,7.32,131.88,162.993,62.258,0.13,0.15
2023-11-11 00:00:00+00:00,69.655,22.234,72.54,77.234,18.872,47.54,100.822,17.665,27.01,199.883,589.687,7.708,131.88,162.332,61.942,0.13,0.15
2023-11-12 00:00:00+00:00,70.225,20.006,72.37,76.634,18.86,47.053,100.869,17.111,26.918,195.999,589.964,6.607,131.388,161.718,61.58,0.13,0.15
2023-11-13 00:00:00+00:00,70.795,17.741,72.167,76.035,18.835,46.746,100.917,16.66,26.781,192.82,589.964,6.186,131.88,161.01,60.993,0.13,0.15
2023-11-14 00:00:00+00:00,71.175,15.514,71.997,75.471,18.804,46.362,100.964,16.279,26.689,189.995,590.516,6.186,131.388,160.348,60.406,0.13,0.15
2023-11-15 00:00:00+00:00,71.413,13.363,71.828,74.977,18.761,45.799,101.012,15.932,26.551,187.523,590.516,4.761,128.928,159.64,60.18,0.13,0.15
2023-11-16 00:00:00+00:00,71.46,11.328,71.658,74.518,18.692,45.184,101.012,15.412,26.46,183.638,590.793,5.279,128.436,158.932,60.226,0.13,0.15
2023-11-17 00:00:00+00:00,71.413,9.408,71.455,74.025,18.618,44.57,101.06,14.615,26.322,177.988,591.069,7.19,127.451,158.223,60.135,0.13,0.15
2023-11-18 00:00:00+00:00,71.555,7.565,71.285,73.284,18.549,44.212,101.107,13.991,26.184,173.397,591.622,5.7,126.959,157.373,59.774,0.13,0.15
2023-11-19 00:00:00+00:00,71.413,6.182,71.116,72.508,18.487,43.904,101.202,13.505,26.093,169.865,591.899,4.34,127.451,156.523,59.367,0.13,0.15
2023-11-20 00:00:00+00:00,70.605,5.222,70.946,71.944,18.425,43.316,101.25,12.777,25.955,164.568,592.175,5.83,125.975,155.767,59.006,0.13,0.15
2023-11-21 00:00:00+00:00,69.797,4.262,70.81,71.415,18.363,42.855,101.345,11.876,25.863,158.212,592.728,6.931,127.451,155.059,58.69,0.13,0.15
2023-11-22 00:00:00+00:00,69.37,3.187,70.743,70.745,18.282,42.855,101.488,11.113,25.818,152.561,593.281,6.218,126.959,154.256,58.555,0.13,0.15
2023-11-23 00:00:00+00:00,68.895,3.034,70.607,70.005,18.164,43.085,101.583,10.559,25.772,148.676,593.557,5.57,126.467,153.358,58.419,0.13,0.15
2023-11-24 00:00:00+00:00,67.85,3.302,70.437,69.511,18.046,42.829,101.63,9.969,25.68,144.439,593.834,5.635,124.991,152.461,58.103,0.13,0.15
2023-11-25 00:00:00+00:00,66.568,2.995,70.268,69.088,17.946,42.266,101.63,9.207,25.542,138.788,594.11,6.672,123.023,151.705,57.832,0.13,0.15
2023-11-26 00:00:00+00:00,65.285,2.573,70.098,68.665,17.847,41.728,101.678,8.271,25.405,132.078,594.387,7.06,124.499,150.95,57.606,0.13,0.15
2023-11-27 00:00:00+00:00,63.988,2.342,69.929,68.242,17.735,41.14,101.678,7.473,25.267,126.428,594.94,5.7,124.499,150.147,57.29,0.13,0.15
2023-11-28 00:00:00+00:00,62.608,2.266,69.759,67.818,17.604,40.551,101.725,6.898,25.176,122.19,594.94,5.279,125.483,149.391,56.974,0.13,0.15
2023-11-29 00:00:00+00:00,61.228,2.304,69.556,67.431,17.48,39.885,101.773,6.396,24.992,118.305,595.216,5.149,123.515,148.588,56.658,0.13,0.15
2023-11-30 00:00:00+00:00,59.756,2.266,69.386,66.972,17.374,39.194,101.82,5.927,24.9,114.774,595.492,4.696,122.531,147.832,56.342,0.13,0.15
2023-12-01 00:00:00+00:00,58.33,2.15,69.217,66.478,17.275,38.503,101.868,5.424,24.763,111.242,595.769,5.117,121.054,147.029,56.025,0.13,0.15
2023-12-02 00:00:00+00:00,56.904,2.15,69.047,65.985,17.182,37.709,101.916,4.888,24.625,107.005,596.045,6.575,120.562,146.274,55.754,0.13,0.15
2023-12-03 00:00:00+00:00,55.468,2.112,68.877,65.491,17.082,36.967,101.963,4.252,24.534,102.414,596.322,6.963,120.562,145.471,55.438,0.13,0.15
2023-12-04 00:00:00+00:00,54.14,2.035,68.708,64.997,16.983,36.224,102.011,3.749,24.396,98.529,596.322,7.255,121.054,144.668,55.122,0.13,0.15
2023-12-05 00:00:00+00:00,52.812,1.997,68.504,64.433,16.883,35.456,102.011,3.313,24.213,95.351,596.598,7.417,121.054,143.865,54.806,0.13,0.15
2023-12-06 00:00:00+00:00,51.526,1.958,68.335,63.869,16.796,34.74,102.058,2.777,24.075,91.466,596.875,7.708,118.594,142.968,54.535,0.13,0.15
2023-12-07 00:00:00+00:00,50.239,1.958,68.131,63.269,16.703,33.997,102.106,2.175,23.937,86.875,597.151,8.388,120.562,142.165,54.4,0.13,0.15
2023-12-08 00:00:00+00:00,48.953,2.035,67.996,62.705,16.616,33.46,102.153,1.672,23.846,82.99,597.151,7.384,122.038,141.267,54.219,0.13,0.15
2023-12-09 00:00:00+00:00,47.915,2.112,67.792,61.965,16.529,33.28,102.201,1.371,23.708,80.872,597.704,5.311,123.023,140.323,53.722,0.13,0.15
2023-12-10 00:00:00+00:00,46.837,2.15,67.623,61.224,16.448,33.076,102.248,1.169,23.571,79.459,597.704,5.311,123.515,139.331,53.135,0.13,0.15
2023-12-11 00:00:00+00:00,45.55,2.15,67.453,60.625,16.38,32.359,102.248,0.767,23.479,76.281,597.98,6.315,122.038,138.386,52.774,0.13,0.15
2023-12-12 00:00:00+00:00,44.185,2.112,67.25,60.061,16.33,31.488,102.296,0.578,23.295,72.396,598.257,5.603,121.054,137.536,52.412,0.13,0.15
2023-12-13 00:00:00+00:00,42.82,2.074,67.08,59.461,16.28,30.772,102.344,0.548,23.158,68.511,598.257,4.566,122.038,136.591,52.006,0.13,0.15
2023-12-14 00:00:00+00:00,41.494,2.035,66.91,58.826,16.237,30.029,102.391,0.502,23.02,62.861,598.533,4.728,122.038,135.694,51.645,0.13,0.15
2023-12-15 00:00:00+00:00,40.402,2.035,66.809,58.192,16.193,29.568,102.486,0.458,22.974,57.21,599.086,4.631,124.499,134.844,51.419,0.13,0.15
2023-12-16 00:00:00+00:00,39.778,2.035,66.775,57.698,16.181,30.029,102.629,0.44,23.02,55.092,599.916,3.951,126.467,134.135,51.916,0.13,0.15
2023-12-17 00:00:00+00:00,39.406,2.035,66.741,57.31,16.299,31.488,102.772,0.438,23.112,54.738,600.745,4.016,121.546,133.474,53.09,0.13,0.15
2023-12-18 00:00:00+00:00,39.002,1.997,66.707,56.887,16.579,32.948,102.867,0.426,23.295,53.326,601.574,4.89,118.102,132.86,53.722,0.13,0.15
2023-12-19 00:00:00+00:00,38.414,1.997,66.639,56.393,16.84,33.562,102.962,0.406,23.387,50.854,602.127,6.186,118.594,132.104,53.632,0.13,0.15
2023-12-20 00:00:00+00:00,38.083,1.997,66.571,55.617,16.976,33.972,103.057,0.386,23.433,48.382,603.233,6.477,120.562,131.16,53.225,0.13,0.15
2023-12-21 00:00:00+00:00,37.936,1.958,66.47,54.848,16.995,34.407,103.152,0.386,23.387,48.382,603.786,5.344,120.562,130.026,52.774,0.13,0.15
2023-12-22 00:00:00+00:00,37.752,1.958,66.334,54.125,16.939,34.688,103.247,0.41,23.341,51.207,604.339,4.34,117.118,128.798,52.367,0.13,0.15
2023-12-23 00:00:00+00:00,37.826,2.074,66.232,53.289,16.852,34.97,103.342,0.44,23.295,55.092,604.615,4.631,116.625,127.476,52.051,0.13,0.15
2023-12-24 00:00:00+00:00,38.083,1.997,66.13,52.385,16.746,35.124,103.437,0.468,23.204,58.623,605.444,5.085,117.61,126.059,51.69,0.13,0.15
2023-12-25 00:00:00+00:00,37.936,1.958,66.029,51.639,16.635,35.303,103.485,0.494,23.112,61.801,605.997,4.534,118.102,124.736,51.103,0.13,0.15
2023-12-26 00:00:00+00:00,37.164,2.035,65.859,51.209,16.523,35.354,103.58,0.506,22.974,63.214,606.55,4.34,119.086,123.603,50.516,0.13,0.15
2023-12-27 00:00:00+00:00,36.466,1.958,65.723,50.757,16.423,35.277,103.675,0.508,22.929,63.567,606.827,5.214,122.531,122.517,49.974,0.13,0.15
2023-12-28 00:00:00+00:00,35.952,1.958,65.588,50.192,16.33,35.456,103.77,0.52,22.837,64.98,607.656,5.409,127.451,121.289,49.341,0.13,0.15
2023-12-29 00:00:00+00:00,35.143,1.92,65.452,49.763,16.249,35.584,103.865,0.524,22.745,65.686,608.209,5.441,128.928,120.202,48.664,0.13,0.15
2023-12-30 00:00:00+00:00,34.298,1.958,65.317,49.334,16.162,35.687,103.96,0.534,22.608,66.745,608.485,4.987,132.372,119.069,47.986,0.13,0.15
2023-12-31 00:00:00+00:00,33.783,2.074,65.147,48.701,16.112,35.892,104.008,0.556,22.516,69.571,608.762,4.275,136.801,117.794,47.399,0.13,0.15
2024-01-01 00:00:00+00:00,33.159,2.035,64.977,48.068,16.075,35.866,104.056,0.57,22.424,71.336,609.038,4.275,139.262,116.566,46.857,0.13,0.15
2024-01-02 00:00:00+00:00,32.185,1.882,64.808,47.661,16.013,35.815,104.103,0.564,22.287,70.63,609.315,4.34,135.817,115.432,46.18,0.13,0.15
2024-01-03 00:00:00+00:00,31.096,1.805,64.638,47.345,15.951,35.636,104.198,0.538,22.195,67.452,609.591,5.603,133.849,114.346,45.548,0.13,0.15
2024-01-04 00:00:00+00:00,29.908,1.728,64.435,47.028,15.882,34.944,104.246,0.5,22.057,62.508,609.868,7.255,128.928,113.354,45.096,0.13,0.15
2024-01-05 00:00:00+00:00,28.72,1.766,64.265,46.712,15.814,34.202,104.293,0.452,21.92,56.504,610.144,6.607,127.944,112.362,44.78,0.13,0.15
2024-01-06 00:00:00+00:00,27.532,1.958,64.096,46.35,15.746,33.46,104.341,0.414,21.782,51.913,610.144,6.834,127.451,111.323,44.464,0.13,0.15
2024-01-07 00:00:00+00:00,26.311,2.035,63.926,46.011,15.677,32.717,104.388,0.378,21.645,47.322,610.42,7.676,124.991,110.284,44.148,0.13,0.15
2024-01-08 00:00:00+00:00,25.15,1.92,63.723,45.627,15.621,32.0,104.388,0.336,21.461,42.025,610.42,6.963,124.007,109.245,43.831,0.13,0.15
2024-01-09 00:00:00+00:00,24.04,1.805,63.519,45.243,15.572,31.181,104.436,0.29,21.324,36.375,610.697,7.028,124.991,108.158,43.515,0.13,0.15
2024-01-10 00:00:00+00:00,22.87,1.766,63.35,44.859,15.528,30.413,104.388,0.248,21.186,31.077,610.697,6.477,124.007,107.119,43.154,0.13,0.15
2024-01-11 00:00:00+00:00,21.7,1.882,63.18,44.542,15.441,29.568,104.103,0.214,21.048,26.839,610.697,5.635,124.007,106.128,42.838,0.13,0.15
2024-01-12 00:00:00+00:00,20.47,2.035,63.01,44.294,15.317,29.082,103.628,0.204,20.911,25.427,610.973,5.992,123.023,105.088,42.16,0.13,0.15
2024-01-13 00:00:00+00:00,19.283,2.15,62.841,44.0,15.211,28.826,103.009,0.22,20.773,27.546,610.973,5.57,121.054,104.049,41.348,0.13,0.15
2024-01-14 00:00:00+00:00,18.158,2.189,62.637,43.706,15.112,28.4,102.344,0.24,20.59,30.018,610.973,4.858,116.133,103.058,40.715,0.13,0.15
2024-01-15 00:00:00+00:00,16.978,2.035,62.468,43.435,15.025,27.891,102.011,0.238,20.452,29.665,611.25,4.955,115.149,102.066,40.264,0.13,0.15
2024-01-16 00:00:00+00:00,15.797,1.882,62.298,43.141,14.962,27.366,102.011,0.218,20.269,27.193,611.25,5.538,117.61,101.074,39.947,0.13,0.15
2024-01-17 00:00:00+00:00,14.535,1.882,62.129,42.825,14.919,26.872,102.201,0.198,20.085,24.721,610.973,6.121,119.086,100.082,39.586,0.13,0.15
2024-01-18 00:00:00+00:00,13.394,1.92,61.993,42.486,14.882,26.254,102.344,0.174,19.948,21.895,611.25,6.737,119.578,99.137,39.225,0.13,0.15
2024-01-19 00:00:00+00:00,12.318,1.997,61.823,42.124,14.851,25.668,102.534,0.166,19.81,20.836,611.25,6.737,121.054,98.146,38.864,0.13,0.15
2024-01-20 00:00:00+00:00,11.195,2.074,61.654,41.763,14.826,25.451,102.724,0.174,19.673,21.895,611.526,6.542,122.038,97.154,38.186,0.13,0.15
2024-01-21 00:00:00+00:00,10.142,1.958,61.62,41.446,14.819,25.544,102.962,0.204,19.581,25.427,612.079,6.931,122.531,96.304,37.402,0.13,0.15
2024-01-22 00:00:00+00:00,9.231,1.843,61.586,41.062,14.832,25.467,103.247,0.232,19.535,28.958,612.908,7.093,120.562,95.359,36.816,0.13,0.15
2024-01-23 00:00:00+00:00,8.552,1.958,61.484,40.52,14.857,25.421,103.39,0.254,19.398,31.784,613.185,6.834,119.086,94.273,36.191,0.13,0.15
2024-01-24 00:00:00+00:00,7.815,2.035,61.349,39.977,14.869,25.251,103.532,0.274,19.26,34.256,613.461,5.473,118.594,93.092,35.606,0.13,0.15
2024-01-25 00:00:00+00:00,7.427,1.997,61.213,39.231,14.882,24.988,103.723,0.286,19.122,35.668,613.738,4.696,117.118,91.769,35.02,0.13,0.15
2024-01-26 00:00:00+00:00,7.582,2.035,61.111,38.192,14.888,24.988,103.865,0.302,18.985,37.787,614.014,5.085,119.086,90.258,34.2,0.13,0.15
2024-01-27 00:00:00+00:00,7.698,2.035,60.976,37.175,14.888,25.065,103.96,0.328,18.847,40.965,614.291,5.279,117.118,88.605,33.185,0.13,0.15
2024-01-28 00:00:00+00:00,7.388,2.035,60.84,36.361,14.9,24.927,104.056,0.338,18.664,42.378,614.567,6.575,116.625,87.188,32.404,0.13,0.15
2024-01-29 00:00:00+00:00,7.116,1.997,60.704,35.502,14.938,24.525,104.198,0.324,18.526,40.612,615.12,7.579,115.149,85.677,31.936,0.13,0.15
2024-01-30 00:00:00+00:00,7.252,1.92,60.637,34.418,14.981,24.324,104.341,0.314,18.389,39.2,615.396,6.769,117.118,84.071,31.272,0.13,0.15
2024-01-31 00:00:00+00:00,7.368,1.882,60.569,33.333,15.018,24.34,104.484,0.322,18.343,40.259,616.226,5.862,120.07,82.418,30.413,0.13,0.15
2024-02-01 00:00:00+00:00,7.504,2.035,60.501,32.293,15.056,24.402,104.674,0.336,18.297,42.025,616.502,4.987,121.054,80.765,29.554,0.13,0.15
2024-02-02 00:00:00+00:00,7.718,1.997,60.467,31.276,15.105,24.602,104.959,0.356,18.205,44.497,617.608,4.437,120.562,79.112,28.891,0.13,0.15
2024-02-03 00:00:00+00:00,7.989,1.958,60.433,30.35,15.13,24.896,105.197,0.386,18.159,48.382,618.437,4.826,121.546,77.506,28.422,0.13,0.15
2024-02-04 00:00:00+00:00,8.183,2.074,60.365,29.4,15.168,25.019,105.34,0.404,18.068,50.501,618.99,5.085,122.531,75.805,28.032,0.13,0.15
2024-02-05 00:00:00+00:00,8.358,2.074,60.23,28.338,15.261,24.88,105.435,0.404,17.93,50.501,619.267,5.765,122.038,74.011,27.641,0.13,0.15
2024-02-06 00:00:00+00:00,8.358,1.958,60.128,27.412,15.323,24.525,105.577,0.386,17.838,48.382,619.82,6.639,124.499,72.358,27.29,0.13,0.15
2024-02-07 00:00:00+00:00,7.679,1.728,59.958,26.847,15.342,24.047,105.72,0.352,17.701,44.144,620.649,7.352,126.467,70.941,26.977,0.13,0.15
2024-02-08 00:00:00+00:00,7.213,1.882,59.789,26.101,15.335,23.614,105.815,0.31,17.517,38.847,621.202,7.417,130.404,69.382,26.626,0.13,0.15
2024-02-09 00:00:00+00:00,7.368,2.035,59.619,24.993,15.317,23.089,105.958,0.286,17.38,35.668,621.755,5.927,134.833,67.446,26.314,0.13,0.15
2024-02-10 00:00:00+00:00,7.524,1.805,59.483,23.909,15.286,22.595,106.053,0.274,17.242,34.256,622.308,5.765,132.372,65.509,25.923,0.13,0.15
2024-02-11 00:00:00+00:00,7.524,1.69,59.314,22.892,15.255,22.148,106.148,0.256,17.105,32.137,622.584,6.834,129.912,63.62,25.533,0.13,0.15
2024-02-12 00:00:00+00:00,7.504,1.766,59.178,21.875,15.211,21.592,106.243,0.232,16.921,28.958,623.137,6.542,125.975,61.683,25.26,0.13,0.15
2024-02-13 00:00:00+00:00,7.33,1.766,59.009,20.925,15.161,21.005,106.338,0.212,16.784,26.486,623.413,5.959,125.975,59.794,24.986,0.13,0.15
2024-02-14 00:00:00+00:00,6.515,1.958,58.873,20.383,15.118,20.295,106.433,0.198,16.646,24.721,623.966,5.182,126.959,58.188,24.713,0.13,0.15
2024-02-15 00:00:00+00:00,5.22,2.227,58.737,20.067,15.087,19.693,106.528,0.186,16.509,23.308,624.519,4.599,128.436,56.866,24.44,0.13,0.15
2024-02-16 00:00:00+00:00,4.228,2.227,58.602,19.569,15.049,19.245,106.624,0.18,16.371,22.602,624.796,4.696,130.404,55.354,23.971,0.13,0.15
2024-02-17 00:00:00+00:00,3.652,2.112,58.432,18.801,15.018,18.983,106.719,0.172,16.233,21.542,625.072,5.182,128.928,53.56,23.347,0.13,0.15
2024-02-18 00:00:00+00:00,3.092,1.958,58.263,18.01,14.987,18.581,106.766,0.152,16.05,19.07,625.348,6.056,128.928,51.765,22.839,0.13,0.15
2024-02-19 00:00:00+00:00,2.692,1.805,58.093,17.129,14.944,17.995,106.766,0.122,15.912,15.185,625.072,6.445,128.436,49.876,22.449,0.13,0.15
2024-02-20 00:00:00+00:00,2.628,1.766,57.923,16.021,14.9,17.794,106.624,0.094,15.729,11.654,623.69,6.542,131.388,47.75,21.707,0.13,0.15
2024-02-21 00:00:00+00:00,2.532,1.843,57.754,14.959,14.844,17.67,106.528,0.074,15.591,9.182,622.86,5.927,132.372,45.625,20.848,0.13,0.15
2024-02-22 00:00:00+00:00,2.325,1.843,57.652,14.032,14.782,17.501,106.624,0.076,15.5,9.535,623.413,5.182,133.356,43.641,20.223,0.13,0.15
2024-02-23 00:00:00+00:00,2.2,1.805,57.517,13.061,14.739,17.13,106.719,0.09,15.408,11.301,623.966,4.923,130.404,41.563,19.794,0.13,0.15
2024-02-24 00:00:00+00:00,2.05,1.766,57.347,12.044,14.689,16.466,106.671,0.098,15.225,12.36,623.69,5.311,128.928,39.438,19.521,0.13,0.15
2024-02-25 00:00:00+00:00,1.863,1.613,57.177,11.027,14.639,15.756,106.433,0.112,15.041,14.126,621.755,5.992,127.451,37.265,19.208,0.13,0.15
2024-02-26 00:00:00+00:00,1.6,1.459,57.008,10.088,14.589,15.046,106.053,0.124,14.858,15.539,618.437,6.283,125.975,35.092,18.935,0.13,0.15
2024-02-27 00:00:00+00:00,1.375,1.421,56.872,9.84,14.521,14.32,105.672,0.118,14.72,14.832,614.844,6.769,125.975,32.967,18.662,0.13,0.15
2024-02-28 00:00:00+00:00,1.025,0.998,56.737,9.627,14.44,13.579,105.292,0.122,14.537,15.185,611.803,6.639,128.928,30.842,18.349,0.13,0.15
2024-02-29 00:00:00+00:00,0.588,1.19,56.567,9.426,14.372,12.9,104.959,0.132,14.399,16.598,608.485,6.866,128.436,28.858,18.154,0.13,0.15
2024-03-01 00:00:00+00:00,0.425,2.227,56.397,9.171,14.291,12.205,104.579,0.136,14.262,16.951,605.168,6.542,125.975,26.638,17.998,0.13,0.15
2024-03-02 00:00:00+00:00,0.438,2.88,56.228,8.881,14.198,11.896,104.198,0.158,14.078,19.776,601.851,4.826,127.451,24.229,17.53,0.13,0.15
2024-03-03 00:00:00+00:00,0.375,3.226,56.058,8.597,14.117,11.788,103.818,0.184,13.895,22.955,598.533,4.372,128.436,21.773,16.866,0.13,0.15
2024-03-04 00:00:00+00:00,0.312,3.379,55.889,8.319,14.042,11.572,103.39,0.194,13.711,24.367,595.216,4.793,128.928,19.365,16.319,0.13,0.15
2024-03-05 00:00:00+00:00,0.3,3.494,55.719,8.035,13.955,11.094,102.962,0.198,13.482,24.721,591.899,5.182,131.388,16.861,15.89,0.13,0.15
2024-03-06 00:00:00+00:00,0.312,3.571,55.55,7.751,13.868,10.26,102.534,0.186,13.253,23.308,588.305,5.927,132.864,14.358,15.695,0.13,0.15
2024-03-07 00:00:00+00:00,0.325,3.686,55.143,7.526,13.788,9.642,102.106,0.178,13.069,22.248,584.711,5.894,134.833,11.808,15.343,0.13,0.15
2024-03-08 00:00:00+00:00,0.337,3.763,54.464,7.449,13.694,9.503,101.678,0.2,12.932,25.074,581.394,5.182,134.833,9.21,14.68,0.13,0.15
2024-03-09 00:00:00+00:00,0.337,3.84,53.583,7.426,13.601,9.596,101.25,0.248,12.702,31.077,577.8,5.117,132.372,6.754,13.977,0.13,0.15
2024-03-10 00:00:00+00:00,0.35,3.917,52.735,7.621,13.564,9.365,100.822,0.29,12.519,36.375,574.206,5.603,128.436,4.345,13.391,0.13,0.15
2024-03-11 00:00:00+00:00,0.35,3.994,51.887,8.189,13.57,8.639,100.394,0.29,12.29,36.375,570.612,6.477,126.467,2.409,13.001,0.13,0.15
2024-03-12 00:00:00+00:00,0.375,4.07,51.073,8.733,13.589,8.174,99.966,0.268,12.06,33.549,567.295,7.514,129.42,1.7,12.806,0.13,0.15
2024-03-13 00:00:00+00:00,0.413,4.224,50.259,9.112,13.614,7.898,99.585,0.252,11.877,31.43,563.978,7.287,130.896,1.795,12.376,0.13,0.15
2024-03-14 00:00:00+00:00,0.45,4.339,49.479,9.473,13.645,7.834,99.157,0.248,11.739,31.077,560.937,6.283,130.896,1.889,11.869,0.13,0.15
2024-03-15 00:00:00+00:00,0.475,4.454,48.631,9.81,13.694,7.834,98.777,0.256,11.602,32.137,557.62,5.83,130.896,1.984,11.673,0.13,0.15
2024-03-16 00:00:00+00:00,0.487,4.608,47.682,10.236,13.738,7.6,98.349,0.26,11.418,32.49,554.302,5.506,130.404,2.078,11.751,0.13,0.15
2024-03-17 00:00:00+00:00,0.512,4.723,46.698,11.298,13.806,7.175,97.873,0.242,11.235,30.371,550.708,6.089,132.372,2.22,11.869,0.13,0.15
2024-03-18 00:00:00+00:00,0.525,4.838,45.545,11.32,13.955,6.743,97.445,0.218,11.052,27.193,547.391,6.121,136.309,2.362,11.986,0.13,0.15
2024-03-19 00:00:00+00:00,0.537,4.992,45.274,10.552,14.067,6.29,97.017,0.19,10.868,23.661,543.797,5.927,138.769,2.456,12.064,0.13,0.15
2024-03-20 00:00:00+00:00,0.537,5.107,45.715,9.686,14.055,5.801,96.542,0.158,10.685,19.776,540.204,7.028,139.754,2.55,11.947,0.13,0.15
2024-03-21 00:00:00+00:00,0.55,5.222,45.85,8.781,14.03,5.575,96.114,0.142,10.501,17.658,536.886,7.741,138.769,2.692,11.712,0.13,0.15
2024-03-22 00:00:00+00:00,0.563,5.414,45.952,7.828,14.018,5.631,95.733,0.132,10.364,16.598,534.122,7.546,138.769,2.834,11.322,0.13,0.15
2024-03-23 00:00:00+00:00,0.575,5.53,45.986,6.828,13.98,5.61,95.305,0.15,10.134,18.717,530.804,7.222,136.801,2.928,10.932,0.13,0.15
2024-03-24 00:00:00+00:00,0.55,5.645,46.054,5.751,13.98,5.256,94.877,0.164,9.951,20.483,527.487,7.611,132.372,3.023,10.697,0.13,0.15
2024-03-25 00:00:00+00:00,0.537,5.76,46.088,4.568,13.999,4.753,94.402,0.15,9.722,18.717,523.893,8.064,130.404,3.117,10.619,0.13,0.15
2024-03-26 00:00:00+00:00,0.55,5.875,46.122,3.325,13.98,4.292,93.974,0.132,9.538,16.598,520.3,7.935,133.356,3.259,10.619,0.13,0.15
2024-03-27 00:00:00+00:00,0.563,6.029,46.156,2.567,13.912,3.62,93.546,0.116,9.309,14.479,516.982,7.06,134.833,3.401,10.814,0.13,0.15
2024-03-28 00:00:00+00:00,0.563,6.144,46.19,1.967,13.856,3.102,93.165,0.118,9.171,14.832,513.665,6.801,135.325,3.495,11.01,0.13,0.15
2024-03-29 00:00:00+00:00,0.563,6.298,46.257,1.346,13.812,2.585,92.737,0.126,8.988,15.892,510.348,7.255,133.849,3.637,10.971,0.13,0.15
2024-03-30 00:00:00+00:00,0.575,6.451,46.291,0.863,13.819,1.799,92.309,0.116,8.85,14.479,506.754,7.255,132.372,3.826,11.01,0.13,0.15
2024-03-31 00:00:00+00:00,0.588,6.605,46.325,0.702,13.931,1.218,91.881,0.102,8.713,12.713,503.436,6.477,136.309,3.967,10.932,0.13,0.15
2024-04-01 00:00:00+00:00,0.6,6.566,46.359,0.563,14.272,0.907,91.406,0.102,8.529,12.713,499.843,5.765,142.214,4.109,10.697,0.13,0.15
2024-04-02 00:00:00+00:00,0.625,6.298,46.359,0.425,14.614,0.871,90.93,0.096,8.346,12.007,495.972,6.251,143.69,4.204,10.229,0.13,0.15
2024-04-03 00:00:00+00:00,0.837,5.875,46.393,0.446,14.714,1.112,90.455,0.076,8.163,9.535,492.655,5.992,143.198,4.345,9.487,0.13,0.15
2024-04-04 00:00:00+00:00,1.137,5.453,45.308,0.569,14.801,1.119,90.027,0.064,8.025,8.122,489.338,4.89,145.167,4.487,8.784,0.13,0.15
2024-04-05 00:00:00+00:00,1.462,4.915,42.866,0.963,14.875,0.878,89.551,0.06,7.842,7.416,485.744,4.987,144.675,4.581,8.238,0.13,0.15
2024-04-06 00:00:00+00:00,1.863,4.493,40.39,1.505,14.962,0.864,89.171,0.068,7.704,8.476,483.532,5.603,142.214,4.77,7.886,0.13,0.15
2024-04-07 00:00:00+00:00,2.338,4.186,38.322,2.001,15.099,1.176,88.838,0.074,7.658,9.182,481.321,6.38,136.309,5.148,7.652,0.13,0.15
2024-04-08 00:00:00+00:00,2.932,3.878,36.626,2.384,15.366,1.99,88.457,0.064,7.704,8.122,478.28,6.801,131.88,5.526,7.574,0.13,0.15
2024-04-09 00:00:00+00:00,3.364,3.571,35.168,2.708,15.795,3.138,88.172,0.064,7.887,8.122,475.792,6.801,135.325,5.904,7.964,0.13,0.15
2024-04-10 00:00:00+00:00,3.316,3.418,33.981,3.26,16.318,4.094,87.887,0.084,8.254,10.595,473.58,6.834,137.293,6.423,9.019,0.13,0.15
2024-04-11 00:00:00+00:00,3.236,3.494,32.489,4.278,16.945,4.902,87.601,0.108,8.713,13.42,471.369,6.801,138.769,6.99,10.932,0.13,0.15
2024-04-12 00:00:00+00:00,3.844,3.917,30.42,5.142,17.747,6.049,87.411,0.144,9.355,18.011,469.157,6.542,141.722,7.746,13.196,0.13,0.15
2024-04-13 00:00:00+00:00,4.836,4.416,28.385,5.876,18.394,7.267,87.221,0.194,10.18,24.367,468.052,7.222,143.69,8.643,15.109,0.13,0.15
2024-04-14 00:00:00+00:00,5.7,4.416,26.69,6.532,18.481,7.841,86.983,0.24,10.868,30.018,466.669,7.611,144.182,9.352,16.163,0.13,0.15
2024-04-15 00:00:00+00:00,5.991,4.109,25.197,7.307,18.381,7.933,86.65,0.276,11.281,34.609,463.905,6.639,143.69,9.918,16.671,0.13,0.15
2024-04-16 00:00:00+00:00,5.492,3.571,23.807,8.236,18.325,7.898,86.222,0.288,11.51,36.021,460.864,6.413,144.182,10.344,17.022,0.13,0.15
2024-04-17 00:00:00+00:00,4.9,2.88,22.45,9.13,18.158,7.799,85.842,0.286,11.602,35.668,457.823,5.603,143.198,10.721,17.256,0.13,0.15
2024-04-18 00:00:00+00:00,4.468,3.379,20.958,9.875,18.108,7.643,85.414,0.274,11.648,34.256,454.506,5.279,143.69,11.099,17.373,0.13,0.15
2024-04-19 00:00:00+00:00,4.372,4.416,19.229,11.23,18.263,7.43,84.938,0.248,11.648,31.077,451.188,6.704,143.69,11.383,17.373,0.13,0.15
2024-04-20 00:00:00+00:00,4.468,4.762,17.363,12.744,18.369,7.161,84.463,0.218,11.602,27.193,447.595,6.704,141.722,11.666,17.334,0.13,0.15
2024-04-21 00:00:00+00:00,4.34,5.03,15.566,14.349,18.35,6.857,83.987,0.194,11.51,24.367,444.001,5.732,138.769,11.855,17.686,0.13,0.15
2024-04-22 00:00:00+00:00,3.62,5.261,15.397,15.456,18.307,6.552,83.464,0.178,11.418,22.248,440.407,5.992,137.293,12.044,18.623,0.13,0.15
2024-04-23 00:00:00+00:00,2.412,5.453,18.042,14.756,18.288,6.219,83.036,0.16,11.327,20.13,437.09,7.287,133.356,12.374,19.638,0.13,0.15
2024-04-24 00:00:00+00:00,1.475,5.606,21.263,12.97,18.276,5.851,82.56,0.142,11.189,17.658,433.772,7.773,130.896,12.516,20.653,0.13,0.15
2024-04-25 00:00:00+00:00,1.088,5.76,23.434,11.004,18.238,5.44,82.037,0.124,11.097,15.539,430.179,6.348,130.404,11.855,21.356,0.13,0.15
2024-04-26 00:00:00+00:00,1.112,5.875,24.79,9.751,18.201,4.98,81.562,0.11,10.96,13.773,426.308,5.635,129.912,10.721,21.473,0.13,0.15
2024-04-27 00:00:00+00:00,1.162,6.029,25.401,9.408,18.151,4.47,81.086,0.098,10.868,12.36,422.715,5.182,129.42,9.493,21.356,0.13,0.15
2024-04-28 00:00:00+00:00,1.213,6.182,25.537,9.136,18.145,4.045,80.658,0.096,10.868,12.007,419.397,5.052,129.42,8.218,21.512,0.13,0.15
2024-04-29 00:00:00+00:00,1.262,6.336,25.604,8.852,18.058,3.761,80.183,0.09,10.914,11.301,415.804,5.668,126.959,6.848,21.785,0.13,0.15
2024-04-30 00:00:00+00:00,1.388,6.605,25.706,8.982,17.896,3.931,79.945,0.09,11.327,11.301,413.592,5.635,130.896,5.762,22.605,0.13,0.15
2024-05-01 00:00:00+00:00,1.312,6.451,25.638,8.81,17.896,3.627,79.945,0.088,11.006,10.948,413.868,5.441,132.372,6.093,21.941,0.13,0.15
2024-05-02 00:00:00+00:00,1.488,6.835,25.774,9.207,17.915,4.285,79.945,0.096,11.739,12.007,413.316,5.635,132.864,5.29,23.425,0.13,0.15
2024-05-03 00:00:00+00:00,1.663,7.526,25.977,9.573,18.288,5.454,80.135,0.124,12.978,15.539,412.763,7.967,135.325,5.006,25.299,0.13,0.15
2024-05-04 00:00:00+00:00,1.375,8.371,26.215,10.011,18.319,6.665,80.325,0.19,14.17,23.661,411.38,5.732,139.262,5.526,27.017,0.13,0.15
2024-05-05 00:00:00+00:00,1.75,9.331,26.452,10.801,18.301,7.799,80.468,0.266,15.316,33.196,410.275,5.57,139.754,5.951,28.656,0.13,0.15
2024-05-06 00:00:00+00:00,2.175,10.406,26.791,11.75,18.282,9.55,80.848,0.336,16.371,42.025,410.551,3.692,141.23,6.707,30.491,0.13,0.15
2024-05-07 00:00:00+00:00,1.787,11.789,27.198,12.292,18.68,12.483,81.419,0.392,17.38,49.088,409.998,7.093,142.214,8.643,32.092,0.13,0.15
2024-05-08 00:00:00+00:00,1.388,13.325,27.605,11.185,19.314,14.938,81.942,0.44,18.343,55.092,409.998,6.898,142.214,10.249,33.81,0.13,0.15
2024-05-09 00:00:00+00:00,2.163,15.053,28.08,11.637,19.158,17.408,82.513,0.516,19.443,64.627,410.551,7.32,142.706,11.241,35.41,0.13,0.15
2024-05-10 00:00:00+00:00,3.076,16.896,28.589,13.174,18.481,20.017,83.084,0.598,20.544,74.868,411.657,6.639,141.23,12.469,37.402,0.13,0.15
2024-05-11 00:00:00+00:00,4.18,18.586,29.097,14.462,18.027,22.287,83.512,1.706,21.507,83.344,413.592,6.348,140.246,13.791,38.909,0.13,0.15
2024-05-12 00:00:00+00:00,5.076,20.122,29.538,15.569,18.039,24.463,84.13,2.644,22.332,90.407,415.527,5.992,137.785,15.303,40.67,0.13,0.15
2024-05-13 00:00:00+00:00,6.107,21.734,30.047,16.654,18.226,26.81,85.176,3.783,23.25,98.882,418.292,5.635,135.817,17.192,42.883,0.13,0.15
2024-05-14 00:00:00+00:00,7.33,23.501,30.556,17.739,18.282,28.954,86.46,5.19,24.304,109.477,422.162,4.307,136.309,19.459,45.186,0.13,0.15
2024-05-15 00:00:00+00:00,8.377,25.267,31.098,18.801,18.238,31.898,87.839,6.429,25.313,118.659,427.138,6.801,131.388,21.632,47.038,0.13,0.15
2024-05-16 00:00:00+00:00,9.289,26.957,31.675,19.863,18.182,34.74,89.266,7.716,26.322,128.194,431.561,7.093,129.912,24.324,48.754,0.13,0.15
2024-05-17 00:00:00+00:00,10.493,28.877,32.387,21.174,18.269,37.991,91.12,9.241,27.423,139.141,437.366,7.125,128.436,30.039,50.787,0.13,0.15
2024-05-18 00:00:00+00:00,11.733,30.835,33.065,22.575,18.412,40.884,92.785,10.767,28.477,150.089,442.895,6.477,130.896,34.526,52.593,0.13,0.15
2024-05-19 00:00:00+00:00,12.482,32.602,33.608,24.112,18.388,43.213,94.069,11.98,29.257,158.918,446.765,5.959,134.833,38.824,53.993,0.13,0.15
2024-05-20 00:00:00+00:00,13.09,34.176,34.117,25.762,18.226,45.44,95.305,12.847,29.991,165.275,450.912,4.793,138.277,43.216,55.574,0.13,0.15
2024-05-21 00:00:00+00:00,13.464,35.52,34.625,27.525,18.058,47.284,96.494,13.748,30.633,171.631,455.335,7.255,139.262,47.656,56.658,0.13,0.15
2024-05-22 00:00:00+00:00,13.511,36.864,35.27,29.536,17.673,49.101,97.731,14.337,31.366,175.869,460.035,7.32,140.738,52.143,57.877,0.13,0.15
2024-05-23 00:00:00+00:00,14.19,38.4,36.016,31.254,17.306,51.098,99.157,15.065,31.779,181.166,465.011,5.927,141.722,56.394,59.097,0.13,0.15
2024-05-24 00:00:00+00:00,16.346,39.782,37.304,33.717,17.306,53.786,101.107,15.897,32.1,187.17,473.028,6.801,144.675,62.061,61.039,0.13,0.15
2024-05-25 00:00:00+00:00,19.75,40.358,38.763,36.045,17.536,55.026,103.009,16.279,32.1,189.995,481.597,7.481,153.04,68.296,63.026,0.13,0.15
2024-05-26 00:00:00+00:00,22.57,40.666,39.712,38.192,17.331,54.974,104.484,16.348,31.871,190.348,488.508,6.834,156.485,73.822,64.29,0.13,0.15
2024-05-27 00:00:00+00:00,26.608,41.971,41.34,40.452,17.163,55.363,107.337,16.417,31.962,191.055,498.737,7.449,160.421,80.34,66.639,0.13,0.15
2024-05-28 00:00:00+00:00,30.733,43.162,42.968,43.141,17.921,55.467,111.825,17.076,32.24,195.645,515.047,9.004,174.698,88.51,70.387,0.13,0.15
2024-05-29 00:00:00+00:00,34.004,43.238,43.477,45.424,18.114,55.155,111.681,17.492,32.1,198.824,524.999,7.06,179.177,94.509,72.103,0.13,0.15
2024-05-30 00:00:00+00:00,37.238,43.238,43.883,47.616,17.865,54.87,111.201,17.7,31.733,200.236,531.91,7.093,178.679,99.988,73.503,0.13,0.15
2024-05-31 00:00:00+00:00,40.558,43.392,44.562,49.808,17.318,55.181,111.489,17.811,31.687,200.943,538.545,8.259,182.661,105.041,75.987,0.13,0.15
2024-06-01 00:00:00+00:00,43.093,43.469,45.07,51.955,16.902,54.896,111.105,17.922,31.32,201.649,544.074,7.643,181.168,109.623,77.349,0.13,0.15
2024-06-02 00:00:00+00:00,44.38,44.122,45.477,54.102,16.765,54.689,110.913,17.922,31.183,201.649,548.497,6.769,174.2,113.543,77.806,0.13,0.15
2024-06-03 00:00:00+00:00,46.096,44.89,45.952,55.935,16.889,54.585,110.817,18.07,31.137,202.708,552.367,5.992,164.85,116.896,77.806,0.13,0.15
2024-06-04 00:00:00+00:00,47.032,45.696,46.597,57.486,17.567,54.507,110.721,17.996,31.091,202.355,555.408,6.898,158.945,120.155,77.806,0.13,0.15
2024-06-05 00:00:00+00:00,47.832,46.272,47.105,58.368,18.313,54.481,110.769,18.07,30.999,202.708,558.725,6.834,154.024,122.847,77.851,0.13,0.15
2024-06-06 00:00:00+00:00,48.662,46.886,47.682,60.378,17.809,54.611,110.865,18.809,31.045,207.653,563.701,7.903,150.088,126.012,78.262,0.13,0.15
2024-06-07 00:00:00+00:00,48.87,46.886,48.021,60.484,17.984,54.352,110.432,19.215,30.954,210.478,564.531,8.194,147.627,127.854,77.851,0.13,0.15
2024-06-08 00:00:00+00:00,48.662,46.925,48.258,61.506,18.102,54.17,110.288,18.883,30.954,208.359,567.295,7.967,145.167,128.94,77.577,0.13,0.15
2024-06-09 00:00:00+00:00,48.703,46.963,48.496,64.081,18.027,54.119,110.192,18.328,31.045,204.474,570.336,7.643,141.722,129.696,77.577,0.13,0.15
2024-06-10 00:00:00+00:00,49.036,46.886,48.699,66.373,18.002,53.991,110.144,17.848,31.137,201.296,573.1,7.028,137.293,130.168,77.669,0.13,0.15
2024-06-11 00:00:00+00:00,48.703,47.078,48.97,67.713,18.201,53.914,110.096,17.249,31.137,197.058,576.141,6.737,137.785,130.971,77.349,0.13,0.15
2024-06-12 00:00:00+00:00,48.122,47.386,49.276,68.136,18.102,53.965,110.192,16.729,31.183,193.173,579.459,6.477,137.785,132.482,77.167,0.13,0.15
2024-06-13 00:00:00+00:00,48.081,47.424,49.615,67.501,18.108,54.119,110.288,16.348,31.137,190.348,582.776,5.473,139.262,133.521,77.167,0.13,0.15
2024-06-14 00:00:00+00:00,48.205,47.309,49.886,67.078,18.039,54.119,110.24,16.071,31.137,188.582,584.711,6.931,136.309,134.513,77.121,0.13,0.15
2024-06-15 00:00:00+00:00,48.33,47.194,50.157,66.584,18.021,54.119,110.24,16.036,31.091,188.229,585.264,7.287,135.817,135.505,77.121,0.13,0.15
2024-06-16 00:00:00+00:00,49.782,47.309,50.734,69.017,18.164,55.155,110.769,16.279,31.596,189.995,586.646,6.056,138.277,137.205,78.491,0.13,0.15
2024-06-17 00:00:00+00:00,53.02,46.886,51.344,70.816,18.375,55.155,111.057,17.111,31.596,195.999,589.411,7.158,149.103,139.756,79.267,0.13,0.15
2024-06-18 00:00:00+00:00,55.011,46.963,51.955,71.168,18.586,55.155,111.345,18.476,31.458,205.534,595.216,8.356,158.945,143.156,79.723,0.13,0.15
2024-06-19 00:00:00+00:00,56.766,46.963,52.43,71.556,18.81,54.896,111.105,20.25,31.458,217.541,600.468,7.935,163.866,146.226,79.312,0.13,0.15
2024-06-20 00:00:00+00:00,57.594,47.04,52.837,70.71,19.078,54.533,110.672,21.47,31.504,225.663,602.127,5.635,159.929,147.974,78.536,0.13,0.15
2024-06-21 00:00:00+00:00,57.594,47.27,53.108,69.934,19.264,54.3,110.384,22.024,31.55,229.548,602.127,6.315,155.008,149.249,77.988,0.13,0.15
2024-06-22 00:00:00+00:00,57.41,47.501,53.413,69.088,19.395,54.17,110.288,22.246,31.55,230.961,601.851,6.575,150.088,150.288,77.669,0.13,0.15
2024-06-23 00:00:00+00:00,57.916,47.731,53.786,68.488,19.469,54.196,110.336,22.43,31.596,232.373,602.127,6.413,145.659,151.422,77.532,0.13,0.15
2024-06-24 00:00:00+00:00,58.698,47.654,54.125,67.748,19.525,54.17,110.24,22.541,31.596,233.079,601.574,6.477,140.738,152.461,77.395,0.13,0.15
2024-06-25 00:00:00+00:00,59.526,47.501,54.227,67.325,19.488,54.093,110.144,22.652,31.55,233.786,600.745,6.283,139.262,153.358,77.258,0.13,0.15
2024-06-26 00:00:00+00:00,60.354,47.501,54.736,66.972,19.444,54.326,110.144,22.689,31.504,234.139,599.916,5.7,137.785,154.35,77.075,0.13,0.15
2024-06-27 00:00:00+00:00,61.274,47.77,55.041,66.443,19.413,54.3,110.144,22.8,31.458,234.845,599.086,4.761,137.293,155.531,76.984,0.13,0.15
2024-06-28 00:00:00+00:00,63.344,47.846,55.482,66.02,19.407,54.352,110.288,22.911,31.366,235.552,599.086,6.348,136.309,157.184,76.984,0.13,0.15
2024-06-29 00:00:00+00:00,66.14,47.693,55.957,66.126,19.32,54.403,110.384,22.985,31.32,235.905,601.021,5.668,135.817,158.695,77.03,0.13,0.15
2024-06-30 00:00:00+00:00,67.185,47.424,56.363,65.985,19.289,54.352,110.24,23.059,31.275,236.611,602.404,5.992,134.833,159.026,76.938,0.13,0.15
2024-07-01 00:00:00+00:00,66.282,47.194,56.601,65.421,19.376,54.17,110.0,23.133,31.183,236.964,602.956,5.57,134.833,158.79,76.756,0.13,0.15
2024-07-02 00:00:00+00:00,64.678,47.194,56.804,64.821,19.469,53.965,109.81,23.059,31.045,236.611,602.404,5.7,134.341,158.318,76.484,0.13,0.15
2024-07-03 00:00:00+00:00,63.16,47.232,57.008,64.116,19.538,53.709,109.572,23.059,30.954,236.611,601.574,5.959,134.833,157.94,76.258,0.13,0.15
2024-07-04 00:00:00+00:00,61.504,47.155,57.177,63.516,19.581,53.402,109.382,23.059,30.862,236.611,600.468,7.676,134.341,157.42,76.033,0.13,0.15
2024-07-05 00:00:00+00:00,60.676,47.232,57.381,64.186,19.513,53.274,109.334,23.133,30.862,236.964,599.363,7.06,135.325,156.901,76.033,0.13,0.15
2024-07-06 00:00:00+00:00,60.078,47.117,57.517,65.103,19.382,53.069,109.192,23.17,30.724,237.317,598.257,7.028,136.801,156.428,75.852,0.13,0.15
2024-07-07 00:00:00+00:00,60.262,47.078,57.584,67.36,18.848,52.839,109.096,23.022,30.678,236.258,597.98,6.51,134.341,155.767,75.716,0.13,0.15
2024-07-08 00:00:00+00:00,60.814,47.347,57.856,68.594,18.444,53.12,109.382,22.911,30.816,235.552,599.363,6.477,135.325,155.436,76.033,0.13,0.15
2024-07-09 00:00:00+00:00,61.136,47.232,58.059,67.854,18.537,53.12,109.287,22.985,30.724,235.905,598.533,5.7,136.801,155.059,75.897,0.13,0.15
2024-07-10 00:00:00+00:00,60.906,47.155,58.195,67.148,18.611,52.941,109.144,23.022,30.587,236.258,597.151,6.51,136.309,154.634,75.626,0.13,0.15
2024-07-11 00:00:00+00:00,62.838,47.693,58.67,66.655,18.711,53.991,109.572,23.17,30.724,237.317,597.98,6.866,139.262,154.87,76.529,0.13,0.15
2024-07-12 00:00:00+00:00,64.724,47.155,58.941,66.02,18.866,54.481,109.81,23.243,30.678,237.67,599.363,8.129,141.23,154.87,76.847,0.13,0.15
2024-07-13 00:00:00+00:00,64.816,47.155,59.11,65.35,19.022,54.377,109.81,23.243,30.633,237.67,600.192,7.579,142.214,154.539,76.847,0.13,0.15
2024-07-14 00:00:00+00:00,64.908,47.194,59.314,67.078,18.332,54.248,109.715,23.243,30.541,237.67,599.363,7.093,141.23,154.161,76.801,0.13,0.15
2024-07-15 00:00:00+00:00,65.76,47.078,59.551,68.383,17.729,54.741,109.857,23.317,30.541,238.377,599.086,7.741,144.182,153.972,77.167,0.13,0.15
2024-07-16 00:00:00+00:00,65.617,47.155,59.755,68.03,17.841,54.533,109.905,23.428,30.495,239.083,599.086,7.546,146.151,153.736,77.212,0.13,0.15
2024-07-17 00:00:00+00:00,64.862,47.347,59.992,68.065,17.809,54.481,109.905,23.428,30.403,239.083,599.086,7.06,147.135,153.453,77.349,0.13,0.15
2024-07-18 00:00:00+00:00,64.034,47.462,60.196,68.206,17.921,54.352,109.81,23.391,30.312,238.73,597.98,6.348,147.135,153.075,77.258,0.13,0.15
2024-07-19 00:00:00+00:00,63.16,47.539,60.297,67.748,18.182,54.17,109.62,23.28,30.174,238.024,597.428,5.927,145.167,152.65,77.03,0.13,0.15
2024-07-20 00:00:00+00:00,62.608,47.462,60.433,67.254,18.425,53.94,109.429,23.243,30.036,237.67,595.769,5.085,144.182,152.178,76.847,0.13,0.15
2024-07-21 00:00:00+00:00,62.24,47.386,60.501,68.03,18.158,53.632,109.192,23.133,29.945,236.964,594.387,5.506,141.23,151.705,76.62,0.13,0.15
2024-07-22 00:00:00+00:00,62.102,47.77,60.704,69.123,18.195,53.325,109.001,22.874,29.807,235.198,593.004,6.51,138.277,151.28,76.394,0.13,0.15
2024-07-23 00:00:00+00:00,63.988,47.731,60.908,69.264,18.139,53.402,109.239,22.911,29.807,235.552,593.834,7.417,144.182,151.375,76.847,0.13,0.15
2024-07-24 00:00:00+00:00,63.85,47.654,61.043,68.735,18.207,53.351,109.144,22.911,29.715,235.552,593.557,6.834,146.151,150.997,76.665,0.13,0.15
2024-07-25 00:00:00+00:00,63.298,47.616,61.145,69.652,18.207,53.223,109.001,22.652,29.578,233.786,593.557,6.121,146.151,150.572,76.394,0.13,0.15
2024-07-26 00:00:00+00:00,63.114,47.309,61.213,69.299,18.108,53.172,108.811,22.541,29.486,233.079,592.175,5.635,145.659,150.099,75.897,0.13,0.15
2024-07-27 00:00:00+00:00,63.528,47.27,61.45,68.771,18.201,53.223,108.906,22.652,29.394,233.786,592.175,5.538,144.675,150.005,75.942,0.13,0.15
2024-07-28 00:00:00+00:00,63.252,47.194,61.586,68.277,18.214,53.12,108.859,22.615,29.257,233.433,591.069,5.57,142.214,149.627,75.762,0.13,0.15
2024-07-29 00:00:00+00:00,62.424,47.27,61.654,69.546,18.338,53.018,108.716,22.135,29.165,230.254,591.346,6.153,138.277,149.155,75.581,0.13,0.15
2024-07-30 00:00:00+00:00,61.504,47.309,61.688,69.899,18.307,52.762,108.526,21.913,29.073,228.842,590.516,6.769,136.801,148.635,75.22,0.13,0.15
2024-07-31 00:00:00+00:00,60.584,47.347,61.79,69.899,18.282,52.429,108.288,21.765,28.982,227.782,588.858,7.06,136.309,148.163,74.903,0.13,0.15
2024-08-01 00:00:00+00:00,59.572,47.347,61.823,70.428,18.22,52.045,107.955,21.654,28.844,227.076,586.923,7.352,136.309,147.691,74.497,0.13,0.15
2024-08-02 00:00:00+00:00,58.56,47.309,61.891,70.287,18.033,51.559,107.622,21.728,28.707,227.429,584.435,6.996,137.293,147.171,74.181,0.13,0.15
2024-08-03 00:00:00+00:00,57.456,47.232,61.925,69.723,18.102,51.047,107.289,21.728,28.569,227.429,581.947,7.449,137.293,146.652,73.82,0.13,0.15
2024-08-04 00:00:00+00:00,56.536,47.27,61.993,70.216,18.064,50.663,107.004,21.543,28.431,226.37,580.288,7.546,137.293,146.179,73.413,0.13,0.15
2024-08-05 00:00:00+00:00,56.076,47.347,62.027,71.063,17.548,50.356,106.814,21.396,28.34,225.31,579.735,6.963,136.309,145.612,72.961,0.13,0.15
2024-08-06 00:00:00+00:00,55.095,47.347,62.061,71.415,17.828,49.844,106.481,21.359,28.248,224.957,577.8,7.546,136.309,145.14,72.6,0.13,0.15
2024-08-07 00:00:00+00:00,54.264,47.424,62.129,72.156,18.214,49.332,106.243,21.137,28.065,223.544,576.418,6.898,135.817,144.715,72.284,0.13,0.15
2024-08-08 00:00:00+00:00,55.261,47.386,62.264,74.166,18.176,49.383,106.386,21.1,27.973,223.191,575.588,7.449,137.293,144.573,72.42,0.13,0.15
2024-08-09 00:00:00+00:00,55.509,47.194,62.4,76.634,18.083,49.28,106.481,20.657,27.835,220.366,575.588,10.462,137.293,144.337,72.284,0.13,0.15
2024-08-10 00:00:00+00:00,59.434,47.386,62.875,78.151,18.201,50.688,107.004,20.657,27.835,220.366,580.288,6.737,136.309,144.573,72.961,0.13,0.15
2024-08-11 00:00:00+00:00,64.264,47.539,63.485,80.09,18.518,51.559,107.384,20.73,27.789,220.719,585.817,5.506,135.325,145.14,73.503,0.13,0.15
2024-08-12 00:00:00+00:00,66.093,47.309,63.79,82.241,18.935,51.943,107.432,20.583,27.744,219.66,589.687,6.186,133.849,145.754,73.774,0.13,0.15
2024-08-13 00:00:00+00:00,65.617,47.194,63.96,83.405,19.053,52.404,107.337,20.989,27.606,222.485,591.069,5.894,132.372,145.896,73.549,0.13,0.15
2024-08-14 00:00:00+00:00,64.678,47.27,64.028,85.485,18.015,52.532,107.099,21.765,27.514,227.782,590.516,5.927,130.404,145.943,73.187,0.13,0.15
2024-08-15 00:00:00+00:00,63.804,47.347,64.13,86.12,18.058,52.48,107.099,22.283,27.468,231.314,589.134,8.226,131.388,146.179,73.323,0.13,0.15
2024-08-16 00:00:00+00:00,63.942,47.616,64.299,87.883,18.189,52.66,107.337,22.689,27.468,234.139,589.411,8.162,133.356,146.51,73.413,0.13,0.15
2024-08-17 00:00:00+00:00,64.448,47.347,64.401,89.576,18.126,52.711,107.48,22.874,27.423,235.198,588.858,8.55,135.325,147.029,73.549,0.13,0.15
2024-08-18 00:00:00+00:00,64.034,47.309,64.537,91.198,18.12,52.506,107.432,22.652,27.377,233.786,588.028,8.129,137.293,147.502,73.503,0.13,0.15
2024-08-19 00:00:00+00:00,63.62,47.386,64.706,92.679,18.12,52.25,107.432,22.135,27.239,230.254,587.752,7.417,137.785,148.021,73.323,0.13,0.15
2024-08-20 00:00:00+00:00,63.206,47.309,64.808,94.019,18.083,51.917,107.289,21.765,27.147,227.782,586.093,6.769,137.785,148.541,73.052,0.13,0.15
2024-08-21 00:00:00+00:00,62.884,47.309,64.943,95.324,18.033,52.352,107.622,21.248,27.102,224.251,586.923,6.607,137.785,149.155,73.413,0.13,0.15
2024-08-22 00:00:00+00:00,62.792,47.27,65.079,96.382,18.108,52.89,108.288,20.472,27.01,218.953,589.687,6.834,137.785,149.722,73.729,0.13,0.15
2024-08-23 00:00:00+00:00,63.068,47.808,65.249,97.298,18.214,53.428,108.716,19.733,26.964,214.009,593.281,5.635,137.293,150.524,74.091,0.13,0.15
2024-08-24 00:00:00+00:00,65.57,47.462,65.588,98.392,18.356,54.274,109.572,19.252,27.239,210.831,598.81,6.348,138.769,151.705,75.084,0.13,0.15
2024-08-25 00:00:00+00:00,67.042,47.117,65.859,99.52,18.717,54.663,110.288,18.993,27.468,209.065,603.233,6.056,143.198,152.792,75.852,0.13,0.15
2024-08-26 00:00:00+00:00,67.945,47.27,66.164,100.543,18.86,54.533,110.432,18.624,27.652,206.593,607.103,7.417,144.675,153.736,76.439,0.13,0.15
2024-08-27 00:00:00+00:00,70.13,47.462,66.571,101.847,18.686,54.507,110.336,18.698,27.789,206.946,610.144,7.741,142.706,155.106,76.847,0.13,0.15
2024-08-28 00:00:00+00:00,70.415,47.347,66.775,103.011,18.487,54.377,110.192,18.993,27.789,209.065,611.803,8.032,138.769,156.05,76.893,0.13,0.15
2024-08-29 00:00:00+00:00,70.178,47.347,67.012,104.245,18.238,54.248,110.144,19.215,27.744,210.478,613.461,7.903,136.801,156.948,76.893,0.13,0.15
2024-08-30 00:00:00+00:00,70.035,47.386,67.216,105.409,18.064,54.119,110.048,19.474,27.744,212.244,613.738,7.773,134.833,157.798,76.801,0.13,0.15
2024-08-31 00:00:00+00:00,69.892,47.347,67.317,106.22,18.145,53.914,109.952,19.696,27.698,213.656,613.738,6.672,134.833,158.601,76.71,0.13,0.15
2024-09-01 00:00:00+00:00,69.18,47.27,67.385,105.162,18.4,53.76,109.857,19.77,27.652,214.362,614.567,7.417,133.356,159.262,76.349,0.13,0.15
2024-09-02 00:00:00+00:00,67.898,47.309,67.487,105.021,18.263,53.581,109.762,19.954,27.56,215.422,614.291,7.125,132.864,159.876,75.987,0.13,0.15
2024-09-03 00:00:00+00:00,66.615,47.347,67.555,104.598,18.114,53.197,109.524,20.361,27.468,218.247,612.356,5.344,133.849,160.396,75.671,0.13,0.15
2024-09-04 00:00:00+00:00,65.95,47.539,67.657,105.832,18.071,53.12,109.572,20.583,27.514,219.66,611.803,5.894,134.833,161.151,75.807,0.13,0.15
2024-09-05 00:00:00+00:00,66.33,47.731,67.86,107.137,18.182,53.991,109.715,20.841,27.606,221.425,612.632,6.931,143.198,162.143,76.484,0.13,0.15
2024-09-06 00:00:00+00:00,66.377,47.539,67.996,108.336,18.437,54.533,109.905,20.73,27.744,220.719,614.844,8.421,142.706,163.041,76.71,0.13,0.15
2024-09-07 00:00:00+00:00,65.57,47.501,68.097,107.278,18.369,54.352,109.905,20.915,27.744,222.132,615.12,8.421,139.262,163.702,76.71,0.13,0.15
2024-09-08 00:00:00+00:00,64.356,47.539,68.165,105.797,18.263,54.144,109.762,21.137,27.652,223.544,614.291,8.032,136.309,164.269,76.62,0.13,0.15
2024-09-09 00:00:00+00:00,63.528,47.462,68.233,104.492,18.052,53.94,109.62,21.285,27.606,224.604,613.185,6.737,135.325,164.741,76.484,0.13,0.15
2024-09-10 00:00:00+00:00,63.39,47.616,68.437,103.223,18.356,54.455,110.384,21.802,27.927,228.135,614.844,6.283,139.754,165.638,77.212,0.13,0.15
2024-09-11 00:00:00+00:00,63.39,47.578,68.572,103.611,17.828,54.533,110.576,22.098,28.019,229.901,617.332,6.218,142.214,166.347,77.532,0.13,0.15
2024-09-12 00:00:00+00:00,64.264,47.616,68.843,102.376,18.095,54.559,110.576,22.135,28.11,230.254,618.99,7.158,144.182,167.15,77.714,0.13,0.15
2024-09-13 00:00:00+00:00,64.218,47.462,69.013,101.001,18.369,54.429,110.288,22.246,28.156,230.961,619.267,7.514,143.198,167.622,77.486,0.13,0.15
2024-09-14 00:00:00+00:00,63.344,47.424,69.115,99.732,18.549,54.222,110.096,22.357,28.065,231.667,618.437,7.449,140.246,167.858,77.212,0.13,0.15
2024-09-15 00:00:00+00:00,62.286,47.309,69.183,99.308,18.301,54.042,109.952,22.283,28.019,231.314,617.884,6.607,138.769,168.0,76.938,0.13,0.15
2024-09-16 00:00:00+00:00,61.32,47.424,69.25,99.203,17.915,53.735,109.905,22.172,27.973,230.607,617.332,5.927,137.785,168.142,76.71,0.13,0.15
2024-09-17 00:00:00+00:00,60.308,47.539,69.352,98.039,18.046,53.428,109.905,22.246,27.973,230.961,615.673,5.441,137.293,168.236,76.575,0.13,0.15
2024-09-18 00:00:00+00:00,59.25,47.501,69.386,96.875,18.133,53.095,109.762,22.246,27.881,230.961,614.014,7.417,134.833,168.189,76.304,0.13,0.15
2024-09-19 00:00:00+00:00,58.146,47.347,69.42,95.994,18.064,52.813,109.524,22.246,27.789,230.961,611.803,6.963,135.817,168.0,75.942,0.13,0.15
2024-09-20 00:00:00+00:00,56.996,47.232,69.454,95.218,17.971,52.48,109.287,22.135,27.698,230.254,609.868,7.384,135.325,167.811,75.581,0.13,0.15
2024-09-21 00:00:00+00:00,55.717,47.194,69.454,94.759,17.971,52.071,109.049,21.987,27.606,229.195,607.656,7.935,134.833,167.669,75.31,0.13,0.15
2024-09-22 00:00:00+00:00,54.306,47.232,69.454,94.724,18.083,51.687,108.764,21.802,27.514,228.135,605.444,6.898,134.833,167.48,74.949,0.13,0.15
2024-09-23 00:00:00+00:00,52.853,47.309,69.454,94.865,18.064,51.328,108.431,21.728,27.377,227.429,602.956,6.121,134.341,167.386,74.542,0.13,0.15
2024-09-24 00:00:00+00:00,51.359,47.309,69.454,93.772,18.052,50.791,108.098,21.802,27.285,228.135,599.639,6.704,133.849,167.15,74.271,0.13,0.15
2024-09-25 00:00:00+00:00,50.364,47.347,69.454,93.067,18.033,50.458,107.908,21.987,27.331,229.195,597.704,7.611,133.356,167.15,74.181,0.13,0.15
2024-09-26 00:00:00+00:00,49.99,47.386,69.454,93.772,18.288,50.458,108.145,22.246,27.514,230.961,597.151,7.838,134.833,167.339,74.452,0.13,0.15
2024-09-27 00:00:00+00:00,48.87,47.424,69.454,94.407,18.158,50.279,108.098,22.246,27.514,230.961,596.322,7.967,135.817,167.291,74.452,0.13,0.15
2024-09-28 00:00:00+00:00,47.874,47.386,69.454,96.276,18.332,50.484,108.05,21.876,27.423,228.488,597.151,5.376,134.341,167.15,73.684,0.13,0.15
2024-09-29 00:00:00+00:00,48.039,47.309,70.2,97.369,18.008,50.509,107.908,21.765,27.331,227.782,597.151,5.603,131.388,166.677,72.916,0.13,0.15
2024-09-30 00:00:00+00:00,47.422,47.232,70.268,97.581,18.325,50.381,107.67,21.617,27.193,226.723,595.769,6.607,130.404,166.488,72.329,0.13,0.15
2024-10-01 00:00:00+00:00,47.305,47.194,70.37,98.921,18.039,50.484,107.527,21.396,27.147,225.31,595.492,6.542,128.436,166.158,71.471,0.13,0.15
2024-10-02 00:00:00+00:00,46.291,47.232,70.437,99.344,18.195,50.381,107.242,21.507,27.056,226.016,593.557,5.668,129.912,166.016,70.794,0.13,0.15
2024-10-03 00:00:00+00:00,45.004,47.232,70.471,98.251,18.021,49.972,106.909,21.802,26.964,228.135,590.793,5.57,131.388,165.969,70.432,0.13,0.15
2024-10-04 00:00:00+00:00,43.99,47.194,70.505,97.016,17.965,49.46,106.528,22.024,26.872,229.548,587.752,5.538,132.864,165.733,70.116,0.13,0.15
2024-10-05 00:00:00+00:00,42.859,47.155,70.539,95.571,18.033,48.922,106.148,22.098,26.735,229.901,584.435,6.542,134.341,165.497,69.8,0.13,0.15
2024-10-06 00:00:00+00:00,41.806,47.155,70.573,94.266,18.095,48.384,105.768,22.098,26.597,229.901,581.394,7.449,134.833,165.213,69.484,0.13,0.15
2024-10-07 00:00:00+00:00,41.923,47.155,70.573,93.384,18.102,48.0,105.387,22.024,26.46,229.548,578.906,5.635,135.817,164.646,68.987,0.13,0.15
2024-10-08 00:00:00+00:00,41.026,47.232,70.607,92.82,18.064,47.642,105.102,22.283,26.414,231.314,575.865,5.992,135.817,164.316,68.852,0.13,0.15
2024-10-09 00:00:00+00:00,40.558,47.386,70.675,91.833,18.17,48.461,105.007,22.874,26.414,235.198,573.377,6.607,137.785,164.127,69.439,0.13,0.15
2024-10-10 00:00:00+00:00,40.48,47.27,70.743,91.198,18.182,49.946,105.007,23.65,26.414,240.496,570.889,6.51,139.262,163.938,70.342,0.13,0.15
2024-10-11 00:00:00+00:00,39.934,47.232,70.777,93.384,18.083,50.381,104.864,23.872,26.368,241.908,569.507,5.409,138.769,163.655,70.342,0.13,0.15
2024-10-12 00:00:00+00:00,39.002,47.155,70.81,95.253,18.164,50.304,104.769,23.539,26.276,239.789,570.336,5.506,137.785,163.56,70.252,0.13,0.15
2024-10-13 00:00:00+00:00,38.377,47.04,70.878,96.558,18.263,50.202,104.721,23.17,26.184,237.317,571.718,4.34,136.309,163.418,70.071,0.13,0.15
2024-10-14 00:00:00+00:00,38.561,46.963,70.912,97.757,18.301,50.432,104.721,22.874,26.139,235.198,573.377,5.214,134.833,163.088,69.665,0.13,0.15
2024-10-15 00:00:00+00:00,37.789,46.886,70.946,97.616,18.133,50.151,104.626,22.541,26.047,233.079,574.483,5.894,134.833,162.946,69.619,0.13,0.15
2024-10-16 00:00:00+00:00,36.686,46.925,70.946,96.734,18.17,49.844,104.484,22.135,25.955,230.254,575.312,6.834,136.309,162.899,69.439,0.13,0.15
2024-10-17 00:00:00+00:00,36.834,46.963,70.98,97.686,18.257,49.844,104.293,22.024,25.863,229.548,574.759,5.506,133.356,162.521,68.852,0.13,0.15
2024-10-18 00:00:00+00:00,37.311,47.347,71.116,98.286,18.17,49.895,104.293,21.913,25.863,228.842,576.418,5.085,131.88,162.332,68.852,0.13,0.15
2024-10-19 00:00:00+00:00,38.45,47.309,71.217,97.263,18.251,49.997,104.151,22.024,25.818,229.548,575.312,6.575,132.372,162.19,68.987,0.13,0.15
2024-10-20 00:00:00+00:00,39.934,47.808,71.387,98.251,18.307,50.56,104.293,21.802,25.772,228.135,576.141,6.639,136.309,162.19,69.619,0.13,0.15
2024-10-21 00:00:00+00:00,44.38,47.424,71.658,99.273,18.301,52.096,104.816,22.024,25.863,229.548,581.67,5.668,141.23,162.852,70.387,0.13,0.15
2024-10-22 00:00:00+00:00,49.492,47.194,72.133,100.472,18.394,53.607,105.387,22.504,26.047,232.726,589.134,4.631,144.182,163.513,71.381,0.13,0.15
2024-10-23 00:00:00+00:00,53.393,47.155,72.642,101.742,18.437,54.326,105.863,22.504,26.276,232.726,597.151,4.307,142.706,164.41,71.878,0.13,0.15
2024-10-24 00:00:00+00:00,55.219,47.078,72.947,102.764,18.207,54.481,105.958,22.911,26.368,235.552,599.916,5.214,141.722,164.694,72.149,0.13,0.15
2024-10-25 00:00:00+00:00,56.582,47.155,73.15,103.646,18.195,54.352,106.148,22.874,26.414,235.198,602.127,4.826,140.246,164.788,72.239,0.13,0.15
2024-10-26 00:00:00+00:00,56.49,46.848,73.286,103.752,18.245,54.17,106.1,23.059,26.368,236.611,601.851,5.603,138.277,165.166,72.149,0.13,0.15
2024-10-27 00:00:00+00:00,57.916,47.04,73.456,104.034,18.319,53.991,106.053,23.022,26.368,236.258,601.574,6.153,136.801,165.213,72.103,0.13,0.15
2024-10-28 00:00:00+00:00,60.17,47.04,73.693,104.845,18.338,54.222,106.338,23.243,26.551,237.67,603.786,4.502,135.817,165.638,72.51,0.13,0.15
2024-10-29 00:00:00+00:00,61.734,46.656,73.829,105.444,18.176,54.17,106.291,23.391,26.643,238.73,604.062,5.247,134.833,165.78,72.555,0.13,0.15
2024-10-30 00:00:00+00:00,60.998,46.656,73.964,104.492,18.245,53.965,106.196,23.317,26.643,238.377,602.68,6.704,133.356,166.158,72.42,0.13,0.15
2024-10-31 00:00:00+00:00,59.986,46.618,74.066,105.479,18.419,53.684,106.005,23.28,26.597,238.024,601.574,7.546,131.388,166.63,72.284,0.13,0.15
2024-11-01 00:00:00+00:00,63.528,48.0,74.812,107.137,18.189,53.632,106.243,22.763,26.689,234.492,604.339,6.445,129.42,167.953,72.103,0.13,0.15
2024-11-02 00:00:00+00:00,67.233,47.808,75.355,108.829,18.226,54.068,106.481,22.615,26.872,233.433,611.25,4.987,125.975,169.7,71.787,0.13,0.15
2024-11-03 00:00:00+00:00,67.09,47.501,75.558,107.948,18.437,53.812,106.291,22.911,26.872,235.552,611.803,5.992,124.991,170.409,71.652,0.13,0.15
2024-11-04 00:00:00+00:00,66.9,47.309,75.694,107.313,18.251,53.632,106.196,23.17,26.826,237.317,611.526,5.279,124.007,170.928,71.516,0.13,0.15
2024-11-05 00:00:00+00:00,66.33,47.194,75.66,105.938,18.425,53.325,106.005,23.317,26.781,238.377,610.144,6.218,123.515,171.259,71.381,0.13,0.15
2024-11-06 00:00:00+00:00,65.237,47.194,75.423,104.88,18.562,52.967,105.815,23.428,26.689,239.083,608.209,6.51,124.007,171.495,71.155,0.13,0.15
2024-11-07 00:00:00+00:00,64.218,47.117,75.151,104.139,18.574,52.66,105.577,23.502,26.505,239.436,606.55,6.024,124.499,171.589,70.794,0.13,0.15
2024-11-08 00:00:00+00:00,63.114,47.04,74.88,103.328,18.605,52.25,105.34,23.65,26.46,240.496,604.339,5.992,124.499,171.637,70.523,0.13,0.15
2024-11-09 00:00:00+00:00,61.918,46.963,74.609,102.553,18.599,51.815,105.102,23.761,26.368,241.202,602.127,5.894,124.991,171.684,70.252,0.13,0.15
2024-11-10 00:00:00+00:00,60.63,46.925,74.303,101.742,18.611,51.354,104.769,23.872,26.276,241.908,599.639,6.251,125.483,171.637,69.981,0.13,0.15
2024-11-11 00:00:00+00:00,59.342,46.848,74.032,101.001,18.63,50.868,104.484,23.946,26.184,242.615,596.598,6.153,125.975,171.542,69.71,0.13,0.15
2024-11-12 00:00:00+00:00,58.054,46.771,73.727,100.261,18.624,50.356,104.151,23.946,26.047,242.615,594.11,6.737,125.483,171.4,69.394,0.13,0.15
2024-11-13 00:00:00+00:00,56.72,46.694,73.422,99.591,18.605,49.844,103.818,24.02,25.909,242.968,591.346,6.737,125.975,171.259,69.123,0.13,0.15
2024-11-14 00:00:00+00:00,55.302,46.733,73.15,98.956,18.562,49.306,103.532,23.946,25.818,242.615,588.581,7.838,125.975,171.07,68.852,0.13,0.15
2024-11-15 00:00:00+00:00,53.974,46.694,72.845,98.251,18.562,48.743,103.2,24.02,25.726,242.968,585.817,8.421,124.991,170.834,68.49,0.13,0.15
2024-11-16 00:00:00+00:00,52.895,46.963,72.676,97.968,18.468,48.308,103.009,23.872,25.68,241.908,584.158,7.773,125.483,170.739,68.174,0.13,0.15
2024-11-17 00:00:00+00:00,52.978,46.694,72.608,100.789,18.064,48.333,103.009,23.539,25.772,239.789,585.817,5.538,124.991,170.834,67.497,0.13,0.15
2024-11-18 00:00:00+00:00,53.103,45.965,72.37,103.152,18.201,47.975,102.962,22.985,25.68,235.905,587.199,4.987,124.007,170.786,66.865,0.13,0.15
2024-11-19 00:00:00+00:00,52.936,45.312,72.099,102.976,18.232,46.9,102.676,22.8,25.588,234.845,585.264,7.06,123.515,170.786,67.361,0.13,0.15
2024-11-20 00:00:00+00:00,52.646,44.621,71.794,102.129,18.307,45.722,102.296,22.8,25.497,234.845,582.223,8.064,123.515,170.834,68.174,0.13,0.15
2024-11-21 00:00:00+00:00,52.314,43.93,71.523,101.318,18.338,45.005,101.916,22.985,25.405,235.905,579.182,4.631,122.531,170.834,68.445,0.13,0.15
2024-11-22 00:00:00+00:00,51.941,43.238,71.251,100.507,18.375,43.93,101.535,23.428,25.267,239.083,576.141,4.696,120.07,170.739,68.807,0.13,0.15
2024-11-23 00:00:00+00:00,51.609,42.47,70.946,99.732,18.425,42.88,101.107,23.428,25.13,239.083,572.548,7.222,120.562,170.598,68.987,0.13,0.15
2024-11-24 00:00:00+00:00,51.193,41.741,70.607,99.203,18.437,41.984,100.727,23.317,24.946,238.377,570.06,7.19,120.562,170.503,68.987,0.13,0.15
2024-11-25 00:00:00+00:00,51.774,41.203,70.437,101.424,18.356,41.14,100.727,23.022,24.992,236.258,571.442,4.307,118.594,170.361,69.168,0.13,0.15
2024-11-26 00:00:00+00:00,51.774,40.55,70.132,103.716,18.108,40.397,100.679,22.763,25.038,234.492,572.271,4.631,118.594,170.314,69.303,0.13,0.15
2024-11-27 00:00:00+00:00,51.443,39.859,69.895,105.797,17.952,39.68,100.632,21.987,24.992,229.195,573.377,5.441,120.07,170.55,69.529,0.13,0.15
2024-11-28 00:00:00+00:00,51.526,39.168,69.623,104.563,18.077,39.245,100.346,21.913,24.946,228.842,571.165,5.085,120.562,170.55,69.348,0.13,0.15
2024-11-29 00:00:00+00:00,51.069,38.438,69.318,103.963,18.12,38.81,100.061,22.024,24.855,229.548,568.954,6.672,118.102,170.692,69.484,0.13,0.15
2024-11-30 00:00:00+00:00,50.695,37.709,69.047,103.893,17.847,38.324,99.776,21.765,24.763,227.782,567.572,8.518,118.102,170.739,69.665,0.13,0.15
2024-12-01 00:00:00+00:00,50.364,37.056,68.776,103.364,17.722,38.503,99.585,21.728,24.717,227.429,566.189,6.413,118.594,170.786,69.213,0.13,0.15
2024-12-02 00:00:00+00:00,50.695,36.941,68.64,102.764,17.865,38.836,99.585,21.913,25.038,228.842,565.913,4.307,119.086,171.023,69.665,0.13,0.15
2024-12-03 00:00:00+00:00,51.484,36.787,68.64,102.306,18.269,39.45,99.538,22.246,25.359,230.961,565.084,4.987,119.578,171.306,70.297,0.13,0.15
2024-12-04 00:00:00+00:00,51.443,36.288,68.437,101.636,18.524,39.296,99.252,22.504,25.359,232.726,563.148,6.542,120.07,171.4,70.703,0.13,0.15
2024-12-05 00:00:00+00:00,51.152,35.597,68.199,100.895,18.736,38.912,98.92,22.615,25.313,233.433,560.66,7.352,120.562,171.4,71.019,0.13,0.15
2024-12-06 00:00:00+00:00,50.903,34.906,67.928,100.296,18.866,38.682,98.682,22.8,25.267,234.845,558.449,6.251,122.038,171.353,71.245,0.13,0.15
2024-12-07 00:00:00+00:00,50.53,34.138,67.657,100.084,18.717,38.4,98.349,22.911,25.176,235.552,556.237,6.51,124.007,171.306,71.381,0.13,0.15
2024-12-08 00:00:00+00:00,50.239,33.37,67.419,99.379,18.767,38.452,98.016,22.911,25.13,235.552,553.473,4.89,125.975,171.259,71.245,0.13,0.15
2024-12-09 00:00:00+00:00,49.907,32.563,67.148,98.709,18.798,37.812,97.683,22.763,25.038,234.492,550.432,5.635,127.451,171.117,71.336,0.13,0.15
2024-12-10 00:00:00+00:00,49.492,31.757,67.216,98.039,18.804,36.045,97.255,22.541,24.946,233.079,547.115,5.959,129.912,170.975,71.607,0.13,0.15
2024-12-11 00:00:00+00:00,49.118,30.874,66.537,97.369,18.792,35.405,96.875,22.172,24.809,230.607,544.074,7.028,130.404,170.786,71.336,0.13,0.15
2024-12-12 00:00:00+00:00,48.703,29.952,66.232,96.699,18.773,34.791,96.447,21.913,24.671,228.842,540.48,6.866,131.388,170.55,70.974,0.13,0.15
2024-12-13 00:00:00+00:00,48.247,29.03,65.927,96.064,18.736,34.176,96.066,21.617,24.625,226.723,537.439,8.032,131.88,170.267,70.613,0.13,0.15
2024-12-14 00:00:00+00:00,47.832,28.186,65.69,95.465,18.705,33.818,95.638,21.359,24.534,224.957,534.122,5.959,131.88,170.125,70.071,0.13,0.15
2024-12-15 00:00:00+00:00,47.383,27.226,65.384,94.936,18.649,33.972,95.21,21.1,24.396,223.191,530.528,6.542,131.88,169.842,69.032,0.13,0.15
2024-12-16 00:00:00+00:00,47.541,26.688,65.283,95.465,18.618,34.56,95.068,20.657,24.579,220.366,529.699,6.477,130.404,169.842,68.49,0.13,0.15
2024-12-17 00:00:00+00:00,47.749,26.266,65.079,98.286,18.667,35.738,95.02,19.954,24.717,215.422,530.528,6.704,129.912,169.842,68.31,0.13,0.15
2024-12-18 00:00:00+00:00,47.344,25.536,64.842,99.379,18.481,35.738,94.687,20.065,24.763,216.128,528.04,5.441,131.388,169.842,68.039,0.13,0.15
2024-12-19 00:00:00+00:00,47.11,24.883,64.706,99.696,18.257,36.199,94.592,19.843,24.809,214.716,528.04,4.664,131.388,169.936,67.316,0.13,0.15
2024-12-20 00:00:00+00:00,46.876,24.269,64.503,100.084,18.145,36.839,94.307,19.733,24.9,214.009,526.934,5.668,132.864,169.936,66.684,0.13,0.15
2024-12-21 00:00:00+00:00,46.525,23.501,64.265,100.049,18.176,37.274,94.021,19.585,24.992,212.95,525.552,6.769,133.849,169.936,65.916,0.13,0.15
2024-12-22 00:00:00+00:00,46.057,22.733,64.096,101.248,18.064,37.632,93.926,19.178,24.992,210.125,526.381,5.57,130.896,170.031,65.148,0.13,0.15
2024-12-23 00:00:00+00:00,45.706,21.696,63.926,101.847,18.394,37.888,93.688,19.178,24.9,210.125,525.276,4.761,130.404,170.125,64.561,0.13,0.15
2024-12-24 00:00:00+00:00,45.394,20.467,63.655,101.636,18.139,37.556,93.356,19.178,24.855,210.125,523.617,5.992,130.896,170.22,64.11,0.13,0.15
2024-12-25 00:00:00+00:00,45.004,19.2,63.383,100.825,18.17,37.3,92.975,18.846,24.763,208.006,520.576,7.741,131.88,170.22,63.613,0.13,0.15
2024-12-26 00:00:00+00:00,44.887,18.355,63.18,100.119,18.182,38.068,92.69,18.698,24.763,206.946,518.641,4.696,132.864,170.314,62.935,0.13,0.15
2024-12-27 00:00:00+00:00,45.394,17.818,63.078,99.555,18.251,39.757,92.5,18.624,24.992,206.593,516.706,6.898,132.864,170.456,62.71,0.13,0.15
2024-12-28 00:00:00+00:00,45.745,16.896,62.909,98.921,18.363,40.346,92.214,18.439,25.084,205.181,514.771,8.421,134.341,170.598,62.71,0.13,0.15
2024-12-29 00:00:00+00:00,45.628,15.936,62.773,98.286,18.475,41.063,91.929,18.365,25.13,204.827,512.283,7.579,134.833,170.55,61.942,0.13,0.15
2024-12-30 00:00:00+00:00,45.511,15.014,62.603,97.757,18.586,41.728,91.644,18.328,25.221,204.474,510.624,5.862,135.325,170.645,61.309,0.13,0.15
2024-12-31 00:00:00+00:00,45.199,13.901,62.332,97.157,18.667,41.6,91.263,18.439,25.176,205.181,507.86,6.283,136.309,170.456,61.039,0.13,0.15
2025-01-01 00:00:00+00:00,44.848,12.826,62.129,96.911,18.698,41.344,90.978,18.328,25.221,204.474,505.372,7.125,136.309,170.55,60.903,0.13,0.15
