date,Kjelavatn,Staavatn,Langesae,Foersvatn,Venemo,Botnedalsvatn,Bitdalsvatn,Vaamarvatn,Langeidvatn,Totak,Songavatn,Vinjevatn,Bandak,Bordalsvatn,Byrtevatn,Hyljelihyl,Vatjern
2015-01-01 00:00:00+00:00,40.49,40.49,31.81,31.81,28.98,38.7,30.13,28.98,4.78,28.98,30.13,22.65,7.73,31.81,9.32,28.98,4.78
2015-01-02 00:00:00+00:00,40.89,40.89,30.96,30.96,26.44,36.47,30.52,26.44,4.44,26.44,30.52,35.13,8.52,30.96,8.72,26.44,4.44
2015-01-03 00:00:00+00:00,40.87,40.87,30.51,30.51,26.36,36.35,30.39,26.36,4.28,26.36,30.39,35.3,10.18,30.51,8.43,26.36,4.28
2015-01-04 00:00:00+00:00,40.5,40.5,30.06,30.06,26.33,35.68,30.11,26.33,4.23,26.33,30.11,28.63,7.16,30.06,7.96,26.33,4.23
2015-01-05 00:00:00+00:00,39.51,39.51,29.35,29.35,26.06,34.59,29.58,26.06,3.89,26.06,29.58,31.33,3.14,29.35,7.4,26.06,3.89
2015-01-06 00:00:00+00:00,38.3,38.3,28.36,28.36,25.37,34.05,28.36,25.37,3.97,25.37,28.36,21.1,1.74,28.36,7.69,25.37,3.97
2015-01-07 00:00:00+00:00,37.19,37.19,27.95,27.95,25.2,33.75,27.99,25.2,3.88,25.2,27.99,17.6,0.01,27.95,7.13,25.2,3.88
2015-01-08 00:00:00+00:00,36.11,36.11,27.72,27.72,25.3,33.97,27.87,25.3,3.82,25.3,27.87,19.65,0.01,27.72,6.92,25.3,3.82
2015-01-09 00:00:00+00:00,34.97,34.97,27.84,27.84,25.37,33.97,27.68,25.37,3.67,25.37,27.68,26.86,0.01,27.84,6.75,25.37,3.67
2015-01-10 00:00:00+00:00,34.02,34.02,28.41,28.41,25.59,34.14,27.59,25.59,3.44,25.59,27.59,27.83,0.01,28.41,6.71,25.59,3.44
2015-01-11 00:00:00+00:00,33.33,33.33,29.0,29.0,26.16,34.41,27.65,26.16,3.38,26.16,27.65,35.91,0.01,29.0,6.21,26.16,3.38
2015-01-12 00:00:00+00:00,32.67,32.67,29.32,29.32,26.76,34.66,27.91,26.76,3.18,26.76,27.91,27.44,0.01,29.32,5.55,26.76,3.18
2015-01-13 00:00:00+00:00,33.54,33.54,31.02,31.02,27.66,36.32,29.0,27.66,2.83,27.66,29.0,16.59,0.01,31.02,7.34,27.66,2.83
2015-01-14 00:00:00+00:00,33.1,33.1,31.85,31.85,28.5,37.41,29.58,28.5,2.65,28.5,29.58,0.01,0.01,31.85,7.09,28.5,2.65
2015-01-15 00:00:00+00:00,32.4,32.4,32.37,32.37,29.0,37.94,29.82,29.0,2.4,29.0,29.82,4.53,0.01,32.37,6.65,29.0,2.4
2015-01-16 00:00:00+00:00,32.28,32.28,33.4,33.4,29.89,38.76,30.52,29.89,2.29,29.89,30.52,6.66,0.01,33.4,6.64,29.89,2.29
2015-01-17 00:00:00+00:00,33.14,33.14,35.45,35.45,31.72,40.89,32.27,31.72,2.29,31.72,32.27,40.96,0.01,35.45,6.97,31.72,2.29
2015-01-18 00:00:00+00:00,32.42,32.42,35.41,35.41,31.71,40.54,32.28,31.71,1.36,31.71,32.28,52.4,0.01,35.41,6.39,31.71,1.36
2015-01-19 00:00:00+00:00,31.85,31.85,35.17,35.17,31.6,39.74,32.07,31.6,0.01,31.6,32.07,47.74,0.01,35.17,5.76,31.6,0.01
2015-01-20 00:00:00+00:00,31.06,31.06,35.71,35.71,30.92,39.43,32.1,30.92,0.01,30.92,32.1,29.79,0.01,35.71,6.75,30.92,0.01
2015-01-21 00:00:00+00:00,30.55,30.55,35.79,35.79,30.75,39.13,32.12,30.75,0.01,30.75,32.12,48.59,0.01,35.79,6.64,30.75,0.01
2015-01-22 00:00:00+00:00,29.92,29.92,35.43,35.43,30.38,38.67,31.93,30.38,0.01,30.38,31.93,37.04,0.01,35.43,6.48,30.38,0.01
2015-01-23 00:00:00+00:00,29.22,29.22,34.86,34.86,29.73,38.17,31.57,29.73,0.01,29.73,31.57,37.82,0.01,34.86,6.21,29.73,0.01
2015-01-24 00:00:00+00:00,27.81,27.81,33.53,33.53,28.5,36.85,30.44,28.5,0.01,28.5,30.44,56.91,0.01,33.53,5.93,28.5,0.01
2015-01-25 00:00:00+00:00,27.63,27.63,33.45,33.45,28.48,36.46,30.44,28.48,0.01,28.48,30.44,56.87,5.17,33.45,5.65,28.48,0.01
2015-01-26 00:00:00+00:00,27.57,27.57,33.0,33.0,28.43,35.67,30.23,28.43,0.01,28.43,30.23,56.69,4.36,33.0,5.38,28.43,0.01
2015-01-27 00:00:00+00:00,28.45,28.45,33.52,33.52,29.68,38.04,31.52,29.68,0.01,29.68,31.52,36.26,8.04,33.52,7.33,29.68,0.01
2015-01-28 00:00:00+00:00,29.81,29.81,34.91,34.91,31.21,40.22,33.12,31.21,0.01,31.21,33.12,37.99,5.62,34.91,8.24,31.21,0.01
2015-01-29 00:00:00+00:00,32.19,32.19,37.74,37.74,33.76,43.62,35.95,33.76,0.01,33.76,35.95,31.74,2.95,37.74,9.53,33.76,0.01
2015-01-30 00:00:00+00:00,33.81,33.81,39.71,39.71,35.58,45.88,37.93,35.58,0.01,35.58,37.93,30.64,0.01,39.71,10.55,35.58,0.01
2015-01-31 00:00:00+00:00,33.98,33.98,39.7,39.7,35.73,46.27,38.26,35.73,0.19,35.73,38.26,35.52,0.01,39.7,11.15,35.73,0.19
2015-02-01 00:00:00+00:00,33.87,33.87,39.14,39.14,35.55,45.92,38.11,35.55,0.57,35.55,38.11,40.69,0.01,39.14,11.18,35.55,0.57
2015-02-02 00:00:00+00:00,33.71,33.71,38.36,38.36,35.53,45.16,37.66,35.53,0.37,35.53,37.66,38.44,0.01,38.36,10.48,35.53,0.37
2015-02-03 00:00:00+00:00,33.45,33.45,37.71,37.71,36.05,46.62,37.74,36.05,0.73,36.05,37.74,35.87,0.01,37.71,12.48,36.05,0.73
2015-02-04 00:00:00+00:00,31.64,31.64,36.28,36.28,35.51,45.44,36.27,35.51,0.7,35.51,36.27,0.01,0.01,36.28,12.41,35.51,0.7
2015-02-05 00:00:00+00:00,29.28,29.28,34.47,34.47,33.62,43.04,34.05,33.62,0.65,33.62,34.05,0.01,0.01,34.47,12.01,33.62,0.65
2015-02-06 00:00:00+00:00,27.67,27.67,33.21,33.21,32.44,41.61,32.34,32.44,0.61,32.44,32.34,13.52,0.01,33.21,11.9,32.44,0.61
2015-02-07 00:00:00+00:00,27.12,27.12,33.07,33.07,32.0,41.71,31.88,32.0,0.59,32.0,31.88,46.68,0.01,33.07,12.34,32.0,0.59
2015-02-08 00:00:00+00:00,26.98,26.98,33.31,33.31,31.84,42.1,31.9,31.84,0.44,31.84,31.9,55.61,3.37,33.31,12.1,31.84,0.44
2015-02-09 00:00:00+00:00,26.95,26.95,32.88,32.88,31.62,41.71,31.59,31.62,0.15,31.62,31.59,55.53,12.82,32.88,11.04,31.62,0.15
2015-02-10 00:00:00+00:00,27.27,27.27,33.26,33.26,32.1,43.76,32.17,32.1,0.75,32.1,32.17,50.98,18.5,33.26,12.86,32.1,0.75
2015-02-11 00:00:00+00:00,27.43,27.43,33.11,33.11,32.3,44.37,32.15,32.3,0.75,32.3,32.15,29.01,19.97,33.11,13.03,32.3,0.75
2015-02-12 00:00:00+00:00,27.38,27.38,33.22,33.22,32.26,44.58,31.92,32.26,0.74,32.26,31.92,18.06,17.8,33.22,13.19,32.26,0.74
2015-02-13 00:00:00+00:00,27.3,27.3,32.96,32.96,32.08,44.84,31.57,32.08,0.71,32.08,31.57,7.45,15.1,32.96,13.16,32.08,0.71
2015-02-14 00:00:00+00:00,27.15,27.15,32.56,32.56,31.65,45.25,31.16,31.65,0.82,31.65,31.16,18.02,17.36,32.56,13.07,31.65,0.82
2015-02-15 00:00:00+00:00,26.63,26.63,32.11,32.11,31.03,45.25,30.89,31.03,0.68,31.03,30.89,21.48,18.79,32.11,12.76,31.03,0.68
2015-02-16 00:00:00+00:00,26.27,26.27,31.64,31.64,30.58,44.64,30.63,30.58,0.41,30.58,30.63,21.84,24.47,31.64,12.1,30.58,0.41
2015-02-17 00:00:00+00:00,25.96,25.96,32.17,32.17,30.67,47.18,30.89,30.67,0.7,30.67,30.89,23.73,26.24,32.17,13.84,30.67,0.7
2015-02-18 00:00:00+00:00,25.47,25.47,31.88,31.88,30.15,47.93,30.5,30.15,0.41,30.15,30.5,43.5,27.17,31.88,13.88,30.15,0.41
2015-02-19 00:00:00+00:00,25.19,25.19,31.81,31.81,29.96,49.01,30.48,29.96,0.41,29.96,30.48,30.48,24.89,31.81,13.86,29.96,0.41
2015-02-20 00:00:00+00:00,25.02,25.02,32.0,32.0,29.94,49.78,30.51,29.94,0.41,29.94,30.51,21.73,25.86,32.0,13.81,29.94,0.41
2015-02-21 00:00:00+00:00,24.82,24.82,32.18,32.18,29.8,50.56,30.65,29.8,0.41,29.8,30.65,16.31,23.19,32.18,13.96,29.8,0.41
2015-02-22 00:00:00+00:00,24.46,24.46,31.92,31.92,29.49,50.86,30.5,29.49,0.14,29.49,30.5,20.91,25.76,31.92,13.62,29.49,0.14
2015-02-23 00:00:00+00:00,23.9,23.9,31.21,31.21,28.95,50.42,29.89,28.95,0.01,28.95,29.89,19.56,26.41,31.21,12.74,28.95,0.01
2015-02-24 00:00:00+00:00,23.8,23.8,31.61,31.61,29.31,50.76,30.32,29.31,0.01,29.31,30.32,21.76,22.56,31.61,14.04,29.31,0.01
2015-02-25 00:00:00+00:00,23.55,23.55,31.38,31.38,29.61,50.7,30.24,29.61,0.01,29.61,30.24,6.83,18.1,31.38,14.29,29.61,0.01
2015-02-26 00:00:00+00:00,23.31,23.31,31.34,31.34,30.0,50.71,30.28,30.0,0.01,30.0,30.28,4.93,16.13,31.34,14.64,30.0,0.01
2015-02-27 00:00:00+00:00,23.15,23.15,31.65,31.65,30.61,51.11,30.53,30.61,0.01,30.61,30.53,2.08,14.76,31.65,16.16,30.61,0.01
2015-02-28 00:00:00+00:00,22.74,22.74,31.52,31.52,31.04,51.17,30.75,31.04,0.01,31.04,30.75,25.59,14.46,31.52,18.08,31.04,0.01
2015-03-01 00:00:00+00:00,21.69,21.69,30.56,30.56,30.78,50.4,29.61,30.78,0.01,30.78,29.61,35.93,12.6,30.56,18.27,30.78,0.01
2015-03-02 00:00:00+00:00,20.85,20.85,29.74,29.74,30.55,49.85,28.88,30.55,0.01,30.55,28.88,33.76,17.8,29.74,17.49,30.55,0.01
2015-03-03 00:00:00+00:00,20.71,20.71,29.88,29.88,31.8,49.84,29.53,31.8,0.01,31.8,29.53,17.88,24.92,29.88,19.69,31.8,0.01
2015-03-04 00:00:00+00:00,20.12,20.12,29.51,29.51,32.14,49.48,29.46,32.14,0.01,32.14,29.46,20.81,25.54,29.51,20.15,32.14,0.01
2015-03-05 00:00:00+00:00,19.79,19.79,29.2,29.2,32.56,49.08,29.33,32.56,0.01,32.56,29.33,8.93,23.09,29.2,20.43,32.56,0.01
2015-03-06 00:00:00+00:00,19.38,19.38,28.72,28.72,32.69,48.46,28.95,32.69,0.01,32.69,28.95,2.92,26.54,28.72,20.88,32.69,0.01
2015-03-07 00:00:00+00:00,19.02,19.02,28.32,28.32,32.8,48.23,28.74,32.8,0.01,32.8,28.74,15.93,29.86,28.32,21.47,32.8,0.01
2015-03-08 00:00:00+00:00,18.91,18.91,28.18,28.18,33.04,48.75,28.73,33.04,0.01,33.04,28.73,37.07,28.0,28.18,21.5,33.04,0.01
2015-03-09 00:00:00+00:00,18.97,18.97,28.2,28.2,32.84,49.5,28.73,32.84,0.01,32.84,28.73,37.93,25.78,28.2,21.52,32.84,0.01
2015-03-10 00:00:00+00:00,18.9,18.9,28.69,28.69,32.88,49.26,29.03,32.88,0.01,32.88,29.03,36.16,17.92,28.69,21.85,32.88,0.01
2015-03-11 00:00:00+00:00,18.9,18.9,29.11,29.11,32.42,49.38,29.12,32.42,0.01,32.42,29.12,30.33,13.72,29.11,21.83,32.42,0.01
2015-03-12 00:00:00+00:00,18.86,18.86,29.56,29.56,32.54,49.28,29.21,32.54,0.01,32.54,29.21,22.87,13.3,29.56,21.6,32.54,0.01
2015-03-13 00:00:00+00:00,18.85,18.85,30.0,30.0,33.03,48.96,29.25,33.03,0.01,33.03,29.25,29.9,6.6,30.0,21.64,33.03,0.01
2015-03-14 00:00:00+00:00,18.81,18.81,30.48,30.48,33.6,49.53,29.28,33.6,0.01,33.6,29.28,37.65,6.39,30.48,21.98,33.6,0.01
2015-03-15 00:00:00+00:00,18.74,18.74,30.51,30.51,33.41,49.49,29.01,33.41,0.01,33.41,29.01,35.67,8.03,30.51,21.79,33.41,0.01
2015-03-16 00:00:00+00:00,18.75,18.75,30.44,30.44,33.42,49.57,28.64,33.42,0.01,33.42,28.64,34.23,9.01,30.44,21.34,33.42,0.01
2015-03-17 00:00:00+00:00,19.19,19.19,31.42,31.42,34.64,49.7,29.46,34.64,0.01,34.64,29.46,49.7,11.39,31.42,24.14,34.64,0.01
2015-03-18 00:00:00+00:00,19.47,19.47,31.83,31.83,34.61,49.95,29.67,34.61,0.01,34.61,29.67,40.31,12.18,31.83,24.73,34.61,0.01
2015-03-19 00:00:00+00:00,19.69,19.69,32.11,32.11,34.53,50.03,29.8,34.53,0.01,34.53,29.8,19.13,15.49,32.11,24.75,34.53,0.01
2015-03-20 00:00:00+00:00,19.92,19.92,32.34,32.34,34.4,50.03,29.92,34.4,0.01,34.4,29.92,15.61,16.68,32.34,24.69,34.4,0.01
2015-03-21 00:00:00+00:00,20.42,20.42,33.11,33.11,34.81,50.58,30.34,34.81,0.01,34.81,30.34,33.87,16.86,33.11,24.92,34.81,0.01
2015-03-22 00:00:00+00:00,20.22,20.22,33.14,33.14,35.1,50.53,30.03,35.1,0.01,35.1,30.03,50.53,18.19,33.14,24.52,35.1,0.01
2015-03-23 00:00:00+00:00,19.83,19.83,32.67,32.67,35.61,50.23,29.38,35.61,0.01,35.61,29.38,43.82,21.21,32.67,24.31,35.61,0.01
2015-03-24 00:00:00+00:00,20.04,20.04,33.37,33.37,38.12,49.96,29.99,38.12,0.01,38.12,29.99,20.44,24.98,33.37,25.9,38.12,0.01
2015-03-25 00:00:00+00:00,20.07,20.07,33.3,33.3,38.59,48.04,29.86,38.59,0.01,38.59,29.86,7.27,24.82,33.3,26.45,38.59,0.01
2015-03-26 00:00:00+00:00,20.17,20.17,33.35,33.35,38.85,43.26,29.75,38.85,0.01,38.85,29.75,0.01,24.74,33.35,27.2,38.85,0.01
2015-03-27 00:00:00+00:00,20.29,20.29,33.39,33.39,38.81,40.59,29.63,38.81,0.01,38.81,29.63,18.11,26.89,33.39,28.08,38.81,0.01
2015-03-28 00:00:00+00:00,20.1,20.1,32.85,32.85,38.69,38.61,28.99,38.69,0.01,38.69,28.99,24.05,29.51,32.85,28.25,38.69,0.01
2015-03-29 00:00:00+00:00,20.37,20.37,32.84,32.84,39.4,38.37,28.82,39.4,0.01,39.4,28.82,26.0,36.35,32.84,29.25,39.4,0.01
2015-03-30 00:00:00+00:00,21.11,21.11,34.24,34.24,40.94,32.84,30.02,40.94,0.01,40.94,30.02,27.22,49.64,34.24,32.41,40.94,0.01
2015-03-31 00:00:00+00:00,21.57,21.57,34.69,34.69,41.37,26.85,30.35,41.37,0.01,41.37,30.35,23.51,50.05,34.69,33.42,41.37,0.01
2015-04-01 00:00:00+00:00,21.96,21.96,35.1,35.1,42.17,24.78,30.67,42.17,0.01,42.17,30.67,11.83,50.42,35.1,34.45,42.17,0.01
2015-04-02 00:00:00+00:00,22.1,22.1,35.4,35.4,42.37,23.08,30.96,42.37,0.01,42.37,30.96,16.48,50.65,35.4,35.28,42.37,0.01
2015-04-03 00:00:00+00:00,22.26,22.26,35.86,35.86,42.16,21.33,31.23,42.16,0.01,42.16,31.23,19.08,44.75,35.86,35.86,42.16,0.01
2015-04-04 00:00:00+00:00,22.45,22.45,36.22,36.22,42.21,20.33,31.36,42.21,0.01,42.21,31.36,25.87,44.89,36.22,36.62,42.21,0.01
2015-04-05 00:00:00+00:00,22.44,22.44,36.28,36.28,41.67,20.24,31.24,41.67,0.01,41.67,31.24,33.0,44.25,36.28,37.4,41.67,0.01
2015-04-06 00:00:00+00:00,22.18,22.18,35.93,35.93,41.45,20.48,30.71,41.45,0.01,41.45,30.71,25.63,39.7,35.93,37.67,41.45,0.01
2015-04-07 00:00:00+00:00,22.21,22.21,35.98,35.98,41.91,21.86,30.69,41.91,0.01,41.91,30.69,21.77,40.34,35.98,37.92,41.91,0.01
2015-04-08 00:00:00+00:00,22.28,22.28,36.23,36.23,42.45,23.29,30.69,42.45,0.01,42.45,30.69,14.94,39.73,36.23,38.15,42.45,0.01
2015-04-09 00:00:00+00:00,22.29,22.29,36.57,36.57,43.52,26.69,30.39,43.52,0.01,43.52,30.39,0.01,37.92,36.57,38.62,43.52,0.01
2015-04-10 00:00:00+00:00,22.29,22.29,37.1,37.1,45.27,23.46,30.92,45.27,0.01,45.27,30.92,0.01,35.42,37.1,39.63,45.27,0.01
2015-04-11 00:00:00+00:00,22.44,22.44,38.12,38.12,46.68,19.88,31.4,46.68,0.01,46.68,31.4,0.01,33.11,38.12,40.99,46.68,0.01
2015-04-12 00:00:00+00:00,22.59,22.59,39.08,39.08,48.96,18.09,31.86,48.96,0.01,48.96,31.86,0.01,34.87,39.08,41.66,48.96,0.01
2015-04-13 00:00:00+00:00,22.94,22.94,40.01,40.01,49.41,17.61,32.55,49.41,0.01,49.41,32.55,0.01,38.43,40.01,41.55,49.41,0.01
2015-04-14 00:00:00+00:00,23.41,23.41,40.7,40.7,49.83,18.53,33.15,49.83,0.01,49.83,33.15,16.29,49.83,40.7,40.85,49.83,0.01
2015-04-15 00:00:00+00:00,23.53,23.53,40.9,40.9,49.65,19.9,33.33,49.65,0.01,49.65,33.33,20.77,49.65,40.9,39.18,49.65,0.01
2015-04-16 00:00:00+00:00,23.37,23.37,40.61,40.61,48.53,20.48,33.32,48.53,0.01,48.53,33.32,1.8,49.2,40.61,38.02,48.53,0.01
2015-04-17 00:00:00+00:00,23.03,23.03,39.74,39.74,47.42,20.54,33.09,47.42,0.01,47.42,33.09,2.46,48.36,39.74,37.83,47.42,0.01
2015-04-18 00:00:00+00:00,23.03,23.03,39.14,39.14,45.57,21.48,33.08,45.57,0.01,45.57,33.08,1.33,47.93,39.14,38.12,45.57,0.01
2015-04-19 00:00:00+00:00,23.11,23.11,38.44,38.44,44.34,21.12,33.17,44.34,0.01,44.34,33.17,4.04,45.66,38.44,38.4,44.34,0.01
2015-04-20 00:00:00+00:00,23.02,23.02,36.95,36.95,43.75,21.76,32.96,43.75,0.01,43.75,32.96,10.36,47.27,36.95,38.44,43.75,0.01
2015-04-21 00:00:00+00:00,23.27,23.27,36.28,36.28,43.28,23.16,33.32,43.28,0.01,43.28,33.32,17.04,47.43,36.28,39.42,43.28,0.01
2015-04-22 00:00:00+00:00,23.6,23.6,36.31,36.31,43.03,25.58,33.89,43.03,0.01,43.03,33.89,19.04,47.92,36.31,40.88,43.03,0.01
2015-04-23 00:00:00+00:00,24.07,24.07,35.48,35.48,43.4,26.48,34.65,43.4,0.01,43.4,34.65,27.57,48.68,35.48,43.19,43.4,0.01
2015-04-24 00:00:00+00:00,24.72,24.72,34.1,34.1,43.13,26.49,35.54,43.13,0.01,43.13,35.54,29.82,49.79,34.1,46.45,43.13,0.01
2015-04-25 00:00:00+00:00,24.85,24.85,32.48,32.48,40.87,26.31,35.76,40.87,0.01,40.87,35.76,24.94,49.88,32.48,48.95,40.87,0.01
2015-04-26 00:00:00+00:00,25.07,25.07,32.15,32.15,38.66,26.47,36.11,38.66,0.01,38.66,36.11,34.53,50.16,32.15,50.16,38.66,0.01
2015-04-27 00:00:00+00:00,25.67,25.67,32.26,32.26,37.25,26.29,36.31,37.25,0.01,37.25,36.31,50.46,50.46,32.26,50.46,37.25,0.01
2015-04-28 00:00:00+00:00,27.88,27.88,34.48,34.48,33.45,27.45,37.36,33.45,0.01,33.45,37.36,40.31,50.75,34.48,50.75,33.45,0.01
2015-04-29 00:00:00+00:00,29.13,29.13,35.14,35.14,32.1,28.22,37.4,32.1,0.01,32.1,37.4,45.37,50.49,35.14,50.49,32.1,0.01
2015-04-30 00:00:00+00:00,30.57,30.57,36.06,36.06,30.89,31.1,37.07,30.89,0.82,30.89,37.07,47.61,49.63,36.06,49.63,30.89,0.82
2015-05-01 00:00:00+00:00,30.56,30.56,35.58,35.58,29.99,35.2,36.44,29.99,3.95,29.99,36.44,48.54,48.54,35.58,48.54,29.99,3.95
2015-05-02 00:00:00+00:00,29.29,29.29,37.07,37.07,29.28,37.58,36.29,29.28,5.97,29.28,36.29,48.17,48.17,37.07,48.17,29.28,5.97
2015-05-03 00:00:00+00:00,25.7,25.7,39.34,39.34,27.78,38.46,35.22,27.78,7.1,27.78,35.22,46.59,46.59,39.34,46.59,27.78,7.1
2015-05-04 00:00:00+00:00,26.26,26.26,42.2,42.2,26.42,35.21,34.15,26.42,7.71,26.42,34.15,45.19,45.19,42.2,45.19,26.42,7.71
2015-05-05 00:00:00+00:00,29.83,29.83,43.77,43.77,25.34,24.18,33.05,25.34,7.32,25.34,33.05,34.77,43.77,43.77,43.77,25.34,7.32
2015-05-06 00:00:00+00:00,32.34,32.34,42.73,42.73,24.15,21.01,32.31,24.15,5.92,24.15,32.31,19.68,42.73,42.73,42.73,24.15,5.92
2015-05-07 00:00:00+00:00,33.11,33.11,41.74,41.74,24.58,20.37,31.55,24.58,4.75,24.58,31.55,0.01,40.92,41.74,41.74,24.58,4.75
2015-05-08 00:00:00+00:00,31.14,31.14,40.57,40.57,24.3,19.95,30.78,24.3,3.79,24.3,30.78,0.01,35.31,40.57,40.57,24.3,3.79
2015-05-09 00:00:00+00:00,33.62,33.62,40.24,40.24,24.56,22.36,30.89,24.56,4.02,24.56,30.89,11.77,35.1,40.24,40.24,24.56,4.02
2015-05-10 00:00:00+00:00,40.36,40.36,40.36,40.36,25.57,26.94,31.37,25.57,6.91,25.57,31.37,14.64,37.06,40.36,40.36,25.57,6.91
2015-05-11 00:00:00+00:00,36.23,36.23,38.74,38.74,24.77,24.27,30.42,24.77,7.9,24.77,30.42,10.97,38.74,38.74,38.74,24.77,7.9
2015-05-12 00:00:00+00:00,32.07,32.07,39.68,39.68,25.51,22.22,31.38,25.51,8.46,25.51,31.38,0.76,39.68,39.68,39.68,25.51,8.46
2015-05-13 00:00:00+00:00,32.29,32.29,38.87,38.87,25.49,23.31,32.3,25.49,8.67,25.49,32.3,0.01,32.48,38.87,40.6,25.49,8.67
2015-05-14 00:00:00+00:00,34.99,34.99,40.91,40.91,26.49,27.02,33.68,26.49,8.93,26.49,33.68,0.01,24.92,40.91,42.11,26.49,8.93
2015-05-15 00:00:00+00:00,38.94,38.94,44.25,44.25,27.93,32.65,35.79,27.93,9.27,27.93,35.79,0.01,21.66,44.25,44.4,27.93,9.27
2015-05-16 00:00:00+00:00,43.93,43.93,43.33,43.33,27.71,33.78,36.35,27.71,9.55,27.71,36.35,23.65,20.35,43.33,44.46,27.71,9.55
2015-05-17 00:00:00+00:00,44.4,44.4,41.93,41.93,28.1,35.79,37.08,28.1,9.87,28.1,37.08,33.84,21.61,41.93,44.4,28.1,9.87
2015-05-18 00:00:00+00:00,46.41,46.41,44.06,44.06,29.05,38.32,39.55,29.05,11.39,29.05,39.55,32.53,26.52,44.06,46.41,29.05,11.39
2015-05-19 00:00:00+00:00,45.39,45.39,43.43,43.43,28.05,38.12,39.48,28.05,12.26,28.05,39.48,34.32,35.67,43.43,45.39,28.05,12.26
2015-05-20 00:00:00+00:00,44.82,44.82,42.94,42.94,27.91,38.41,39.79,27.91,13.05,27.91,39.79,32.09,32.6,42.94,44.82,27.91,13.05
2015-05-21 00:00:00+00:00,43.81,43.81,41.77,41.77,28.08,38.62,39.68,28.08,13.47,28.08,39.68,27.82,32.45,41.77,43.81,28.08,13.47
2015-05-22 00:00:00+00:00,42.54,42.54,39.81,39.81,28.39,39.27,39.34,28.39,13.74,28.39,39.34,30.02,27.87,39.81,42.54,28.39,13.74
2015-05-23 00:00:00+00:00,42.08,42.08,39.18,39.18,29.11,40.66,39.76,29.11,13.87,29.11,39.76,42.08,31.56,39.18,42.08,29.11,13.87
2015-05-24 00:00:00+00:00,41.45,41.45,38.94,38.94,29.74,41.36,39.92,29.74,14.13,29.74,39.92,31.79,33.16,38.94,41.45,29.74,14.13
2015-05-25 00:00:00+00:00,39.63,39.63,37.3,37.3,29.09,39.63,38.72,29.09,13.49,29.09,38.72,26.42,28.57,37.3,39.63,29.09,13.49
2015-05-26 00:00:00+00:00,38.83,38.83,36.85,36.85,28.58,38.83,38.31,28.58,12.61,28.58,38.31,24.7,23.53,36.85,38.83,28.58,12.61
2015-05-27 00:00:00+00:00,36.74,36.74,35.18,35.18,26.88,36.74,36.45,26.88,12.38,26.88,36.45,20.41,18.37,35.18,36.74,26.88,12.38
2015-05-28 00:00:00+00:00,35.04,35.04,33.81,33.81,25.59,35.04,34.92,25.59,13.68,25.59,34.92,13.49,17.41,33.81,35.04,25.59,13.68
2015-05-29 00:00:00+00:00,34.1,34.1,33.09,33.09,24.81,34.1,34.08,24.81,15.86,24.81,34.08,0.01,16.46,33.09,34.1,24.81,15.86
2015-05-30 00:00:00+00:00,32.93,32.93,31.96,31.96,23.93,32.93,32.93,23.93,16.82,23.93,32.93,0.01,16.17,31.96,32.93,23.93,16.82
2015-05-31 00:00:00+00:00,31.02,31.02,30.05,30.05,22.54,31.02,31.02,22.54,16.28,22.54,31.02,7.16,14.91,30.05,31.02,22.54,16.28
2015-06-01 00:00:00+00:00,29.7,29.7,28.87,28.87,21.54,29.7,29.7,21.54,16.13,21.54,29.7,0.01,13.84,28.87,29.7,21.54,16.13
2015-06-02 00:00:00+00:00,29.12,29.12,28.64,28.64,21.25,29.12,29.12,21.25,16.33,21.25,29.12,0.01,13.47,28.64,29.12,21.25,16.33
2015-06-03 00:00:00+00:00,29.53,29.53,29.5,29.5,21.78,29.53,29.53,21.78,17.03,21.78,29.53,0.01,12.39,29.5,29.53,21.78,17.03
2015-06-04 00:00:00+00:00,29.69,29.69,29.69,29.69,22.2,29.69,29.69,22.2,17.5,22.2,29.69,8.96,11.3,29.69,29.69,22.2,17.5
2015-06-05 00:00:00+00:00,28.82,28.82,28.82,28.82,21.7,28.82,28.82,21.7,17.14,21.7,28.82,11.34,8.58,28.82,28.82,21.7,17.14
2015-06-06 00:00:00+00:00,28.06,28.06,28.06,28.06,20.95,28.06,28.06,20.95,16.53,20.95,28.06,10.28,7.34,28.06,28.06,20.95,16.53
2015-06-07 00:00:00+00:00,28.13,28.13,28.13,28.13,20.68,28.13,28.13,20.68,16.44,20.68,28.13,9.56,6.77,28.13,28.13,20.68,16.44
2015-06-08 00:00:00+00:00,27.84,27.84,27.84,27.84,20.18,27.84,27.84,20.18,16.16,20.18,27.84,1.5,10.07,27.84,27.84,20.18,16.16
2015-06-09 00:00:00+00:00,26.44,26.44,26.44,26.44,19.2,26.44,26.44,19.2,15.27,19.2,26.44,0.01,13.22,26.44,26.44,19.2,15.27
2015-06-10 00:00:00+00:00,25.48,25.48,25.48,25.48,18.55,25.48,25.48,18.55,14.86,18.55,25.48,2.76,21.84,25.48,25.48,18.55,14.86
2015-06-11 00:00:00+00:00,24.74,24.74,24.74,24.74,17.84,24.74,24.74,17.84,14.57,17.84,24.74,0.87,24.74,24.74,24.74,17.84,14.57
2015-06-12 00:00:00+00:00,23.44,23.44,23.44,23.44,16.71,23.44,23.44,16.71,13.87,16.71,23.44,2.16,23.44,23.44,23.44,16.71,13.87
2015-06-13 00:00:00+00:00,22.51,22.51,22.51,22.51,15.94,22.51,22.51,15.94,13.61,15.94,22.51,3.54,22.51,22.51,22.51,15.94,13.61
2015-06-14 00:00:00+00:00,22.35,22.35,22.35,22.35,15.93,22.13,22.35,15.93,13.92,15.93,22.35,3.54,22.35,22.35,22.35,15.93,13.92
2015-06-15 00:00:00+00:00,23.38,23.38,23.38,23.38,17.17,23.09,23.38,17.17,15.07,17.17,23.38,10.36,23.38,23.38,23.38,17.17,15.07
2015-06-16 00:00:00+00:00,23.96,23.96,23.96,23.96,18.51,23.67,23.96,18.51,15.94,18.51,23.96,20.97,23.96,23.96,23.96,18.51,15.94
2015-06-17 00:00:00+00:00,23.7,23.7,23.7,23.7,20.25,23.4,23.7,20.25,15.97,20.25,23.7,21.41,20.74,23.7,23.7,20.25,15.97
2015-06-18 00:00:00+00:00,22.95,22.95,22.95,22.95,21.87,22.53,22.95,21.87,15.33,21.87,22.95,15.05,16.91,22.95,22.95,21.87,15.33
2015-06-19 00:00:00+00:00,23.22,23.22,23.22,23.22,23.22,22.52,23.22,23.22,15.17,23.22,23.22,8.18,15.15,23.22,23.22,23.22,15.17
2015-06-20 00:00:00+00:00,24.2,24.2,24.2,24.2,24.2,23.13,24.2,24.2,15.42,24.2,24.2,8.85,16.33,24.2,24.2,24.2,15.42
2015-06-21 00:00:00+00:00,25.81,25.81,25.81,25.81,25.81,24.37,25.81,25.81,15.92,25.81,25.81,12.91,20.65,25.81,25.81,25.81,15.92
2015-06-22 00:00:00+00:00,26.73,26.73,26.73,26.73,26.73,24.9,26.73,26.73,15.82,26.73,26.73,13.95,21.72,26.73,26.73,26.73,15.82
2015-06-23 00:00:00+00:00,26.91,26.91,26.91,26.91,26.91,24.71,26.91,26.91,15.22,26.91,26.91,11.25,20.18,26.91,26.91,26.91,15.22
2015-06-24 00:00:00+00:00,27.67,27.67,27.67,27.67,27.67,25.19,27.67,27.67,15.06,27.67,27.67,10.65,19.93,27.67,27.67,27.67,15.06
2015-06-25 00:00:00+00:00,28.4,28.4,28.4,28.4,28.4,25.87,28.4,28.4,14.97,28.4,28.4,17.34,22.09,28.4,28.4,28.4,14.97
2015-06-26 00:00:00+00:00,28.14,28.14,28.14,28.14,27.27,25.72,28.14,27.27,14.52,27.27,28.14,21.64,20.8,28.14,28.14,27.27,14.52
2015-06-27 00:00:00+00:00,27.23,27.23,27.23,27.23,23.92,24.93,27.23,23.92,13.75,23.92,27.23,17.74,20.82,27.23,27.23,23.92,13.75
2015-06-28 00:00:00+00:00,25.66,25.66,25.66,25.66,18.33,23.35,25.66,18.33,12.03,18.33,25.66,9.27,25.66,25.66,25.66,18.33,12.03
2015-06-29 00:00:00+00:00,24.64,24.64,24.64,24.64,12.2,21.94,24.64,12.2,10.34,12.2,24.64,0.01,24.64,24.64,21.12,12.2,10.34
2015-06-30 00:00:00+00:00,23.27,23.27,23.27,23.27,11.27,20.09,23.27,11.27,8.6,11.27,23.27,8.14,23.27,23.27,17.86,11.27,8.6
2015-07-01 00:00:00+00:00,21.8,21.8,21.8,21.8,10.9,18.1,21.8,10.9,6.16,10.9,21.8,12.11,16.06,21.8,14.24,10.9,6.16
2015-07-02 00:00:00+00:00,20.13,20.13,20.13,20.13,11.07,15.92,20.13,11.07,3.57,11.07,20.13,9.49,11.07,20.13,10.92,11.07,3.57
2015-07-03 00:00:00+00:00,18.58,18.58,18.58,18.58,8.97,13.93,18.58,8.97,1.74,8.97,18.58,10.92,8.26,18.58,8.99,8.97,1.74
2015-07-04 00:00:00+00:00,17.09,17.09,17.09,17.09,7.45,12.21,17.09,7.45,0.18,7.45,17.09,14.17,9.9,17.09,7.51,7.45,0.18
2015-07-05 00:00:00+00:00,16.82,16.82,16.82,16.82,6.41,11.38,16.82,6.41,0.01,6.41,16.82,14.59,11.64,16.82,5.94,6.41,0.01
2015-07-06 00:00:00+00:00,16.08,16.08,15.92,15.92,4.77,10.21,15.82,4.77,0.01,4.77,15.82,15.09,9.79,15.92,3.75,4.77,0.01
2015-07-07 00:00:00+00:00,16.46,16.46,16.04,16.04,3.84,9.82,15.61,3.84,0.01,3.84,15.61,13.3,10.06,16.04,1.64,3.84,0.01
2015-07-08 00:00:00+00:00,16.8,16.8,16.14,16.14,2.92,9.35,15.61,2.92,0.01,2.92,15.61,11.2,11.48,16.14,0.01,2.92,0.01
2015-07-09 00:00:00+00:00,17.46,17.46,16.45,16.45,1.89,9.17,15.85,1.89,0.01,1.89,15.85,14.54,12.09,16.45,0.01,1.89,0.01
2015-07-10 00:00:00+00:00,18.99,18.99,17.3,17.3,1.77,9.65,16.85,1.77,0.01,1.77,16.85,18.99,13.01,17.3,0.01,1.77,0.01
2015-07-11 00:00:00+00:00,20.15,20.15,17.91,17.91,2.83,10.12,17.67,2.83,0.01,2.83,17.67,20.15,14.02,17.91,0.01,2.83,0.01
2015-07-12 00:00:00+00:00,19.54,19.54,17.22,17.22,4.57,9.47,16.83,4.57,0.01,4.57,16.83,19.54,13.03,17.22,0.01,4.57,0.01
2015-07-13 00:00:00+00:00,19.71,19.71,17.31,17.31,6.33,9.04,16.55,6.33,0.01,6.33,16.55,10.93,8.57,17.31,0.01,6.33,0.01
2015-07-14 00:00:00+00:00,19.18,19.18,17.02,17.02,7.12,8.42,15.71,7.12,0.01,7.12,15.71,4.18,10.46,17.02,0.01,7.12,0.01
2015-07-15 00:00:00+00:00,18.39,18.39,16.48,16.48,7.55,7.79,14.76,7.55,0.01,7.55,14.76,1.26,16.55,16.48,0.01,7.55,0.01
2015-07-16 00:00:00+00:00,18.29,18.29,16.34,16.34,8.75,7.42,14.44,8.75,0.01,8.75,14.44,6.69,18.29,16.34,0.2,8.75,0.01
2015-07-17 00:00:00+00:00,17.81,17.81,15.74,15.74,8.63,6.81,13.7,8.63,0.01,8.63,13.7,10.68,15.67,15.74,0.47,8.63,0.01
2015-07-18 00:00:00+00:00,17.69,17.69,15.43,15.43,8.42,6.2,13.17,8.42,0.01,8.42,13.17,1.45,14.0,15.43,0.01,8.42,0.01
2015-07-19 00:00:00+00:00,17.22,17.22,15.12,15.12,8.48,5.56,12.67,8.48,0.01,8.48,12.67,0.01,17.6,15.12,0.01,8.48,0.01
2015-07-20 00:00:00+00:00,15.26,15.26,13.43,13.43,7.54,4.29,11.26,7.54,0.01,7.54,11.26,0.01,16.15,13.43,0.01,7.54,0.01
2015-07-21 00:00:00+00:00,14.72,14.72,12.84,12.84,7.1,3.62,10.94,7.1,0.01,7.1,10.94,1.3,16.12,12.84,0.01,7.1,0.01
2015-07-22 00:00:00+00:00,14.29,14.29,12.43,12.43,7.21,3.21,10.74,7.21,0.01,7.21,10.74,3.43,16.26,12.43,0.01,7.21,0.01
2015-07-23 00:00:00+00:00,13.37,13.37,11.49,11.49,7.08,2.76,10.09,7.08,0.01,7.08,10.09,6.61,15.64,11.49,0.01,7.08,0.01
2015-07-24 00:00:00+00:00,12.73,12.73,10.36,10.36,7.11,2.52,9.51,7.11,0.01,7.11,9.51,15.03,15.03,10.36,0.01,7.11,0.01
2015-07-25 00:00:00+00:00,12.15,12.15,9.25,9.25,6.98,2.58,8.84,6.98,0.01,6.98,8.84,10.51,14.23,9.25,0.01,6.98,0.01
2015-07-26 00:00:00+00:00,12.72,12.72,9.07,9.07,8.42,3.08,9.06,8.42,0.01,8.42,9.06,7.26,14.92,9.07,0.7,8.42,0.01
2015-07-27 00:00:00+00:00,13.64,13.64,9.25,9.25,10.71,3.62,9.74,10.71,0.01,10.71,9.74,4.25,16.25,9.25,2.26,10.71,0.01
2015-07-28 00:00:00+00:00,13.28,13.28,8.88,8.88,12.23,3.67,9.65,12.23,0.01,12.23,9.65,9.12,16.19,8.88,2.97,12.23,0.01
2015-07-29 00:00:00+00:00,12.88,12.88,8.73,8.73,13.17,3.42,9.53,13.17,0.01,13.17,9.53,12.14,16.05,8.73,2.44,13.17,0.01
2015-07-30 00:00:00+00:00,12.82,12.82,8.7,8.7,14.76,3.03,9.69,14.76,0.01,14.76,9.69,12.61,16.4,8.7,1.73,14.76,0.01
2015-07-31 00:00:00+00:00,12.75,12.75,8.67,8.67,14.47,2.73,9.78,14.47,0.01,14.47,9.78,16.7,16.7,8.67,1.11,14.47,0.01
2015-08-01 00:00:00+00:00,13.01,13.01,8.74,8.74,13.36,2.5,10.08,13.36,0.01,13.36,10.08,17.32,17.32,8.74,0.61,13.36,0.01
2015-08-02 00:00:00+00:00,13.04,13.04,8.54,8.54,11.91,2.12,10.16,11.91,0.01,11.91,10.16,17.41,17.41,8.54,0.08,11.91,0.01
2015-08-03 00:00:00+00:00,13.29,13.29,8.83,8.83,12.16,1.61,10.43,12.16,0.01,12.16,10.43,16.55,17.77,8.83,0.01,12.16,0.01
2015-08-04 00:00:00+00:00,12.82,12.82,9.02,9.02,12.63,0.85,10.59,12.63,0.01,12.63,10.59,16.47,18.12,9.02,0.01,12.63,0.01
2015-08-05 00:00:00+00:00,12.09,12.09,8.89,8.89,12.01,0.01,10.77,12.01,0.01,12.01,10.77,18.62,18.62,8.89,0.01,12.01,0.01
2015-08-06 00:00:00+00:00,11.62,11.62,8.91,8.91,13.87,0.01,10.94,13.87,0.01,13.87,10.94,18.61,19.2,8.91,0.01,13.87,0.01
2015-08-07 00:00:00+00:00,11.46,11.46,9.2,9.2,16.25,0.01,11.4,16.25,0.01,16.25,11.4,12.0,20.19,9.2,0.01,16.25,0.01
2015-08-08 00:00:00+00:00,11.47,11.47,9.56,9.56,15.67,0.01,11.51,15.67,0.01,15.67,11.51,11.69,20.6,9.56,0.01,15.67,0.01
2015-08-09 00:00:00+00:00,11.81,11.81,10.34,10.34,14.51,0.01,11.8,14.51,0.01,14.51,11.8,21.3,21.3,10.34,0.01,14.51,0.01
2015-08-10 00:00:00+00:00,12.49,12.49,11.02,11.02,15.31,0.01,11.86,15.31,0.01,15.31,11.86,17.84,21.69,11.02,0.78,15.31,0.01
2015-08-11 00:00:00+00:00,12.22,12.22,11.37,11.37,20.8,0.01,11.9,20.8,0.01,20.8,11.9,8.96,22.02,11.37,0.93,20.8,0.01
2015-08-12 00:00:00+00:00,11.9,11.9,11.74,11.74,22.59,0.01,12.08,22.59,0.01,22.59,12.08,2.18,22.59,11.74,1.19,22.59,0.01
2015-08-13 00:00:00+00:00,12.05,12.05,12.26,12.26,21.79,0.01,12.4,21.79,0.01,21.79,12.4,5.46,23.47,12.26,1.66,21.79,0.01
2015-08-14 00:00:00+00:00,12.73,12.73,13.0,13.0,22.36,0.01,12.98,22.36,0.01,22.36,12.98,10.68,24.84,13.0,1.84,22.36,0.01
2015-08-15 00:00:00+00:00,12.96,12.96,13.86,13.86,20.1,0.01,13.71,20.1,0.01,20.1,13.71,10.31,26.56,13.86,0.01,20.1,0.01
2015-08-16 00:00:00+00:00,11.1,11.1,14.05,14.05,17.46,0.01,13.99,17.46,0.01,17.46,13.99,1.58,27.59,14.05,0.01,17.46,0.01
2015-08-17 00:00:00+00:00,10.02,10.02,14.45,14.45,16.22,0.01,13.99,16.22,0.01,16.22,13.99,5.97,10.03,14.45,0.01,16.22,0.01
2015-08-18 00:00:00+00:00,9.91,9.91,15.06,15.06,15.99,0.01,14.05,15.99,0.01,15.99,14.05,4.38,3.31,15.06,0.01,15.99,0.01
2015-08-19 00:00:00+00:00,9.57,9.57,15.26,15.26,17.76,0.01,13.95,17.76,0.01,17.76,13.95,0.01,9.46,15.26,0.01,17.76,0.01
2015-08-20 00:00:00+00:00,8.9,8.9,15.18,15.18,20.09,0.01,13.48,20.09,0.01,20.09,13.48,0.01,15.72,15.18,0.01,20.09,0.01
2015-08-21 00:00:00+00:00,8.31,8.31,14.15,14.15,21.08,0.01,12.48,21.08,0.01,21.08,12.48,14.38,26.14,14.15,0.01,21.08,0.01
2015-08-22 00:00:00+00:00,7.97,7.97,12.55,12.55,13.67,0.01,11.55,13.67,0.01,13.67,11.55,15.79,27.34,12.55,0.01,13.67,0.01
2015-08-23 00:00:00+00:00,7.39,7.39,12.14,12.14,13.23,0.01,10.92,13.23,0.01,13.23,10.92,18.32,26.46,12.14,0.01,13.23,0.01
2015-08-24 00:00:00+00:00,5.0,5.0,11.65,11.65,12.55,0.04,10.28,12.55,0.01,12.55,10.28,15.47,25.4,11.65,0.01,12.55,0.01
2015-08-25 00:00:00+00:00,1.23,1.23,9.57,9.57,10.75,0.01,9.52,10.75,0.01,10.75,9.52,3.09,21.48,9.57,0.01,10.75,0.01
2015-08-26 00:00:00+00:00,0.01,0.01,8.21,8.21,6.72,0.01,8.37,6.72,0.01,6.72,8.37,7.07,3.87,8.21,0.01,6.72,0.01
2015-08-27 00:00:00+00:00,0.01,0.01,6.96,6.96,2.14,0.01,7.35,2.14,0.01,2.14,7.35,10.38,0.01,6.96,0.01,2.14,0.01
2015-08-28 00:00:00+00:00,0.01,0.01,4.75,4.75,0.01,0.01,6.47,0.01,0.01,0.01,6.47,22.16,0.01,4.75,0.01,0.01,0.01
2015-08-29 00:00:00+00:00,0.01,0.01,2.12,2.12,0.01,0.01,6.01,0.01,0.01,0.01,6.01,18.11,0.01,2.12,0.01,0.01,0.01
2015-08-30 00:00:00+00:00,0.01,0.01,1.3,1.3,1.23,0.01,5.36,1.23,0.01,1.23,5.36,0.01,0.01,1.3,0.01,1.23,0.01
2015-08-31 00:00:00+00:00,0.01,0.01,0.49,0.49,0.01,0.01,4.79,0.01,0.01,0.01,4.79,7.51,0.01,0.49,0.01,0.01,0.01
2015-09-01 00:00:00+00:00,0.01,0.01,0.01,0.01,0.01,0.01,4.71,0.01,0.01,0.01,4.71,16.53,8.54,0.01,0.01,0.01,0.01
2015-09-02 00:00:00+00:00,0.01,0.01,0.01,0.01,0.01,0.01,4.61,0.01,0.01,0.01,4.61,1.78,19.57,0.01,0.01,0.01,0.01
2015-09-03 00:00:00+00:00,0.01,0.01,0.01,0.01,0.01,0.01,3.18,0.01,0.01,0.01,3.18,0.01,0.01,0.01,0.01,0.01,0.01
2015-09-04 00:00:00+00:00,0.01,0.01,0.01,0.01,0.01,0.01,2.21,0.01,0.01,0.01,2.21,0.01,0.01,0.01,0.01,0.01,0.01
2015-09-05 00:00:00+00:00,0.01,0.01,0.01,0.01,0.01,0.01,1.88,0.01,0.01,0.01,1.88,11.55,0.01,0.01,0.01,0.01,0.01
2015-09-06 00:00:00+00:00,0.01,0.01,0.01,0.01,0.01,0.5,1.91,0.01,0.01,0.01,1.91,14.47,0.01,0.01,0.01,0.01,0.01
2015-09-07 00:00:00+00:00,0.01,0.01,0.01,0.01,0.01,0.64,1.85,0.01,0.01,0.01,1.85,15.31,0.01,0.01,0.01,0.01,0.01
2015-09-08 00:00:00+00:00,0.01,0.01,0.01,0.01,0.01,0.83,1.61,0.01,0.01,0.01,1.61,13.85,13.38,0.01,0.01,0.01,0.01
2015-09-09 00:00:00+00:00,0.01,0.01,0.01,0.01,0.01,2.15,1.49,0.01,0.01,0.01,1.49,13.67,19.74,0.01,6.41,0.01,0.01
2015-09-10 00:00:00+00:00,0.01,0.01,0.01,0.01,2.37,3.35,2.1,2.37,0.01,2.37,2.1,9.81,20.49,0.01,10.64,2.37,0.01
2015-09-11 00:00:00+00:00,0.01,0.01,0.01,0.01,4.58,4.13,2.66,4.58,0.01,4.58,2.66,10.79,19.11,0.01,11.25,4.58,0.01
2015-09-12 00:00:00+00:00,0.01,0.01,0.01,0.01,5.39,2.29,2.93,5.39,0.01,5.39,2.93,14.54,20.92,0.01,9.26,5.39,0.01
2015-09-13 00:00:00+00:00,0.01,0.01,0.01,0.01,4.68,0.01,2.85,4.68,0.01,4.68,2.85,13.48,26.22,0.01,3.98,4.68,0.01
2015-09-14 00:00:00+00:00,0.01,0.01,0.01,0.01,2.2,0.01,2.36,2.2,0.01,2.2,2.36,3.15,15.31,0.01,0.01,2.2,0.01
2015-09-15 00:00:00+00:00,0.01,0.01,0.01,0.01,0.22,0.01,1.02,0.22,0.01,0.22,1.02,13.23,1.86,0.01,0.01,0.22,0.01
2015-09-16 00:00:00+00:00,0.01,0.01,0.01,0.01,0.01,0.01,0.01,0.01,0.01,0.01,0.01,13.34,0.01,0.01,0.01,0.01,0.01
2015-09-17 00:00:00+00:00,0.01,0.01,0.01,0.01,0.01,0.01,0.01,0.01,0.01,0.01,0.01,0.01,0.01,0.01,0.01,0.01,0.01
2015-09-18 00:00:00+00:00,0.01,0.01,0.01,0.01,0.01,0.01,0.01,0.01,0.01,0.01,0.01,0.01,0.01,0.01,0.01,0.01,0.01
2015-09-19 00:00:00+00:00,0.01,0.01,0.01,0.01,0.01,0.01,0.01,0.01,0.01,0.01,0.01,0.01,0.01,0.01,0.01,0.01,0.01
2015-09-20 00:00:00+00:00,0.01,0.01,0.01,0.01,0.01,0.01,0.01,0.01,0.01,0.01,0.01,0.01,0.01,0.01,0.01,0.01,0.01
2015-09-21 00:00:00+00:00,0.01,0.01,0.01,0.01,0.01,0.75,0.01,0.01,0.01,0.01,0.01,4.47,0.01,0.01,0.39,0.01,0.01
2015-09-22 00:00:00+00:00,0.01,0.01,0.01,0.01,0.01,0.64,0.01,0.01,0.01,0.01,0.01,0.01,0.01,0.01,0.01,0.01,0.01
2015-09-23 00:00:00+00:00,0.01,0.01,0.01,0.01,0.01,0.01,0.01,0.01,0.01,0.01,0.01,0.01,0.01,0.01,0.01,0.01,0.01
2015-09-24 00:00:00+00:00,0.01,0.01,0.01,0.01,0.01,0.01,0.01,0.01,0.01,0.01,0.01,0.01,0.01,0.01,0.01,0.01,0.01
2015-09-25 00:00:00+00:00,0.01,0.01,0.01,0.01,0.01,0.01,0.01,0.01,0.24,0.01,0.01,0.01,0.01,0.01,0.01,0.01,0.24
2015-09-26 00:00:00+00:00,0.11,0.11,0.01,0.01,0.01,0.21,0.01,0.01,1.01,0.01,0.01,0.01,0.01,0.01,0.01,0.01,1.01
2015-09-27 00:00:00+00:00,0.72,0.72,0.49,0.49,0.01,1.0,0.01,0.01,1.34,0.01,0.01,2.03,0.01,0.49,1.12,0.01,1.34
2015-09-28 00:00:00+00:00,0.84,0.84,1.57,1.57,0.01,1.7,0.01,0.01,1.4,0.01,0.01,12.21,0.01,1.57,1.02,0.01,1.4
2015-09-29 00:00:00+00:00,0.76,0.76,2.3,2.3,0.01,2.49,0.01,0.01,1.53,0.01,0.01,26.19,0.01,2.3,1.45,0.01,1.53
2015-09-30 00:00:00+00:00,1.07,1.07,2.75,2.75,0.01,5.06,0.01,0.01,1.52,0.01,0.01,26.05,0.01,2.75,5.3,0.01,1.52
2015-10-01 00:00:00+00:00,1.77,1.77,2.98,2.98,0.01,8.18,0.01,0.01,1.55,0.01,0.01,17.93,10.78,2.98,7.43,0.01,1.55
2015-10-02 00:00:00+00:00,2.79,2.79,3.49,3.49,0.01,11.16,0.01,0.01,2.69,0.01,0.01,10.89,15.41,3.49,7.79,0.01,2.69
2015-10-03 00:00:00+00:00,4.37,4.37,4.91,4.91,0.01,12.45,0.01,0.01,3.47,0.01,0.01,3.81,23.9,4.91,7.93,0.01,3.47
2015-10-04 00:00:00+00:00,6.43,6.43,6.6,6.6,0.01,14.08,0.9,0.01,3.96,0.01,0.9,7.59,23.81,6.6,12.15,0.01,3.96
2015-10-05 00:00:00+00:00,8.11,8.11,7.98,7.98,0.01,14.78,2.51,0.01,4.23,0.01,2.51,23.44,25.15,7.98,14.7,0.01,4.23
2015-10-06 00:00:00+00:00,8.91,8.91,8.6,8.6,0.01,15.53,3.24,0.01,4.47,0.01,3.24,35.01,26.31,8.6,14.65,0.01,4.47
2015-10-07 00:00:00+00:00,9.27,9.27,9.35,9.35,0.01,16.59,3.62,0.01,4.8,0.01,3.62,39.92,30.64,9.35,15.85,0.01,4.8
2015-10-08 00:00:00+00:00,10.21,10.21,11.04,11.04,0.01,17.38,4.27,0.01,4.85,0.01,4.27,42.53,36.62,11.04,17.87,0.01,4.85
2015-10-09 00:00:00+00:00,10.88,10.88,12.86,12.86,0.01,19.63,4.96,0.01,5.45,0.01,4.96,43.94,42.52,12.86,18.83,0.01,5.45
2015-10-10 00:00:00+00:00,10.81,10.81,14.75,14.75,3.35,22.73,6.12,3.35,6.0,3.35,6.12,25.5,44.89,14.75,19.95,3.35,6.0
2015-10-11 00:00:00+00:00,10.57,10.57,17.88,17.88,10.82,23.49,6.91,10.82,6.4,10.82,6.91,12.58,45.69,17.88,21.09,10.82,6.4
2015-10-12 00:00:00+00:00,11.36,11.36,21.78,21.78,9.97,24.15,8.48,9.97,6.93,9.97,8.48,23.98,38.42,21.78,23.46,9.97,6.93
2015-10-13 00:00:00+00:00,13.03,13.03,24.2,24.2,9.78,24.98,11.04,9.78,7.6,9.78,11.04,24.23,35.03,24.2,24.84,9.78,7.6
2015-10-14 00:00:00+00:00,13.66,13.66,25.42,25.42,10.75,25.82,13.03,10.75,8.2,10.75,13.03,24.38,33.64,25.42,25.8,10.75,8.2
2015-10-15 00:00:00+00:00,13.57,13.57,26.53,26.53,11.02,26.0,14.17,11.02,8.37,11.02,14.17,31.66,28.46,26.53,26.59,11.02,8.37
2015-10-16 00:00:00+00:00,13.57,13.57,27.94,27.94,8.94,26.31,15.25,8.94,8.61,8.94,15.25,34.13,28.07,27.94,26.97,8.94,8.61
2015-10-17 00:00:00+00:00,13.39,13.39,29.1,29.1,10.36,27.12,16.1,10.36,9.41,10.36,16.1,25.79,31.54,29.1,27.42,10.36,9.41
2015-10-18 00:00:00+00:00,13.13,13.13,30.31,30.31,12.47,28.12,17.29,12.47,10.28,12.47,17.29,17.35,33.24,30.31,27.69,12.47,10.28
2015-10-19 00:00:00+00:00,12.47,12.47,31.16,31.16,14.08,28.92,18.36,14.08,10.4,14.08,18.36,26.83,31.44,31.16,27.58,14.08,10.4
2015-10-20 00:00:00+00:00,11.21,11.21,31.42,31.42,15.49,29.35,19.4,15.49,11.03,15.49,19.4,33.05,29.58,31.42,27.16,15.49,11.03
2015-10-21 00:00:00+00:00,8.85,8.85,31.69,31.69,17.16,29.5,20.68,17.16,11.88,17.16,20.68,36.76,32.8,31.69,26.95,17.16,11.88
2015-10-22 00:00:00+00:00,5.69,5.69,32.4,32.4,17.6,29.7,21.31,17.6,12.21,17.6,21.31,34.43,35.37,32.4,28.19,17.6,12.21
2015-10-23 00:00:00+00:00,3.29,3.29,33.31,33.31,18.95,29.99,21.61,18.95,12.28,18.95,21.61,8.89,44.93,33.31,29.57,18.95,12.28
2015-10-24 00:00:00+00:00,2.15,2.15,34.25,34.25,22.49,30.29,22.25,22.49,12.92,22.49,22.25,0.01,50.74,34.25,31.31,22.49,12.92
2015-10-25 00:00:00+00:00,1.06,1.06,35.34,35.34,24.91,30.56,22.37,24.91,13.89,24.91,22.37,0.01,51.04,35.34,32.27,24.91,13.89
2015-10-26 00:00:00+00:00,0.2,0.2,36.66,36.66,24.64,30.68,22.73,24.64,14.26,24.64,22.73,0.01,51.4,36.66,32.4,24.64,14.26
2015-10-27 00:00:00+00:00,0.01,0.01,37.04,37.04,23.75,30.68,23.02,23.75,13.93,23.75,23.02,0.01,51.33,37.04,32.27,23.75,13.93
2015-10-28 00:00:00+00:00,0.01,0.01,37.09,37.09,24.74,30.84,23.18,24.74,14.72,24.74,23.18,21.52,51.2,37.09,31.93,24.74,14.72
2015-10-29 00:00:00+00:00,0.01,0.01,37.72,37.72,22.48,31.04,23.38,22.48,14.65,22.48,23.38,24.8,30.96,37.72,31.53,22.48,14.65
2015-10-30 00:00:00+00:00,0.01,0.01,38.12,38.12,19.34,30.78,23.54,19.34,13.89,19.34,23.54,23.41,17.22,38.12,31.65,19.34,13.89
2015-10-31 00:00:00+00:00,0.01,0.01,38.81,38.81,17.66,30.17,23.69,17.66,13.27,17.66,23.69,0.01,7.44,38.81,31.99,17.66,13.27
2015-11-01 00:00:00+00:00,0.01,0.01,39.85,39.85,17.05,29.78,23.79,17.05,13.56,17.05,23.79,0.01,7.15,39.85,32.0,17.05,13.56
2015-11-02 00:00:00+00:00,0.01,0.01,40.69,40.69,14.86,29.9,23.94,14.86,13.98,14.86,23.94,11.41,10.04,40.69,31.5,14.86,13.98
2015-11-03 00:00:00+00:00,0.01,0.01,41.01,41.01,12.32,30.01,23.88,12.32,13.55,12.32,23.88,25.06,13.14,41.01,30.89,12.32,13.55
2015-11-04 00:00:00+00:00,0.01,0.01,41.19,41.19,10.39,29.99,23.87,10.39,13.77,10.39,23.87,40.44,13.92,41.19,31.37,10.39,13.77
2015-11-05 00:00:00+00:00,0.01,0.01,41.01,41.01,7.81,29.9,24.03,7.81,13.96,7.81,24.03,46.39,17.26,41.01,31.4,7.81,13.96
2015-11-06 00:00:00+00:00,0.01,0.01,38.88,38.88,7.34,29.25,24.2,7.34,13.1,7.34,24.2,27.41,19.99,38.88,31.22,7.34,13.1
2015-11-07 00:00:00+00:00,0.01,0.01,35.12,35.12,5.64,27.95,24.14,5.64,11.52,5.64,24.14,9.69,19.48,35.12,30.55,5.64,11.52
2015-11-08 00:00:00+00:00,0.01,0.01,31.59,31.59,0.01,26.57,23.81,0.01,9.6,0.01,23.81,20.25,19.17,31.59,29.91,0.01,9.6
2015-11-09 00:00:00+00:00,0.01,0.01,29.4,29.4,0.01,25.76,23.86,0.01,8.9,0.01,23.86,26.08,16.57,29.4,29.76,0.01,8.9
2015-11-10 00:00:00+00:00,0.01,0.01,28.41,28.41,0.01,26.64,24.02,0.01,8.67,0.01,24.02,32.63,14.87,28.41,29.64,0.01,8.67
2015-11-11 00:00:00+00:00,0.01,0.01,27.96,27.96,0.01,26.38,24.52,0.01,9.43,0.01,24.52,31.83,13.41,27.96,29.5,0.01,9.43
2015-11-12 00:00:00+00:00,0.01,0.01,26.93,26.93,0.01,25.8,24.66,0.01,8.86,0.01,24.66,46.72,10.18,26.93,28.93,0.01,8.86
2015-11-13 00:00:00+00:00,0.01,0.01,25.1,25.1,0.01,25.05,24.82,0.01,7.97,0.01,24.82,35.76,11.11,25.1,28.63,0.01,7.97
2015-11-14 00:00:00+00:00,0.01,0.01,24.9,24.9,0.01,24.73,25.4,0.01,7.6,0.01,25.4,25.21,11.74,24.9,29.0,0.01,7.6
2015-11-15 00:00:00+00:00,0.01,0.01,25.54,25.54,0.01,24.77,26.05,0.01,7.32,0.01,26.05,16.2,13.36,25.54,29.27,0.01,7.32
2015-11-16 00:00:00+00:00,0.01,0.01,26.48,26.48,0.01,24.81,26.38,0.01,7.2,0.01,26.38,14.24,15.33,26.48,29.12,0.01,7.2
2015-11-17 00:00:00+00:00,0.01,0.01,28.3,28.3,0.01,26.63,28.37,0.01,7.14,0.01,28.37,11.8,20.32,28.3,30.66,0.01,7.14
2015-11-18 00:00:00+00:00,0.01,0.01,27.95,27.95,0.01,26.98,28.73,0.01,7.09,0.01,28.73,11.92,21.17,27.95,30.52,0.01,7.09
2015-11-19 00:00:00+00:00,0.01,0.01,27.54,27.54,0.01,28.19,29.92,0.01,7.16,0.01,29.92,18.88,23.44,27.54,31.74,0.01,7.16
2015-11-20 00:00:00+00:00,0.01,0.01,26.7,26.7,0.01,28.41,30.29,0.01,6.97,0.01,30.29,21.77,24.63,26.7,32.32,0.01,6.97
2015-11-21 00:00:00+00:00,0.01,0.01,23.87,23.87,0.01,27.79,29.78,0.01,6.91,0.01,29.78,6.07,26.42,23.87,31.75,0.01,6.91
2015-11-22 00:00:00+00:00,0.01,0.01,23.44,23.44,0.01,27.25,29.27,0.01,6.71,0.01,29.27,18.71,25.78,23.44,31.29,0.01,6.71
2015-11-23 00:00:00+00:00,0.01,0.01,24.12,24.12,0.01,26.81,28.56,0.01,6.57,0.01,28.56,28.26,24.84,24.12,30.63,0.01,6.57
2015-11-24 00:00:00+00:00,0.01,0.01,22.46,22.46,0.01,25.39,26.65,0.01,6.06,0.01,26.65,25.39,23.22,22.46,28.65,0.01,6.06
2015-11-25 00:00:00+00:00,0.01,0.01,23.92,23.92,0.01,25.7,26.64,0.01,5.88,0.01,26.64,27.97,24.36,23.92,28.64,0.01,5.88
2015-11-26 00:00:00+00:00,0.01,0.01,22.5,22.5,0.01,24.87,25.68,0.01,5.56,0.01,25.68,32.51,22.63,22.5,27.68,0.01,5.56
2015-11-27 00:00:00+00:00,0.01,0.01,19.71,19.71,3.63,24.33,25.57,3.63,4.84,3.63,25.57,45.43,24.3,19.71,27.69,3.63,4.84
2015-11-28 00:00:00+00:00,0.01,0.01,13.38,13.38,6.59,23.33,25.04,6.59,4.24,6.59,25.04,39.79,25.79,13.38,27.37,6.59,4.24
2015-11-29 00:00:00+00:00,0.01,0.01,7.73,7.73,7.54,22.03,23.88,7.54,3.63,7.54,23.88,31.69,26.57,7.73,26.42,7.54,3.63
2015-11-30 00:00:00+00:00,0.01,0.01,2.13,2.13,6.67,20.68,22.59,6.67,2.79,6.67,22.59,31.11,30.0,2.13,25.11,6.67,2.79
2015-12-01 00:00:00+00:00,0.01,0.01,0.01,0.01,7.46,20.6,22.69,7.46,2.27,7.46,22.69,36.65,28.26,0.01,25.02,7.46,2.27
2015-12-02 00:00:00+00:00,0.01,0.01,0.01,0.01,8.21,19.9,22.35,8.21,1.99,8.21,22.35,32.5,24.18,0.01,24.54,8.21,1.99
2015-12-03 00:00:00+00:00,0.01,0.01,0.01,0.01,11.08,18.65,21.54,11.08,1.63,11.08,21.54,38.97,22.79,0.01,23.66,11.08,1.63
2015-12-04 00:00:00+00:00,0.01,0.01,0.01,0.01,14.62,15.16,20.15,14.62,0.5,14.62,20.15,36.85,19.89,0.01,21.99,14.62,0.5
2015-12-05 00:00:00+00:00,0.01,0.01,0.01,0.01,14.19,9.81,19.79,14.19,0.01,14.19,19.79,27.24,17.92,0.01,21.13,14.19,0.01
2015-12-06 00:00:00+00:00,0.01,0.01,0.01,0.01,12.01,6.42,20.28,12.01,0.01,12.01,20.28,18.86,18.31,0.01,21.22,12.01,0.01
2015-12-07 00:00:00+00:00,0.01,0.01,0.01,0.01,10.08,6.18,21.58,10.08,0.01,10.08,21.58,28.78,13.08,0.01,22.15,10.08,0.01
2015-12-08 00:00:00+00:00,0.01,0.01,0.01,0.01,8.53,4.95,22.13,8.53,0.01,8.53,22.13,38.51,13.83,0.01,22.56,8.53,0.01
2015-12-09 00:00:00+00:00,0.01,0.01,0.01,0.01,7.57,2.12,22.03,7.57,0.01,7.57,22.03,42.22,18.36,0.01,22.32,7.57,0.01
2015-12-10 00:00:00+00:00,0.01,0.01,0.01,0.01,6.58,0.05,22.3,6.58,0.01,6.58,22.3,20.6,20.57,0.01,22.48,6.58,0.01
2015-12-11 00:00:00+00:00,0.01,0.01,0.01,0.01,5.86,0.01,22.56,5.86,0.01,5.86,22.56,17.38,20.45,0.01,22.74,5.86,0.01
2015-12-12 00:00:00+00:00,0.01,0.01,0.01,0.01,5.72,0.01,22.23,5.72,0.01,5.72,22.23,4.88,17.63,0.01,22.43,5.72,0.01
2015-12-13 00:00:00+00:00,0.01,0.01,0.01,0.01,4.73,0.01,21.58,4.73,0.01,4.73,21.58,15.94,18.54,0.01,21.75,4.73,0.01
2015-12-14 00:00:00+00:00,0.01,0.01,0.01,0.01,3.88,0.01,20.25,3.88,0.01,3.88,20.25,12.79,18.79,0.01,20.43,3.88,0.01
2015-12-15 00:00:00+00:00,0.01,0.01,0.01,0.01,3.24,0.01,18.07,3.24,0.01,3.24,18.07,6.06,17.9,0.01,18.22,3.24,0.01
2015-12-16 00:00:00+00:00,0.01,0.01,0.01,0.01,3.11,0.01,16.95,3.11,0.01,3.11,16.95,11.42,17.43,0.01,16.99,3.11,0.01
2015-12-17 00:00:00+00:00,0.01,0.01,0.01,0.01,2.5,0.01,15.56,2.5,0.01,2.5,15.56,18.57,16.64,0.01,15.44,2.5,0.01
2015-12-18 00:00:00+00:00,0.01,0.01,0.01,0.01,2.11,0.01,13.95,2.11,0.01,2.11,13.95,20.64,14.93,0.01,13.77,2.11,0.01
2015-12-19 00:00:00+00:00,0.01,0.01,0.01,0.01,1.59,0.01,12.58,1.59,0.01,1.59,12.58,13.85,12.49,0.01,12.2,1.59,0.01
2015-12-20 00:00:00+00:00,0.01,0.01,0.01,0.01,0.6,0.01,11.83,0.6,0.01,0.6,11.83,6.89,12.25,0.01,6.84,0.6,0.01
2015-12-21 00:00:00+00:00,0.01,0.01,0.01,0.01,0.01,0.01,11.55,0.01,0.01,0.01,11.55,4.07,12.67,0.01,0.71,0.01,0.01
2015-12-22 00:00:00+00:00,0.01,0.01,0.01,0.01,0.01,0.01,12.02,0.01,0.01,0.01,12.02,2.15,12.09,0.01,0.01,0.01,0.01
2015-12-23 00:00:00+00:00,0.01,0.01,0.01,0.01,0.01,0.01,11.89,0.01,0.01,0.01,11.89,5.2,12.0,0.01,0.01,0.01,0.01
2015-12-24 00:00:00+00:00,0.01,0.01,0.01,0.01,0.01,0.01,12.04,0.01,0.01,0.01,12.04,9.08,12.88,0.01,0.01,0.01,0.01
2015-12-25 00:00:00+00:00,0.01,0.01,0.01,0.01,0.01,0.01,12.47,0.01,0.01,0.01,12.47,7.04,12.51,0.01,0.01,0.01,0.01
2015-12-26 00:00:00+00:00,0.01,0.01,0.01,0.01,0.01,0.01,13.31,0.01,0.01,0.01,13.31,1.37,15.2,0.01,0.01,0.01,0.01
2015-12-27 00:00:00+00:00,0.01,0.01,0.01,0.01,0.01,0.01,13.85,0.01,0.01,0.01,13.85,14.08,18.44,0.01,0.01,0.01,0.01
2015-12-28 00:00:00+00:00,0.01,0.01,0.01,0.01,0.01,0.01,14.37,0.01,0.01,0.01,14.37,17.01,24.93,0.01,0.01,0.01,0.01
2015-12-29 00:00:00+00:00,0.01,0.01,0.01,0.01,0.01,0.01,14.56,0.01,0.01,0.01,14.56,11.42,27.74,0.01,0.01,0.01,0.01
2015-12-30 00:00:00+00:00,0.01,0.01,0.01,0.01,0.01,0.01,15.24,0.01,0.01,0.01,15.24,0.01,29.49,0.01,0.01,0.01,0.01
2015-12-31 00:00:00+00:00,0.01,0.01,0.01,0.01,0.37,0.01,16.54,0.37,0.01,0.37,16.54,0.01,31.41,0.01,0.01,0.37,0.01
2016-01-01 00:00:00+00:00,0.01,0.01,0.01,0.01,0.43,0.01,17.11,0.43,0.01,0.43,17.11,0.01,33.11,0.01,0.01,0.43,0.01
2016-01-02 00:00:00+00:00,0.01,0.01,0.01,0.01,0.68,0.01,18.98,0.68,0.01,0.68,18.98,7.34,32.61,0.01,0.01,0.68,0.01
2016-01-03 00:00:00+00:00,0.01,0.01,1.33,1.33,0.73,0.01,20.21,0.73,0.01,0.73,20.21,16.58,32.7,1.33,0.01,0.73,0.01
2016-01-04 00:00:00+00:00,0.01,0.01,2.91,2.91,0.66,0.01,21.05,0.66,0.01,0.66,21.05,25.42,28.32,2.91,0.01,0.66,0.01
2016-01-05 00:00:00+00:00,0.01,0.01,4.23,4.23,0.73,0.01,23.03,0.73,0.01,0.73,23.03,40.85,31.23,4.23,0.01,0.73,0.01
2016-01-06 00:00:00+00:00,0.01,0.01,7.06,7.06,0.86,0.01,24.48,0.86,0.01,0.86,24.48,52.74,32.73,7.06,0.01,0.86,0.01
2016-01-07 00:00:00+00:00,0.01,0.01,10.07,10.07,1.08,0.01,24.95,1.08,0.01,1.08,24.95,53.71,35.02,10.07,0.01,1.08,0.01
2016-01-08 00:00:00+00:00,0.01,0.01,11.99,11.99,1.44,0.01,25.76,1.44,0.01,1.44,25.76,51.34,43.16,11.99,0.01,1.44,0.01
2016-01-09 00:00:00+00:00,0.01,0.01,13.92,13.92,1.48,0.01,26.81,1.48,0.01,1.48,26.81,47.88,46.58,13.92,0.01,1.48,0.01
2016-01-10 00:00:00+00:00,0.01,0.01,17.68,17.68,1.5,0.01,27.39,1.5,0.01,1.5,27.39,29.8,33.74,17.68,0.01,1.5,0.01
2016-01-11 00:00:00+00:00,0.01,0.01,22.23,22.23,1.44,0.01,28.37,1.44,0.01,1.44,28.37,6.18,29.96,22.23,0.01,1.44,0.01
2016-01-12 00:00:00+00:00,0.01,0.01,25.17,25.17,1.49,0.01,29.35,1.49,0.01,1.49,29.35,0.01,19.89,25.17,0.01,1.49,0.01
2016-01-13 00:00:00+00:00,0.01,0.01,29.54,29.54,1.62,0.01,31.5,1.62,0.01,1.62,31.5,11.95,24.25,29.54,0.01,1.62,0.01
2016-01-14 00:00:00+00:00,0.01,0.01,34.26,34.26,1.77,0.01,34.46,1.77,0.01,1.77,34.46,24.39,21.32,34.26,0.01,1.77,0.01
2016-01-15 00:00:00+00:00,0.01,0.01,38.87,38.87,2.09,0.01,37.62,2.09,0.01,2.09,37.62,37.77,23.79,38.87,0.01,2.09,0.01
2016-01-16 00:00:00+00:00,0.01,0.01,38.4,38.4,2.21,0.01,36.89,2.21,0.01,2.21,36.89,30.23,30.96,38.4,0.01,2.21,0.01
2016-01-17 00:00:00+00:00,0.01,0.01,38.0,38.0,2.35,0.01,36.52,2.35,0.01,2.35,36.52,32.49,39.75,38.0,0.01,2.35,0.01
2016-01-18 00:00:00+00:00,0.01,0.01,37.47,37.47,2.6,0.01,36.08,2.6,0.01,2.6,36.08,31.59,40.05,37.47,0.01,2.6,0.01
2016-01-19 00:00:00+00:00,0.01,0.01,35.77,35.77,2.3,0.01,34.25,2.3,1.74,2.3,34.25,35.09,37.65,35.77,0.01,2.3,1.74
2016-01-20 00:00:00+00:00,0.01,0.01,32.09,32.09,1.5,0.01,30.48,1.5,3.3,1.5,30.48,31.95,33.28,32.09,0.01,1.5,3.3
2016-01-21 00:00:00+00:00,0.01,0.01,27.52,27.52,0.54,0.13,26.1,0.54,3.26,0.54,26.1,21.39,28.9,27.52,0.01,0.54,3.26
2016-01-22 00:00:00+00:00,0.01,0.01,22.4,22.4,0.01,1.26,21.26,0.01,2.65,0.01,21.26,15.93,24.4,22.4,0.01,0.01,2.65
2016-01-23 00:00:00+00:00,0.01,0.01,20.68,20.68,0.01,2.51,19.72,0.01,2.34,0.01,19.72,13.01,24.04,20.68,0.01,0.01,2.34
2016-01-24 00:00:00+00:00,0.01,0.01,19.43,19.43,0.01,3.59,18.62,0.01,2.21,0.01,18.62,11.2,20.95,19.43,0.01,0.01,2.21
2016-01-25 00:00:00+00:00,0.01,0.01,18.68,18.68,0.01,4.17,17.9,0.01,2.08,0.01,17.9,15.66,20.99,18.68,0.01,0.01,2.08
2016-01-26 00:00:00+00:00,0.01,0.01,17.87,17.87,0.01,4.31,17.16,0.01,1.77,0.01,17.16,15.2,20.17,17.87,0.01,0.01,1.77
2016-01-27 00:00:00+00:00,0.01,0.01,17.67,17.67,0.01,4.66,17.0,0.01,1.13,0.01,17.0,20.97,19.3,17.67,0.01,0.01,1.13
2016-01-28 00:00:00+00:00,0.01,0.01,17.82,17.82,0.01,4.96,17.12,0.01,0.95,0.01,17.12,25.76,18.76,17.82,0.01,0.01,0.95
2016-01-29 00:00:00+00:00,0.01,0.01,18.03,18.03,0.01,4.94,17.27,0.01,0.48,0.01,17.27,18.51,17.94,18.03,0.01,0.01,0.48
2016-01-30 00:00:00+00:00,0.01,0.01,18.71,18.71,0.01,5.09,17.92,0.01,0.1,0.01,17.92,0.01,17.39,18.71,0.01,0.01,0.1
2016-01-31 00:00:00+00:00,0.01,0.01,18.69,18.69,0.01,5.17,18.08,0.01,0.01,0.01,18.08,0.01,17.82,18.69,0.01,0.01,0.01
2016-02-01 00:00:00+00:00,0.01,0.01,18.32,18.32,0.01,5.04,17.89,0.01,0.01,0.01,17.89,4.38,17.56,18.32,0.01,0.01,0.01
2016-02-02 00:00:00+00:00,0.01,0.01,17.72,17.72,0.01,4.83,17.39,0.01,0.01,0.01,17.39,1.48,16.15,17.72,0.01,0.01,0.01
2016-02-03 00:00:00+00:00,0.01,0.01,17.67,17.67,0.01,5.02,17.42,0.01,0.01,0.01,17.42,10.39,16.78,17.67,0.01,0.01,0.01
2016-02-04 00:00:00+00:00,0.01,0.01,17.77,17.77,0.01,5.24,17.6,0.01,0.01,0.01,17.6,1.78,19.11,17.77,0.01,0.01,0.01
2016-02-05 00:00:00+00:00,0.01,0.01,18.11,18.11,0.01,5.32,17.8,0.01,0.01,0.01,17.8,1.68,23.15,18.11,0.01,0.01,0.01
2016-02-06 00:00:00+00:00,0.01,0.01,18.21,18.21,0.01,5.37,17.94,0.01,0.01,0.01,17.94,0.01,17.07,18.21,0.01,0.01,0.01
2016-02-07 00:00:00+00:00,0.01,0.01,18.32,18.32,0.01,5.41,18.38,0.01,0.01,0.01,18.38,17.99,17.91,18.32,0.01,0.01,0.01
2016-02-08 00:00:00+00:00,0.01,0.01,18.57,18.57,0.01,5.63,18.91,0.01,0.01,0.01,18.91,15.52,17.74,18.57,0.01,0.01,0.01
2016-02-09 00:00:00+00:00,0.01,0.01,19.21,19.21,0.01,5.98,19.83,0.01,0.01,0.01,19.83,27.86,19.95,19.21,0.01,0.01,0.01
2016-02-10 00:00:00+00:00,0.01,0.01,18.71,18.71,0.01,6.18,20.94,0.01,0.01,0.01,20.94,35.58,20.64,18.71,0.01,0.01,0.01
2016-02-11 00:00:00+00:00,0.01,0.01,18.16,18.16,0.01,6.11,20.9,0.01,0.01,0.01,20.9,22.67,19.44,18.16,0.01,0.01,0.01
2016-02-12 00:00:00+00:00,0.01,0.01,20.37,20.37,0.01,6.36,21.42,0.01,0.01,0.01,21.42,19.48,13.45,20.37,0.01,0.01,0.01
2016-02-13 00:00:00+00:00,0.01,0.01,20.58,20.58,0.01,6.41,21.2,0.01,0.01,0.01,21.2,27.77,9.16,20.58,0.01,0.01,0.01
2016-02-14 00:00:00+00:00,0.01,0.01,20.04,20.04,0.01,6.27,20.84,0.01,0.01,0.01,20.84,39.27,8.35,20.04,0.01,0.01,0.01
2016-02-15 00:00:00+00:00,0.01,0.01,19.77,19.77,0.01,5.85,20.7,0.01,0.01,0.01,20.7,20.6,9.46,19.77,0.01,0.01,0.01
2016-02-16 00:00:00+00:00,0.01,0.01,19.4,19.4,0.01,5.44,20.33,0.01,0.01,0.01,20.33,17.74,10.65,19.4,0.01,0.01,0.01
2016-02-17 00:00:00+00:00,0.01,0.01,18.67,18.67,0.01,4.93,19.48,0.01,0.01,0.01,19.48,16.23,7.33,18.67,0.01,0.01,0.01
2016-02-18 00:00:00+00:00,0.01,0.01,18.9,18.9,0.01,4.65,19.64,0.01,0.01,0.01,19.64,1.63,5.5,18.9,0.01,0.01,0.01
2016-02-19 00:00:00+00:00,0.01,0.01,19.0,19.0,0.01,4.56,19.74,0.01,0.01,0.01,19.74,0.01,4.3,19.0,0.01,0.01,0.01
2016-02-20 00:00:00+00:00,0.01,0.01,19.51,19.51,0.01,4.82,19.95,0.01,0.01,0.01,19.95,0.01,4.19,19.51,0.01,0.01,0.01
2016-02-21 00:00:00+00:00,0.01,0.01,20.09,20.09,0.01,5.33,20.47,0.01,0.01,0.01,20.47,0.01,5.52,20.09,0.01,0.01,0.01
2016-02-22 00:00:00+00:00,0.01,0.01,20.5,20.5,0.01,5.86,20.91,0.01,0.01,0.01,20.91,0.01,6.27,20.5,0.01,0.01,0.01
2016-02-23 00:00:00+00:00,0.01,0.01,21.03,21.03,0.01,6.25,21.44,0.01,0.22,0.01,21.44,0.01,18.79,21.03,0.01,0.01,0.22
2016-02-24 00:00:00+00:00,0.01,0.01,21.08,21.08,0.01,6.26,21.47,0.01,0.01,0.01,21.47,4.7,21.32,21.08,0.01,0.01,0.01
2016-02-25 00:00:00+00:00,0.01,0.01,21.39,21.39,0.01,6.1,21.8,0.01,0.01,0.01,21.8,29.25,19.15,21.39,0.01,0.01,0.01
2016-02-26 00:00:00+00:00,0.01,0.01,21.24,21.24,0.01,5.85,21.65,0.01,0.01,0.01,21.65,41.98,19.08,21.24,0.01,0.01,0.01
2016-02-27 00:00:00+00:00,0.01,0.01,21.32,21.32,0.01,6.02,21.69,0.01,0.11,0.01,21.69,24.8,18.67,21.32,0.01,0.01,0.11
2016-02-28 00:00:00+00:00,0.01,0.01,21.3,21.3,0.01,5.28,21.65,0.01,0.01,0.01,21.65,19.77,33.74,21.3,0.01,0.01,0.01
2016-02-29 00:00:00+00:00,0.97,0.97,21.84,21.84,0.22,8.19,22.65,0.22,0.34,0.22,22.65,17.23,59.39,21.84,0.94,0.22,0.34
2016-03-01 00:00:00+00:00,0.01,0.01,21.77,21.77,0.01,6.13,22.34,0.01,0.45,0.01,22.34,21.58,42.73,21.77,0.01,0.01,0.45
2016-03-02 00:00:00+00:00,0.01,0.01,22.3,22.3,0.01,5.28,23.05,0.01,0.8,0.01,23.05,28.9,44.06,22.3,0.01,0.01,0.8
2016-03-03 00:00:00+00:00,0.01,0.01,22.17,22.17,0.01,4.54,23.18,0.01,0.35,0.01,23.18,18.9,44.21,22.17,0.01,0.01,0.35
2016-03-04 00:00:00+00:00,0.01,0.01,22.1,22.1,0.01,4.5,23.33,0.01,0.35,0.01,23.33,11.03,38.7,22.1,0.01,0.01,0.35
2016-03-05 00:00:00+00:00,0.01,0.01,22.43,22.43,0.01,4.69,23.73,0.01,0.24,0.01,23.73,6.16,34.93,22.43,0.01,0.01,0.24
2016-03-06 00:00:00+00:00,0.01,0.01,22.79,22.79,0.01,5.05,24.13,0.01,0.36,0.01,24.13,1.84,33.86,22.79,0.01,0.01,0.36
2016-03-07 00:00:00+00:00,0.01,0.01,22.78,22.78,0.01,5.13,24.48,0.01,0.59,0.01,24.48,2.13,32.08,22.78,0.01,0.01,0.59
2016-03-08 00:00:00+00:00,0.12,0.12,22.21,22.21,0.01,5.37,24.41,0.01,0.81,0.01,24.41,19.71,29.5,22.21,0.01,0.01,0.81
2016-03-09 00:00:00+00:00,0.8,0.8,21.64,21.64,0.01,5.98,24.1,0.01,1.13,0.01,24.1,23.4,30.35,21.64,0.01,0.01,1.13
2016-03-10 00:00:00+00:00,1.62,1.62,21.42,21.42,0.01,8.24,24.06,0.01,1.43,0.01,24.06,20.05,30.52,21.42,0.01,0.01,1.43
2016-03-11 00:00:00+00:00,2.43,2.43,21.52,21.52,0.01,11.63,23.97,0.01,1.51,0.01,23.97,0.01,27.64,21.52,0.01,0.01,1.51
2016-03-12 00:00:00+00:00,3.15,3.15,21.42,21.42,0.01,14.26,23.62,0.01,1.57,0.01,23.62,0.01,29.76,21.42,0.01,0.01,1.57
2016-03-13 00:00:00+00:00,3.9,3.9,21.35,21.35,0.01,16.09,23.44,0.01,1.56,0.01,23.44,0.01,29.24,21.35,0.01,0.01,1.56
2016-03-14 00:00:00+00:00,4.61,4.61,21.44,21.44,0.01,17.02,23.23,0.01,1.53,0.01,23.23,0.01,27.65,21.44,0.01,0.01,1.53
2016-03-15 00:00:00+00:00,5.29,5.29,21.3,21.3,0.01,17.22,23.1,0.01,1.71,0.01,23.1,27.13,26.42,21.3,0.01,0.01,1.71
2016-03-16 00:00:00+00:00,6.0,6.0,21.22,21.22,0.01,16.25,23.01,0.01,1.98,0.01,23.01,43.02,24.82,21.22,0.01,0.01,1.98
2016-03-17 00:00:00+00:00,6.68,6.68,21.09,21.09,0.01,13.56,22.94,0.01,1.72,0.01,22.94,27.07,23.72,21.09,0.01,0.01,1.72
2016-03-18 00:00:00+00:00,7.33,7.33,20.71,20.71,0.01,10.86,22.79,0.01,1.59,0.01,22.79,20.13,22.15,20.71,0.01,0.01,1.59
2016-03-19 00:00:00+00:00,7.95,7.95,20.4,20.4,0.01,7.43,22.62,0.01,1.55,0.01,22.62,25.75,21.14,20.4,0.01,0.01,1.55
2016-03-20 00:00:00+00:00,8.5,8.5,19.98,19.98,0.01,4.74,22.36,0.01,1.63,0.01,22.36,33.73,16.98,19.98,0.01,0.01,1.63
2016-03-21 00:00:00+00:00,8.93,8.93,19.67,19.67,0.01,3.39,21.89,0.01,1.59,0.01,21.89,33.44,18.37,19.67,0.01,0.01,1.59
2016-03-22 00:00:00+00:00,9.12,9.12,19.07,19.07,0.01,2.5,21.27,0.01,1.62,0.01,21.27,31.63,17.39,19.07,0.01,0.01,1.62
2016-03-23 00:00:00+00:00,9.44,9.44,18.69,18.69,0.01,2.34,21.02,0.01,1.84,0.01,21.02,22.73,20.07,18.69,0.05,0.01,1.84
2016-03-24 00:00:00+00:00,9.91,9.91,18.47,18.47,0.01,2.9,21.03,0.01,1.49,0.01,21.03,7.1,20.62,18.47,0.87,0.01,1.49
2016-03-25 00:00:00+00:00,10.52,10.52,18.19,18.19,0.01,4.53,21.17,0.01,1.66,0.01,21.17,3.51,22.06,18.19,1.61,0.01,1.66
2016-03-26 00:00:00+00:00,11.18,11.18,17.97,17.97,0.01,6.65,21.41,0.01,1.67,0.01,21.41,20.89,23.55,17.97,2.4,0.01,1.67
2016-03-27 00:00:00+00:00,11.85,11.85,17.52,17.52,0.01,8.52,21.56,0.01,1.58,0.01,21.56,30.25,30.88,17.52,3.03,0.01,1.58
2016-03-28 00:00:00+00:00,12.69,12.69,17.49,17.49,0.01,10.16,21.98,0.01,1.69,0.01,21.98,29.23,40.75,17.49,3.42,0.01,1.69
2016-03-29 00:00:00+00:00,13.96,13.96,18.06,18.06,0.01,12.96,22.83,0.01,1.92,0.01,22.83,18.99,42.32,18.06,3.99,0.01,1.92
2016-03-30 00:00:00+00:00,15.17,15.17,18.16,18.16,0.01,18.27,23.22,0.01,1.52,0.01,23.22,18.39,25.74,18.16,4.51,0.01,1.52
2016-03-31 00:00:00+00:00,16.07,16.07,17.9,17.9,0.01,21.33,23.16,0.01,1.53,0.01,23.16,13.58,21.99,17.9,5.24,0.01,1.53
2016-04-01 00:00:00+00:00,16.82,16.82,17.54,17.54,0.01,30.0,23.02,0.01,1.55,0.01,23.02,8.21,23.75,17.54,5.87,0.01,1.55
2016-04-02 00:00:00+00:00,17.5,17.5,17.24,17.24,0.01,37.9,23.05,0.01,1.46,0.01,23.05,15.72,22.96,17.24,6.5,0.01,1.46
2016-04-03 00:00:00+00:00,18.23,18.23,17.06,17.06,0.01,42.54,23.25,0.01,1.5,0.01,23.25,22.4,22.0,17.06,7.0,0.01,1.5
2016-04-04 00:00:00+00:00,19.03,19.03,16.87,16.87,0.01,42.72,23.38,0.01,1.46,0.01,23.38,20.81,22.45,16.87,7.32,0.01,1.46
2016-04-05 00:00:00+00:00,19.78,19.78,16.58,16.58,0.01,42.62,23.37,0.01,1.28,0.01,23.37,17.18,19.89,16.58,7.4,0.01,1.28
2016-04-06 00:00:00+00:00,20.5,20.5,16.34,16.34,0.01,42.68,23.43,0.01,1.18,0.01,23.43,20.47,3.97,16.34,7.6,0.01,1.18
2016-04-07 00:00:00+00:00,21.56,21.56,16.53,16.53,0.01,43.69,24.01,0.01,0.99,0.01,24.01,22.35,0.01,16.53,8.09,0.01,0.99
2016-04-08 00:00:00+00:00,22.15,22.15,16.76,16.76,0.01,44.34,24.42,0.01,0.79,0.01,24.42,14.93,0.01,16.76,8.57,0.01,0.79
2016-04-09 00:00:00+00:00,23.21,23.21,16.75,16.75,0.01,44.5,24.56,0.01,0.69,0.01,24.56,19.19,0.01,16.75,9.06,0.01,0.69
2016-04-10 00:00:00+00:00,24.22,24.22,16.69,16.69,0.01,44.21,24.29,0.01,0.58,0.01,24.29,26.53,0.01,16.69,9.55,0.01,0.58
2016-04-11 00:00:00+00:00,25.01,25.01,16.89,16.89,0.01,43.69,23.68,0.01,0.57,0.01,23.68,29.35,2.85,16.89,9.95,0.01,0.57
2016-04-12 00:00:00+00:00,26.61,26.61,17.27,17.27,0.01,36.03,22.99,0.01,0.57,0.01,22.99,31.85,9.36,17.27,10.41,0.01,0.57
2016-04-13 00:00:00+00:00,28.07,28.07,17.39,17.39,0.01,34.04,22.3,0.01,0.66,0.01,22.3,37.04,12.35,17.39,10.75,0.01,0.66
2016-04-14 00:00:00+00:00,29.14,29.14,17.44,17.44,0.01,36.03,21.53,0.01,0.64,0.01,21.53,33.55,10.73,17.44,10.9,0.01,0.64
2016-04-15 00:00:00+00:00,28.77,28.77,17.61,17.61,0.01,37.32,20.95,0.01,0.52,0.01,20.95,22.57,12.19,17.61,11.13,0.01,0.52
2016-04-16 00:00:00+00:00,27.75,27.75,17.75,17.75,0.01,34.58,20.69,0.01,0.42,0.01,20.69,26.03,12.97,17.75,11.43,0.01,0.42
2016-04-17 00:00:00+00:00,27.31,27.31,18.31,18.31,0.01,37.19,20.69,0.01,0.21,0.01,20.69,35.72,14.11,18.31,11.83,0.01,0.21
2016-04-18 00:00:00+00:00,28.07,28.07,19.2,19.2,0.01,39.31,20.94,0.01,0.11,0.01,20.94,41.87,20.51,19.2,12.33,0.01,0.11
2016-04-19 00:00:00+00:00,29.21,29.21,20.14,20.14,0.01,29.39,21.38,0.01,0.01,0.01,21.38,28.36,24.94,20.14,12.91,0.01,0.01
2016-04-20 00:00:00+00:00,30.2,30.2,20.91,20.91,0.01,34.42,21.87,0.01,0.24,0.01,21.87,15.72,26.37,20.91,13.48,0.01,0.24
2016-04-21 00:00:00+00:00,30.83,30.83,21.69,21.69,0.01,45.34,22.06,0.01,0.37,0.01,22.06,0.01,26.13,21.69,13.98,0.01,0.37
2016-04-22 00:00:00+00:00,31.49,31.49,23.04,23.04,0.01,46.58,22.49,0.01,0.25,0.01,22.49,0.01,26.88,23.04,14.82,0.01,0.25
2016-04-23 00:00:00+00:00,31.56,31.56,24.48,24.48,0.01,46.84,22.44,0.01,0.51,0.01,22.44,0.01,26.27,24.48,15.61,0.01,0.51
2016-04-24 00:00:00+00:00,31.5,31.5,25.63,25.63,0.01,47.09,22.38,0.01,0.8,0.01,22.38,17.54,29.27,25.63,16.53,0.01,0.8
2016-04-25 00:00:00+00:00,31.34,31.34,24.53,24.53,0.01,41.98,22.22,0.01,0.98,0.01,22.22,16.28,32.42,24.53,17.4,0.01,0.98
2016-04-26 00:00:00+00:00,31.43,31.43,23.59,23.59,0.01,38.93,22.11,0.01,1.34,0.01,22.11,22.25,35.5,23.59,18.25,0.01,1.34
2016-04-27 00:00:00+00:00,31.7,31.7,23.6,23.6,0.01,39.65,21.93,0.01,1.82,0.01,21.93,36.0,40.02,23.6,18.96,0.01,1.82
2016-04-28 00:00:00+00:00,31.49,31.49,23.74,23.74,4.91,40.19,21.88,4.91,2.18,4.91,21.88,47.79,42.48,23.74,19.94,4.91,2.18
2016-04-29 00:00:00+00:00,31.09,31.09,23.06,23.06,8.34,37.47,21.06,8.34,2.4,8.34,21.06,33.42,43.52,23.06,20.3,8.34,2.4
2016-04-30 00:00:00+00:00,31.56,31.56,22.96,22.96,11.33,34.54,20.79,11.33,3.36,11.33,20.79,22.37,44.39,22.96,21.26,11.33,3.36
2016-05-01 00:00:00+00:00,29.54,29.54,22.33,22.33,13.18,28.2,20.1,13.18,6.19,13.18,20.1,16.83,44.16,22.33,21.34,13.18,6.19
2016-05-02 00:00:00+00:00,25.34,25.34,21.57,21.57,14.05,25.34,19.19,14.05,8.99,14.05,19.19,36.35,41.79,21.57,21.33,14.05,8.99
2016-05-03 00:00:00+00:00,21.12,21.12,21.14,21.14,14.68,26.75,18.61,14.68,13.04,14.68,18.61,40.34,39.79,21.14,21.99,14.68,13.04
2016-05-04 00:00:00+00:00,20.87,20.87,21.02,21.02,15.3,28.23,18.29,15.3,17.72,15.3,18.29,36.41,37.2,21.02,22.49,15.3,17.72
2016-05-05 00:00:00+00:00,20.53,20.53,21.7,21.7,15.91,29.02,17.85,15.91,21.0,15.91,17.85,20.92,33.38,21.7,22.74,15.91,21.0
2016-05-06 00:00:00+00:00,20.81,20.81,22.68,22.68,16.93,31.45,17.93,16.93,22.14,16.93,17.93,15.36,34.06,22.68,24.14,16.93,22.14
2016-05-07 00:00:00+00:00,21.22,21.22,23.01,23.01,17.8,29.47,18.07,17.8,22.98,17.8,18.07,18.12,37.29,23.01,25.06,17.8,22.98
2016-05-08 00:00:00+00:00,21.57,21.57,22.27,22.27,17.41,24.06,18.25,17.41,23.58,17.41,18.25,22.08,38.87,22.27,25.5,17.41,23.58
2016-05-09 00:00:00+00:00,22.01,22.01,24.23,24.23,16.31,21.69,18.79,16.31,24.54,16.31,18.79,40.21,44.04,24.23,26.03,16.31,24.54
2016-05-10 00:00:00+00:00,22.09,22.09,26.03,26.03,15.16,21.01,18.89,15.16,24.7,15.16,18.89,44.19,38.78,26.03,25.89,15.16,24.7
2016-05-11 00:00:00+00:00,23.25,23.25,27.59,27.59,14.29,20.5,18.89,14.29,24.5,14.29,18.89,44.4,37.0,27.59,25.82,14.29,24.5
2016-05-12 00:00:00+00:00,26.69,26.69,30.03,30.03,13.63,20.5,18.96,13.63,24.32,13.63,18.96,45.1,38.16,30.03,26.22,13.63,24.32
2016-05-13 00:00:00+00:00,30.41,30.41,31.74,31.74,13.94,20.57,19.07,13.94,24.19,13.94,19.07,45.69,36.55,31.74,26.67,13.94,24.19
2016-05-14 00:00:00+00:00,34.45,34.45,33.36,33.36,14.3,21.21,19.03,14.3,24.22,14.3,19.03,38.71,33.66,33.36,27.23,14.3,24.22
2016-05-15 00:00:00+00:00,38.27,38.27,35.76,35.76,14.84,22.99,19.27,14.84,24.89,14.84,19.27,46.5,40.38,35.76,29.09,14.84,24.89
2016-05-16 00:00:00+00:00,44.43,44.43,37.76,37.76,16.05,25.05,19.61,16.05,25.54,16.05,19.61,47.05,41.97,37.76,30.47,16.05,25.54
2016-05-17 00:00:00+00:00,46.03,46.03,39.3,39.3,18.21,30.06,20.32,18.21,26.2,18.21,20.32,47.51,42.76,39.3,31.42,18.21,26.2
2016-05-18 00:00:00+00:00,45.52,45.52,40.66,40.66,19.86,31.51,20.92,19.86,27.37,19.86,20.92,47.33,22.95,40.66,31.62,19.86,27.37
2016-05-19 00:00:00+00:00,44.27,44.27,41.47,41.47,20.45,30.75,21.22,20.45,27.83,20.45,21.22,46.86,22.49,41.47,31.23,20.45,27.83
2016-05-20 00:00:00+00:00,43.97,43.97,41.96,41.96,21.19,29.77,21.68,21.19,28.16,21.19,21.68,46.89,22.26,41.96,30.93,21.19,28.16
2016-05-21 00:00:00+00:00,43.39,43.39,41.69,41.69,21.45,28.21,21.91,21.45,28.2,21.45,21.91,47.01,23.2,41.69,30.06,21.45,28.2
2016-05-22 00:00:00+00:00,40.87,40.87,41.23,41.23,21.16,26.08,21.69,21.16,27.7,21.16,21.69,47.04,25.95,41.23,28.96,21.16,27.7
2016-05-23 00:00:00+00:00,37.66,37.66,41.2,41.2,21.0,24.04,20.95,21.0,26.71,21.0,20.95,43.48,29.77,41.2,28.13,21.0,26.71
2016-05-24 00:00:00+00:00,36.38,36.38,41.73,41.73,21.65,23.28,20.37,21.65,25.82,21.65,20.37,46.09,34.82,41.73,27.55,21.65,25.82
2016-05-25 00:00:00+00:00,37.23,37.23,42.11,42.11,22.47,22.95,20.14,22.47,25.37,22.47,20.14,46.02,33.18,42.11,27.18,22.47,25.37
2016-05-26 00:00:00+00:00,37.21,37.21,42.1,42.1,22.9,22.62,19.97,22.9,24.98,22.9,19.97,45.73,26.33,42.1,26.64,22.9,24.98
2016-05-27 00:00:00+00:00,36.16,36.16,41.64,41.64,22.68,22.52,19.63,22.68,24.27,22.68,19.63,38.02,22.43,41.64,25.85,22.68,24.27
2016-05-28 00:00:00+00:00,34.95,34.95,41.21,41.21,22.32,22.6,19.43,22.32,23.24,22.32,19.43,43.46,23.25,41.21,25.21,22.32,23.24
2016-05-29 00:00:00+00:00,33.79,33.79,41.02,41.02,21.35,22.7,19.05,21.35,22.36,21.35,19.05,23.86,25.1,41.02,24.4,21.35,22.36
2016-05-30 00:00:00+00:00,32.73,32.73,40.97,40.97,19.47,22.99,18.45,19.47,18.21,19.47,18.45,4.36,44.19,40.97,23.73,19.47,18.21
2016-05-31 00:00:00+00:00,31.78,31.78,40.37,40.37,17.64,23.4,17.52,17.64,12.03,17.64,17.52,9.58,22.98,40.37,23.25,17.64,12.03
2016-06-01 00:00:00+00:00,30.83,30.83,39.7,39.7,15.41,23.68,16.52,15.41,6.18,15.41,16.52,16.95,20.03,39.7,23.12,15.41,6.18
2016-06-02 00:00:00+00:00,29.66,29.66,39.68,39.68,12.83,23.98,15.58,12.83,2.88,12.83,15.58,31.65,20.16,39.68,23.22,12.83,2.88
2016-06-03 00:00:00+00:00,29.72,29.72,38.49,38.49,10.91,24.7,14.77,10.91,0.73,10.91,14.77,43.45,21.14,38.49,23.56,10.91,0.73
2016-06-04 00:00:00+00:00,29.54,29.54,36.78,36.78,8.78,25.22,14.09,8.78,0.01,8.78,14.09,43.3,23.02,36.78,23.87,8.78,0.01
2016-06-05 00:00:00+00:00,28.76,28.76,36.35,36.35,7.18,25.75,13.56,7.18,0.01,7.18,13.56,37.42,22.21,36.35,24.34,7.18,0.01
2016-06-06 00:00:00+00:00,28.04,28.04,36.56,36.56,9.48,26.81,13.27,9.48,0.01,9.48,13.27,24.05,24.82,36.56,25.17,9.48,0.01
2016-06-07 00:00:00+00:00,27.78,27.78,36.78,36.78,10.72,27.31,12.93,10.72,0.01,10.72,12.93,36.41,25.97,36.78,25.93,10.72,0.01
2016-06-08 00:00:00+00:00,27.59,27.59,36.77,36.77,9.44,27.62,12.54,9.44,0.01,9.44,12.54,48.78,36.2,36.77,26.51,9.44,0.01
2016-06-09 00:00:00+00:00,28.25,28.25,37.28,37.28,9.8,28.3,12.51,9.8,0.01,9.8,12.51,35.95,39.34,37.28,27.46,9.8,0.01
2016-06-10 00:00:00+00:00,29.21,29.21,37.8,37.8,13.68,29.01,12.69,13.68,0.01,13.68,12.69,22.47,50.4,37.8,28.57,13.68,0.01
2016-06-11 00:00:00+00:00,30.34,30.34,38.44,38.44,16.92,29.88,12.92,16.92,1.27,16.92,12.92,0.01,37.65,38.44,29.93,16.92,1.27
2016-06-12 00:00:00+00:00,31.2,31.2,38.69,38.69,19.37,30.34,12.98,19.37,3.24,19.37,12.98,13.48,34.76,38.69,31.13,19.37,3.24
2016-06-13 00:00:00+00:00,31.35,31.35,38.67,38.67,20.39,30.48,12.86,20.39,2.6,20.39,12.86,31.49,35.16,38.67,32.21,20.39,2.6
2016-06-14 00:00:00+00:00,31.07,31.07,38.83,38.83,21.7,30.45,12.58,21.7,0.94,21.7,12.58,28.66,29.4,38.83,32.87,21.7,0.94
2016-06-15 00:00:00+00:00,30.24,30.24,39.11,39.11,22.08,30.04,11.94,22.08,0.92,22.08,11.94,15.28,30.37,39.11,33.17,22.08,0.92
2016-06-16 00:00:00+00:00,29.2,29.2,39.06,39.06,21.52,29.19,11.27,21.52,0.45,21.52,11.27,5.81,37.23,39.06,32.98,21.52,0.45
2016-06-17 00:00:00+00:00,28.63,28.63,38.85,38.85,21.38,28.39,10.59,21.38,0.01,21.38,10.59,5.02,39.9,38.85,32.82,21.38,0.01
2016-06-18 00:00:00+00:00,28.52,28.52,38.68,38.68,20.07,27.72,10.06,20.07,0.01,20.07,10.06,18.22,49.96,38.68,32.62,20.07,0.01
2016-06-19 00:00:00+00:00,29.03,29.03,38.68,38.68,18.2,27.34,9.54,18.2,0.99,18.2,9.54,21.74,49.8,38.68,32.19,18.2,0.99
2016-06-20 00:00:00+00:00,29.25,29.25,38.3,38.3,19.42,27.12,8.66,19.42,0.51,19.42,8.66,20.23,49.49,38.3,31.92,19.42,0.51
2016-06-21 00:00:00+00:00,28.87,28.87,38.06,38.06,20.65,27.08,7.7,20.65,0.01,20.65,7.7,17.08,49.01,38.06,32.17,20.65,0.01
2016-06-22 00:00:00+00:00,28.43,28.43,38.09,38.09,22.96,26.56,6.92,22.96,0.51,22.96,6.92,22.4,45.48,38.09,32.71,22.96,0.51
2016-06-23 00:00:00+00:00,27.93,27.93,37.97,37.97,24.91,25.57,5.98,24.91,0.01,24.91,5.98,40.78,33.96,37.97,32.76,24.91,0.01
2016-06-24 00:00:00+00:00,26.76,26.76,37.55,37.55,26.33,24.53,4.79,26.33,0.47,26.33,4.79,45.95,24.64,37.55,32.26,26.33,0.47
2016-06-25 00:00:00+00:00,25.68,25.68,35.92,35.92,27.56,23.94,3.49,27.56,1.66,27.56,3.49,46.81,20.24,35.92,30.53,27.56,1.66
2016-06-26 00:00:00+00:00,24.53,24.53,33.71,33.71,29.04,23.25,2.24,29.04,0.82,29.04,2.24,45.9,16.6,33.71,27.12,29.04,0.82
2016-06-27 00:00:00+00:00,23.63,23.63,32.38,32.38,33.69,23.06,1.74,33.69,0.01,33.69,1.74,41.89,9.06,32.38,25.9,33.69,0.01
2016-06-28 00:00:00+00:00,23.16,23.16,31.19,31.19,40.68,22.94,1.59,40.68,0.01,40.68,1.59,44.96,9.99,31.19,26.97,40.68,0.01
2016-06-29 00:00:00+00:00,22.63,22.63,29.72,29.72,44.34,22.3,1.41,44.34,0.01,44.34,1.41,35.34,18.06,29.72,25.34,44.34,0.01
2016-06-30 00:00:00+00:00,21.71,21.71,28.19,28.19,40.02,19.94,1.07,40.02,0.01,40.02,1.07,22.48,22.3,28.19,21.46,40.02,0.01
2016-07-01 00:00:00+00:00,19.99,19.99,27.41,27.41,38.73,17.02,0.74,38.73,0.01,38.73,0.74,0.01,15.56,27.41,20.46,38.73,0.01
2016-07-02 00:00:00+00:00,18.43,18.43,27.02,27.02,42.66,15.74,0.49,42.66,0.01,42.66,0.49,0.01,6.51,27.02,20.81,42.66,0.01
2016-07-03 00:00:00+00:00,17.92,17.92,26.87,26.87,43.81,15.38,0.32,43.81,0.92,43.81,0.32,0.01,0.01,26.87,23.03,43.81,0.92
2016-07-04 00:00:00+00:00,17.93,17.93,27.58,27.58,44.41,15.75,0.22,44.41,0.01,44.41,0.22,9.25,0.01,27.58,25.63,44.41,0.01
2016-07-05 00:00:00+00:00,17.95,17.95,28.94,28.94,44.32,17.01,0.22,44.32,5.27,44.32,0.22,10.87,0.01,28.94,28.44,44.32,5.27
2016-07-06 00:00:00+00:00,17.89,17.89,30.94,30.94,44.62,17.93,0.18,44.62,9.19,44.62,0.18,0.01,0.01,30.94,31.1,44.62,9.19
2016-07-07 00:00:00+00:00,17.95,17.95,33.25,33.25,45.49,19.11,0.17,45.49,10.92,45.49,0.17,3.1,2.84,33.25,32.43,45.49,10.92
2016-07-08 00:00:00+00:00,17.67,17.67,34.0,34.0,45.63,19.78,0.34,45.63,11.54,45.63,0.34,19.97,19.21,34.0,33.05,45.63,11.54
2016-07-09 00:00:00+00:00,17.01,17.01,33.69,33.69,45.67,20.3,0.34,45.67,11.35,45.67,0.34,41.91,22.83,33.69,33.42,45.67,11.35
2016-07-10 00:00:00+00:00,16.11,16.11,32.52,32.52,45.94,20.79,0.28,45.94,10.7,45.94,0.28,39.89,24.67,32.52,33.37,45.94,10.7
2016-07-11 00:00:00+00:00,14.57,14.57,31.99,31.99,46.16,22.53,0.47,46.16,11.2,46.16,0.47,37.19,28.09,31.99,33.69,46.16,11.2
2016-07-12 00:00:00+00:00,12.74,12.74,32.91,32.91,46.72,23.49,0.55,46.72,10.45,46.72,0.55,38.63,31.15,32.91,34.6,46.72,10.45
2016-07-13 00:00:00+00:00,11.06,11.06,33.99,33.99,42.08,23.9,0.53,42.08,9.7,42.08,0.53,32.19,33.66,33.99,35.02,42.08,9.7
2016-07-14 00:00:00+00:00,9.53,9.53,34.13,34.13,47.46,24.24,0.49,47.46,9.77,47.46,0.49,19.47,12.49,34.13,35.69,47.46,9.77
2016-07-15 00:00:00+00:00,8.7,8.7,33.27,33.27,47.88,24.64,0.58,47.88,10.46,47.88,0.58,26.49,13.46,33.27,39.43,47.88,10.46
2016-07-16 00:00:00+00:00,8.81,8.81,32.65,32.65,48.41,25.07,0.65,48.41,10.82,48.41,0.65,29.28,12.91,32.65,41.83,48.41,10.82
2016-07-17 00:00:00+00:00,9.76,9.76,33.64,33.64,49.04,25.56,0.71,49.04,11.97,49.04,0.71,9.8,13.01,33.64,43.9,49.04,11.97
2016-07-18 00:00:00+00:00,9.78,9.78,36.0,36.0,49.68,26.14,0.77,49.68,13.5,49.68,0.77,0.01,13.91,36.0,46.42,49.68,13.5
2016-07-19 00:00:00+00:00,9.56,9.56,37.98,37.98,49.93,26.49,0.77,49.93,13.77,49.93,0.77,13.62,9.56,37.98,48.52,49.93,13.77
2016-07-20 00:00:00+00:00,8.98,8.98,39.73,39.73,50.02,26.47,0.75,50.02,14.71,50.02,0.75,12.51,8.75,39.73,49.18,50.02,14.71
2016-07-21 00:00:00+00:00,7.02,7.02,41.3,41.3,50.14,26.42,0.68,50.14,15.27,50.14,0.68,3.05,1.67,41.3,47.22,50.14,15.27
2016-07-22 00:00:00+00:00,4.14,4.14,43.11,43.11,47.45,26.18,0.61,47.45,15.29,47.45,0.61,0.01,0.01,43.11,44.26,47.45,15.29
2016-07-23 00:00:00+00:00,1.88,1.88,45.02,45.02,41.9,25.91,0.75,41.9,15.54,41.9,0.75,0.01,13.57,45.02,41.85,41.9,15.54
2016-07-24 00:00:00+00:00,0.23,0.23,46.71,46.71,35.31,25.62,0.68,35.31,15.56,35.31,0.68,0.01,11.41,46.71,38.71,35.31,15.56
2016-07-25 00:00:00+00:00,0.01,0.01,48.6,48.6,26.75,25.24,0.46,26.75,15.18,26.75,0.46,7.69,9.2,48.6,34.89,26.75,15.18
2016-07-26 00:00:00+00:00,0.01,0.01,48.7,48.7,22.34,24.89,0.27,22.34,15.37,22.34,0.27,15.8,3.98,48.7,31.86,22.34,15.37
2016-07-27 00:00:00+00:00,0.01,0.01,48.4,48.4,21.42,24.58,0.25,21.42,15.66,21.42,0.25,17.59,2.15,48.4,29.16,21.42,15.66
2016-07-28 00:00:00+00:00,0.01,0.01,47.83,47.83,20.91,24.34,0.17,20.91,15.95,20.91,0.17,13.11,0.01,47.83,26.82,20.91,15.95
2016-07-29 00:00:00+00:00,0.01,0.01,47.04,47.04,19.86,24.15,0.04,19.86,15.51,19.86,0.04,6.17,12.78,47.04,24.13,19.86,15.51
2016-07-30 00:00:00+00:00,0.01,0.01,46.45,46.45,18.94,23.94,0.01,18.94,15.49,18.94,0.01,0.01,13.21,46.45,22.74,18.94,15.49
2016-07-31 00:00:00+00:00,0.01,0.01,45.51,45.51,19.08,23.61,0.01,19.08,15.26,19.08,0.01,0.01,11.38,45.51,22.14,19.08,15.26
2016-08-01 00:00:00+00:00,0.01,0.01,44.12,44.12,19.57,23.0,0.01,19.57,14.71,19.57,0.01,0.01,11.51,44.12,23.34,19.57,14.71
2016-08-02 00:00:00+00:00,0.01,0.01,42.59,42.59,20.08,22.24,0.01,20.08,14.35,20.08,0.01,0.01,15.49,42.59,22.09,20.08,14.35
2016-08-03 00:00:00+00:00,0.01,0.01,41.47,41.47,20.45,21.46,0.01,20.45,13.75,20.45,0.01,1.35,20.74,41.47,19.84,20.45,13.75
2016-08-04 00:00:00+00:00,0.01,0.01,40.71,40.71,22.36,21.34,0.01,22.36,13.03,22.36,0.01,0.01,21.05,40.71,18.4,22.36,13.03
2016-08-05 00:00:00+00:00,0.01,0.01,38.72,38.72,21.15,21.48,0.01,21.15,13.18,21.15,0.01,0.01,10.69,38.72,17.76,21.15,13.18
2016-08-06 00:00:00+00:00,0.01,0.01,36.62,36.62,19.71,21.43,0.01,19.71,13.21,19.71,0.01,16.37,0.01,36.62,17.33,19.71,13.21
2016-08-07 00:00:00+00:00,0.01,0.01,34.26,34.26,18.83,21.13,0.01,18.83,12.47,18.83,0.01,12.34,0.01,34.26,16.72,18.83,12.47
2016-08-08 00:00:00+00:00,0.01,0.01,32.78,32.78,18.28,21.39,0.01,18.28,12.09,18.28,0.01,6.71,14.19,32.78,16.68,18.28,12.09
2016-08-09 00:00:00+00:00,0.01,0.01,31.79,31.79,17.61,21.89,0.01,17.61,12.32,17.61,0.01,16.7,17.45,31.79,16.84,17.61,12.32
2016-08-10 00:00:00+00:00,0.01,0.01,31.0,31.0,18.41,22.33,0.01,18.41,13.59,18.41,0.01,6.69,2.93,31.0,19.34,18.41,13.59
2016-08-11 00:00:00+00:00,0.01,0.01,30.01,30.01,18.58,23.02,0.01,18.58,14.4,18.58,0.01,0.01,12.06,30.01,19.74,18.58,14.4
2016-08-12 00:00:00+00:00,0.01,0.01,28.9,28.9,17.72,23.4,0.01,17.72,14.17,17.72,0.01,3.95,6.82,28.9,19.06,17.72,14.17
2016-08-13 00:00:00+00:00,0.01,0.01,28.11,28.11,17.96,23.83,0.01,17.96,13.82,17.96,0.01,4.47,9.86,28.11,19.05,17.96,13.82
2016-08-14 00:00:00+00:00,0.01,0.01,27.75,27.75,17.67,24.57,0.01,17.67,13.96,17.67,0.01,0.01,15.79,27.75,19.38,17.67,13.96
2016-08-15 00:00:00+00:00,0.01,0.01,27.03,27.03,17.34,24.96,0.01,17.34,14.14,17.34,0.01,10.64,20.45,27.03,22.9,17.34,14.14
2016-08-16 00:00:00+00:00,0.01,0.01,27.05,27.05,18.7,25.87,0.01,18.7,15.4,18.7,0.01,15.24,28.46,27.05,26.09,18.7,15.4
2016-08-17 00:00:00+00:00,0.01,0.01,27.2,27.2,20.18,26.85,0.03,20.18,16.89,20.18,0.03,17.4,30.59,27.2,27.5,20.18,16.89
2016-08-18 00:00:00+00:00,0.01,0.01,27.19,27.19,21.08,27.69,0.15,21.08,17.94,21.08,0.15,12.84,36.37,27.19,27.97,21.08,17.94
2016-08-19 00:00:00+00:00,0.01,0.01,27.05,27.05,20.68,28.32,0.54,20.68,18.3,20.68,0.54,5.56,36.2,27.05,28.15,20.68,18.3
2016-08-20 00:00:00+00:00,0.01,0.01,26.5,26.5,19.91,28.52,0.65,19.91,18.24,19.91,0.65,5.44,34.57,26.5,27.55,19.91,18.24
2016-08-21 00:00:00+00:00,0.01,0.01,25.79,25.79,19.27,28.68,1.49,19.27,18.05,19.27,1.49,8.37,32.21,25.79,26.42,19.27,18.05
2016-08-22 00:00:00+00:00,0.01,0.01,25.59,25.59,16.71,28.94,2.87,16.71,17.82,16.71,2.87,0.01,36.8,25.59,25.82,16.71,17.82
2016-08-23 00:00:00+00:00,0.01,0.01,25.83,25.83,17.86,29.26,4.15,17.86,17.46,17.86,4.15,1.98,32.79,25.83,25.83,17.86,17.46
2016-08-24 00:00:00+00:00,0.01,0.01,25.64,25.64,20.2,29.58,5.74,20.2,18.08,20.2,5.74,19.37,27.12,25.64,25.96,20.2,18.08
2016-08-25 00:00:00+00:00,0.01,0.01,25.0,25.0,23.01,29.74,6.84,23.01,18.6,23.01,6.84,45.42,22.71,25.0,25.66,23.01,18.6
2016-08-26 00:00:00+00:00,1.3,1.3,24.32,24.32,26.22,29.79,7.42,26.22,18.5,26.22,7.42,35.78,21.5,24.32,25.12,26.22,18.5
2016-08-27 00:00:00+00:00,1.73,1.73,23.88,23.88,31.55,30.03,7.53,31.55,18.24,31.55,7.53,19.13,19.76,23.88,25.14,31.55,18.24
2016-08-28 00:00:00+00:00,1.96,1.96,23.62,23.62,36.52,30.45,7.81,36.52,17.72,36.52,7.81,10.44,19.99,23.62,25.06,36.52,17.72
2016-08-29 00:00:00+00:00,3.67,3.67,23.75,23.75,39.85,31.05,8.34,39.85,17.4,39.85,8.34,12.74,19.96,23.75,24.75,39.85,17.4
2016-08-30 00:00:00+00:00,5.46,5.46,23.66,23.66,38.59,31.31,8.6,38.59,16.95,38.59,8.6,17.32,19.5,23.66,24.2,38.59,16.95
2016-08-31 00:00:00+00:00,6.16,6.16,23.51,23.51,36.94,31.58,8.84,36.94,16.41,36.94,8.84,22.66,19.72,23.51,23.49,36.94,16.41
2016-09-01 00:00:00+00:00,6.53,6.53,23.43,23.43,34.79,31.86,9.16,34.79,16.27,34.79,9.16,29.09,17.83,23.43,23.01,34.79,16.27
2016-09-02 00:00:00+00:00,6.19,6.19,23.3,23.3,34.26,32.29,9.39,34.26,16.23,34.26,9.39,17.43,30.68,23.3,22.63,34.26,16.23
2016-09-03 00:00:00+00:00,5.73,5.73,22.32,22.32,40.44,32.61,9.51,40.44,15.53,40.44,9.51,10.35,32.92,22.32,22.01,40.44,15.53
2016-09-04 00:00:00+00:00,6.21,6.21,20.86,20.86,45.32,32.92,9.96,45.32,15.36,45.32,9.96,17.34,26.4,20.86,21.79,45.32,15.36
2016-09-05 00:00:00+00:00,7.16,7.16,20.09,20.09,46.52,33.39,10.72,46.52,15.41,46.52,10.72,23.51,25.37,20.09,24.02,46.52,15.41
2016-09-06 00:00:00+00:00,7.6,7.6,19.86,19.86,46.78,33.66,11.63,46.78,15.61,46.78,11.63,24.96,26.73,19.86,25.68,46.78,15.61
2016-09-07 00:00:00+00:00,7.8,7.8,20.49,20.49,46.93,33.66,12.38,46.93,16.3,46.93,12.38,25.89,40.22,20.49,28.75,46.93,16.3
2016-09-08 00:00:00+00:00,8.34,8.34,20.4,20.4,45.35,33.79,12.92,45.35,16.02,45.35,12.92,29.22,43.19,20.4,31.04,45.35,16.02
2016-09-09 00:00:00+00:00,8.48,8.48,19.94,19.94,44.88,34.3,13.13,44.88,15.33,44.88,13.13,32.72,36.57,19.94,31.15,44.88,15.33
2016-09-10 00:00:00+00:00,6.63,6.63,19.78,19.78,43.47,34.48,13.29,43.47,14.79,43.47,13.29,23.62,39.52,19.78,30.31,43.47,14.79
2016-09-11 00:00:00+00:00,3.99,3.99,19.25,19.25,40.32,34.56,13.5,40.32,14.36,40.32,13.5,0.01,41.22,19.25,29.12,40.32,14.36
2016-09-12 00:00:00+00:00,3.53,3.53,19.35,19.35,36.6,34.8,14.01,36.6,14.96,36.6,14.01,14.8,38.6,19.35,29.17,36.6,14.96
2016-09-13 00:00:00+00:00,4.92,4.92,18.6,18.6,33.33,35.29,14.36,33.33,16.32,33.33,14.36,19.22,41.54,18.6,29.14,33.33,16.32
2016-09-14 00:00:00+00:00,8.2,8.2,17.63,17.63,31.7,35.72,15.06,31.7,18.29,31.7,15.06,23.86,44.39,17.63,29.59,31.7,18.29
2016-09-15 00:00:00+00:00,10.96,10.96,18.07,18.07,32.01,36.51,16.06,32.01,20.09,32.01,16.06,14.79,47.33,18.07,30.19,32.01,20.09
2016-09-16 00:00:00+00:00,12.54,12.54,19.87,19.87,32.57,37.07,17.47,32.57,20.9,32.57,17.47,0.01,41.6,19.87,30.41,32.57,20.9
2016-09-17 00:00:00+00:00,13.25,13.25,19.72,19.72,34.76,37.55,17.98,34.76,21.51,34.76,17.98,5.46,31.84,19.72,30.94,34.76,21.51
2016-09-18 00:00:00+00:00,14.0,14.0,19.2,19.2,35.59,37.91,18.6,35.59,21.42,35.59,18.6,18.02,23.56,19.2,31.82,35.59,21.42
2016-09-19 00:00:00+00:00,15.3,15.3,19.72,19.72,35.31,38.22,19.14,35.31,20.92,35.31,19.14,23.61,23.14,19.72,32.38,35.31,20.92
2016-09-20 00:00:00+00:00,15.58,15.58,20.21,20.21,34.78,38.72,20.46,34.78,20.8,34.78,20.46,26.87,21.4,20.21,33.12,34.78,20.8
2016-09-21 00:00:00+00:00,15.71,15.71,20.75,20.75,33.73,38.86,21.88,33.73,21.17,33.73,21.88,17.46,20.06,20.75,32.95,33.73,21.17
2016-09-22 00:00:00+00:00,16.16,16.16,19.83,19.83,33.46,38.46,21.89,33.46,21.81,33.46,21.89,0.01,18.76,19.83,32.07,33.46,21.81
2016-09-23 00:00:00+00:00,16.32,16.32,17.49,17.49,36.06,38.02,21.37,36.06,22.13,36.06,21.37,0.01,18.24,17.49,31.18,36.06,22.13
2016-09-24 00:00:00+00:00,17.23,17.23,15.35,15.35,39.56,38.05,20.93,39.56,22.71,39.56,20.93,4.92,19.1,15.35,30.79,39.56,22.71
2016-09-25 00:00:00+00:00,18.04,18.04,13.61,13.61,40.97,38.5,21.03,40.97,23.04,40.97,21.03,18.79,22.07,13.61,30.7,40.97,23.04
2016-09-26 00:00:00+00:00,18.09,18.09,12.53,12.53,41.49,39.64,21.48,41.49,23.56,41.49,21.48,33.69,30.36,12.53,31.18,41.49,23.56
2016-09-27 00:00:00+00:00,15.75,15.75,11.46,11.46,42.32,40.92,21.04,42.32,23.85,42.32,21.04,37.79,33.68,11.46,31.9,42.32,23.85
2016-09-28 00:00:00+00:00,11.23,11.23,10.83,10.83,40.3,41.78,19.15,40.3,23.3,40.3,19.15,19.85,41.32,10.83,31.94,40.3,23.3
2016-09-29 00:00:00+00:00,7.21,7.21,10.99,10.99,35.17,42.19,16.85,35.17,20.73,35.17,16.85,5.39,48.57,10.99,32.34,35.17,20.73
2016-09-30 00:00:00+00:00,5.54,5.54,10.97,10.97,30.11,43.38,15.66,30.11,18.93,30.11,15.66,8.64,50.3,10.97,33.64,30.11,18.93
2016-10-01 00:00:00+00:00,6.35,6.35,11.24,11.24,30.3,45.15,15.39,30.3,18.0,30.3,15.39,35.26,51.67,11.24,35.25,30.3,18.0
2016-10-02 00:00:00+00:00,8.52,8.52,12.36,12.36,32.96,46.54,15.84,32.96,18.49,32.96,15.84,36.08,52.82,12.36,36.81,32.96,18.49
2016-10-03 00:00:00+00:00,11.65,11.65,13.26,13.26,36.19,47.77,16.25,36.19,18.96,36.19,16.25,34.7,54.04,13.26,38.38,36.19,18.96
2016-10-04 00:00:00+00:00,15.2,15.2,13.7,13.7,39.84,49.14,17.0,39.84,19.58,39.84,17.0,35.71,54.99,13.7,41.23,39.84,19.58
2016-10-05 00:00:00+00:00,17.89,17.89,15.7,15.7,40.01,51.32,18.88,40.01,20.18,40.01,18.88,14.53,56.02,15.7,43.23,40.01,20.18
2016-10-06 00:00:00+00:00,19.2,19.2,18.9,18.9,38.49,54.82,19.59,38.49,20.88,38.49,19.59,0.01,56.97,18.9,45.51,38.49,20.88
2016-10-07 00:00:00+00:00,19.92,19.92,20.8,20.8,33.95,57.79,20.43,33.95,21.74,33.95,20.43,17.84,57.79,20.8,48.05,33.95,21.74
2016-10-08 00:00:00+00:00,20.91,20.91,23.19,23.19,29.16,58.32,21.46,29.16,22.17,29.16,21.46,36.1,58.32,23.19,49.37,29.16,22.17
2016-10-09 00:00:00+00:00,22.01,22.01,25.7,25.7,30.91,58.78,22.88,30.91,23.06,30.91,22.88,45.05,58.78,25.7,50.05,30.91,23.06
2016-10-10 00:00:00+00:00,23.51,23.51,29.64,29.64,30.85,59.36,24.86,30.85,25.06,30.85,24.86,55.08,59.36,29.64,50.49,30.85,25.06
2016-10-11 00:00:00+00:00,24.77,24.77,31.44,31.44,32.52,59.84,27.26,32.52,27.05,32.52,27.26,32.31,46.03,31.44,50.86,32.52,27.05
2016-10-12 00:00:00+00:00,26.98,26.98,33.21,33.21,35.53,60.61,29.09,35.53,28.29,35.53,29.09,27.83,34.64,33.21,51.5,35.53,28.29
2016-10-13 00:00:00+00:00,30.02,30.02,34.06,34.06,37.9,61.54,30.81,37.9,29.31,37.9,30.81,35.76,37.29,34.06,52.51,37.9,29.31
2016-10-14 00:00:00+00:00,31.8,31.8,33.88,33.88,42.8,62.68,31.63,42.8,30.3,42.8,31.63,34.83,39.75,33.88,54.33,42.8,30.3
2016-10-15 00:00:00+00:00,33.52,33.52,33.44,33.44,48.82,63.79,32.5,48.82,31.59,48.82,32.5,32.81,40.16,33.44,57.28,48.82,31.59
2016-10-16 00:00:00+00:00,35.16,35.16,33.26,33.26,55.12,64.85,33.37,55.12,32.66,55.12,33.37,43.27,43.7,33.26,60.25,55.12,32.66
2016-10-17 00:00:00+00:00,36.37,36.37,32.28,32.28,64.72,65.72,34.08,64.72,33.37,64.72,34.08,35.91,56.1,32.28,60.72,64.72,33.37
2016-10-18 00:00:00+00:00,37.81,37.81,30.2,30.2,66.92,66.92,35.06,66.92,34.14,66.92,35.06,0.01,56.51,30.2,60.58,66.92,34.14
2016-10-19 00:00:00+00:00,39.56,39.56,26.83,26.83,67.88,67.88,35.84,67.88,34.94,67.88,35.84,0.01,52.65,26.83,60.79,67.88,34.94
2016-10-20 00:00:00+00:00,41.35,41.35,21.62,21.62,68.58,68.58,36.6,68.58,36.18,68.58,36.6,2.69,53.34,21.62,61.33,68.58,36.18
2016-10-21 00:00:00+00:00,44.17,44.17,17.09,17.09,68.84,68.84,37.29,68.84,37.7,68.84,37.29,0.01,52.27,17.09,62.13,68.84,37.7
2016-10-22 00:00:00+00:00,46.26,46.26,14.86,14.86,68.82,68.82,37.7,68.82,38.48,68.82,37.7,6.43,60.39,14.86,63.4,68.82,38.48
2016-10-23 00:00:00+00:00,48.27,48.27,13.38,13.38,68.65,68.65,37.97,68.65,39.27,68.65,37.97,6.63,64.36,13.38,64.59,68.65,39.27
2016-10-24 00:00:00+00:00,55.13,55.13,10.94,10.94,69.16,69.16,38.79,69.16,40.68,69.16,38.79,16.96,64.55,10.94,67.32,69.16,40.68
2016-10-25 00:00:00+00:00,65.22,65.22,8.44,8.44,69.75,69.75,39.59,69.75,41.36,69.75,39.59,15.84,51.75,8.44,69.75,69.75,41.36
2016-10-26 00:00:00+00:00,69.6,69.6,9.45,9.45,69.6,69.6,40.07,69.6,41.33,69.6,40.07,13.47,38.23,9.45,69.6,69.6,41.33
2016-10-27 00:00:00+00:00,70.15,70.15,10.7,10.7,70.15,70.15,40.81,70.15,41.32,70.15,40.81,30.36,31.0,10.7,70.15,70.15,41.32
2016-10-28 00:00:00+00:00,71.3,71.3,10.92,10.92,71.3,71.3,41.91,71.3,41.45,71.3,41.91,36.36,33.1,10.92,71.3,71.3,41.45
2016-10-29 00:00:00+00:00,72.87,72.87,11.43,11.43,72.87,72.87,43.31,72.87,42.61,72.87,43.31,18.33,37.54,11.43,72.87,72.87,42.61
2016-10-30 00:00:00+00:00,74.52,74.52,11.68,11.68,74.52,74.52,44.86,74.52,43.78,74.52,44.86,22.85,53.23,11.68,74.52,74.52,43.78
2016-10-31 00:00:00+00:00,74.62,74.62,12.16,12.16,74.62,74.62,45.58,74.62,43.44,74.62,45.58,12.32,58.91,12.16,74.62,74.62,43.44
2016-11-01 00:00:00+00:00,75.8,75.8,10.1,10.1,75.8,75.8,47.11,75.8,43.79,75.8,47.11,21.65,40.61,10.1,75.8,75.8,43.79
2016-11-02 00:00:00+00:00,77.51,77.51,5.34,5.34,77.51,77.51,49.06,77.51,45.78,77.51,49.06,21.85,38.76,5.34,77.51,77.51,45.78
2016-11-03 00:00:00+00:00,79.48,79.48,8.0,8.0,79.48,79.48,51.12,79.48,48.24,79.48,51.12,2.31,37.51,8.0,79.48,79.48,48.24
2016-11-04 00:00:00+00:00,79.81,79.81,12.65,12.65,79.81,79.81,52.06,79.81,49.68,79.81,52.06,0.01,36.9,12.65,79.81,79.81,49.68
2016-11-05 00:00:00+00:00,80.31,80.31,13.21,13.21,80.31,80.31,53.12,80.31,50.2,80.31,53.12,40.46,37.55,13.21,80.31,80.31,50.2
2016-11-06 00:00:00+00:00,79.96,79.96,11.75,11.75,79.96,79.96,53.71,79.96,50.66,79.96,53.71,54.63,39.58,11.75,79.96,79.96,50.66
2016-11-07 00:00:00+00:00,80.32,80.32,12.98,12.98,80.32,80.32,54.84,80.32,49.54,80.32,54.84,51.74,46.85,12.98,80.32,80.32,49.54
2016-11-08 00:00:00+00:00,78.96,78.96,12.56,12.56,78.96,78.96,54.93,78.96,46.44,78.96,54.93,48.49,46.22,12.56,78.96,78.96,46.44
2016-11-09 00:00:00+00:00,77.58,77.58,12.26,12.26,77.58,77.58,54.86,77.58,45.04,77.58,54.86,34.77,44.33,12.26,77.58,77.58,45.04
2016-11-10 00:00:00+00:00,75.27,75.27,13.14,13.14,75.27,75.27,54.18,75.27,43.91,75.27,54.18,33.19,42.8,13.14,75.27,75.27,43.91
2016-11-11 00:00:00+00:00,73.9,73.9,15.78,15.78,73.9,73.9,54.15,73.9,44.52,73.9,54.15,33.59,42.79,15.78,73.9,73.9,44.52
2016-11-12 00:00:00+00:00,72.07,72.07,17.89,17.89,72.07,72.07,53.6,72.07,44.7,72.07,53.6,46.19,45.05,17.89,72.07,72.07,44.7
2016-11-13 00:00:00+00:00,71.27,71.27,19.14,19.14,71.27,71.27,53.59,71.27,46.01,71.27,53.59,71.27,48.65,19.14,71.27,71.27,46.01
2016-11-14 00:00:00+00:00,70.25,70.25,22.78,22.78,70.25,70.25,53.2,70.25,45.92,70.25,53.2,70.25,53.86,22.78,70.25,70.25,45.92
2016-11-15 00:00:00+00:00,70.29,70.29,24.69,24.69,70.29,70.29,53.61,70.29,45.32,70.29,53.61,56.5,61.66,24.69,70.29,70.29,45.32
2016-11-16 00:00:00+00:00,70.27,70.27,27.45,27.45,70.27,70.27,54.05,70.27,45.88,70.27,54.05,54.74,66.44,27.45,70.27,70.27,45.88
2016-11-17 00:00:00+00:00,70.35,70.35,30.46,30.46,70.35,70.35,54.75,70.35,45.89,70.35,54.75,36.03,62.53,30.46,70.35,70.35,45.89
2016-11-18 00:00:00+00:00,70.62,70.62,34.11,34.11,70.62,70.62,55.6,70.62,47.44,70.62,55.6,29.9,54.93,34.11,70.62,70.62,47.44
2016-11-19 00:00:00+00:00,71.12,71.12,35.21,35.21,71.12,71.12,56.77,71.12,50.96,71.12,56.77,33.16,57.95,35.21,71.12,71.12,50.96
2016-11-20 00:00:00+00:00,70.52,70.52,36.24,36.24,67.65,70.52,56.9,67.65,49.62,67.65,56.9,47.02,70.52,36.24,70.52,67.65,49.62
2016-11-21 00:00:00+00:00,70.4,70.4,36.74,36.74,64.5,70.4,57.28,64.5,52.14,64.5,57.28,40.56,70.4,36.74,70.4,64.5,52.14
2016-11-22 00:00:00+00:00,70.3,70.3,37.49,37.49,61.95,70.3,57.5,61.95,51.38,61.95,57.5,35.85,53.76,37.49,70.3,61.95,51.38
2016-11-23 00:00:00+00:00,69.77,69.77,37.97,37.97,60.36,69.77,57.47,60.36,50.61,60.36,57.47,31.51,48.84,37.97,69.77,60.36,50.61
2016-11-24 00:00:00+00:00,68.72,68.72,37.49,37.49,58.74,68.85,57.04,58.74,52.87,58.74,57.04,36.01,39.34,37.49,68.85,58.74,52.87
2016-11-25 00:00:00+00:00,67.06,67.06,38.32,38.32,56.35,67.83,56.56,56.35,53.04,56.35,56.56,55.97,32.62,38.32,67.83,56.35,53.04
2016-11-26 00:00:00+00:00,66.14,66.14,39.1,39.1,54.11,67.54,56.53,54.11,50.96,54.11,56.53,67.54,31.6,39.1,67.54,54.11,50.96
2016-11-27 00:00:00+00:00,66.22,66.22,40.69,40.69,53.72,68.19,57.22,53.72,51.73,53.72,57.22,32.42,32.86,40.69,68.19,53.72,51.73
2016-11-28 00:00:00+00:00,65.91,65.91,41.18,41.18,53.76,68.49,57.62,53.76,52.24,53.76,57.62,18.33,31.22,41.18,68.49,53.76,52.24
2016-11-29 00:00:00+00:00,64.55,64.55,40.52,40.52,53.02,67.71,57.18,53.02,49.13,53.02,57.18,12.44,27.51,40.52,67.71,53.02,49.13
2016-11-30 00:00:00+00:00,63.79,63.79,40.16,40.16,52.6,67.46,57.16,52.6,45.49,52.6,57.16,22.08,25.95,40.16,67.46,52.6,45.49
2016-12-01 00:00:00+00:00,62.86,62.86,39.49,39.49,51.71,66.99,57.0,51.71,44.66,51.71,57.0,25.06,27.37,39.49,66.99,51.71,44.66
2016-12-02 00:00:00+00:00,61.69,61.69,38.78,38.78,50.65,66.27,56.58,50.65,48.43,50.65,56.58,26.92,29.22,38.78,66.27,50.65,48.43
2016-12-03 00:00:00+00:00,59.93,59.93,37.72,37.72,49.42,64.8,55.49,49.42,45.36,49.42,55.49,29.34,29.27,37.72,64.8,49.42,45.36
2016-12-04 00:00:00+00:00,58.19,58.19,36.93,36.93,48.17,63.26,54.42,48.17,41.08,48.17,54.42,23.0,29.93,36.93,63.26,48.17,41.08
2016-12-05 00:00:00+00:00,56.71,56.71,36.34,36.34,47.13,61.97,53.55,47.13,38.02,47.13,53.55,21.13,32.09,36.34,61.97,47.13,38.02
2016-12-06 00:00:00+00:00,55.88,55.88,35.91,35.91,46.79,61.33,53.19,46.79,36.55,46.79,53.19,21.03,32.47,35.91,61.33,46.79,36.55
2016-12-07 00:00:00+00:00,54.88,54.88,35.1,35.1,46.62,60.9,52.91,46.62,34.33,46.62,52.91,27.58,26.8,35.1,60.9,46.62,34.33
2016-12-08 00:00:00+00:00,54.23,54.23,34.39,34.39,46.81,61.2,53.09,46.81,32.14,46.81,53.09,23.62,24.86,34.39,61.2,46.81,32.14
2016-12-09 00:00:00+00:00,54.1,54.1,33.9,33.9,47.3,61.85,53.56,47.3,30.78,47.3,53.56,10.77,22.86,33.9,61.85,47.3,30.78
2016-12-10 00:00:00+00:00,54.22,54.22,34.02,34.02,47.5,62.53,54.16,47.5,30.81,47.5,54.16,30.83,14.95,34.02,62.53,47.5,30.81
2016-12-11 00:00:00+00:00,54.37,54.37,34.01,34.01,47.15,63.12,54.8,47.15,31.02,47.15,54.8,63.12,12.09,34.01,63.12,47.15,31.02
2016-12-12 00:00:00+00:00,54.38,54.38,33.96,33.96,46.95,63.54,55.38,46.95,31.0,46.95,55.38,63.54,11.67,33.96,63.54,46.95,31.0
2016-12-13 00:00:00+00:00,54.16,54.16,33.74,33.74,46.76,63.61,55.63,46.76,31.11,46.76,55.63,24.95,13.31,33.74,63.61,46.76,31.11
2016-12-14 00:00:00+00:00,53.66,53.66,33.17,33.17,46.24,63.35,55.63,46.24,31.13,46.24,55.63,7.04,13.57,33.17,63.35,46.24,31.13
2016-12-15 00:00:00+00:00,52.81,52.81,32.27,32.27,45.36,62.56,55.11,45.36,30.83,45.36,55.11,4.7,16.04,32.27,62.56,45.36,30.83
2016-12-16 00:00:00+00:00,51.91,51.91,32.83,32.83,44.53,61.71,54.49,44.53,30.33,44.53,54.49,0.01,13.88,32.83,61.71,44.53,30.33
2016-12-17 00:00:00+00:00,50.88,50.88,32.77,32.77,43.5,60.71,53.77,43.5,30.14,43.5,53.77,5.52,23.61,32.77,60.71,43.5,30.14
2016-12-18 00:00:00+00:00,50.04,50.04,32.14,32.14,42.66,59.72,53.1,42.66,30.33,42.66,53.1,11.06,30.69,32.14,59.72,42.66,30.33
2016-12-19 00:00:00+00:00,49.55,49.55,32.1,32.1,41.76,58.92,52.55,41.76,30.46,41.76,52.55,14.72,31.99,32.1,58.92,41.76,30.46
2016-12-20 00:00:00+00:00,48.84,48.84,32.09,32.09,40.78,57.95,51.56,40.78,30.11,40.78,51.56,27.57,33.36,32.09,57.95,40.78,30.11
2016-12-21 00:00:00+00:00,48.22,48.22,32.21,32.21,40.12,57.2,50.8,40.12,29.58,40.12,50.8,29.24,35.86,32.21,57.2,40.12,29.58
2016-12-22 00:00:00+00:00,48.32,48.32,32.34,32.34,40.25,57.36,50.82,40.25,29.62,40.25,50.82,27.83,42.53,32.34,57.36,40.25,29.62
2016-12-23 00:00:00+00:00,48.49,48.49,32.48,32.48,40.42,57.59,50.94,40.42,29.7,40.42,50.94,46.3,41.14,32.48,57.59,40.42,29.7
2016-12-24 00:00:00+00:00,48.66,48.66,33.5,33.5,40.16,57.86,51.11,40.16,29.71,40.16,51.11,57.86,43.39,33.5,57.86,40.16,29.71
2016-12-25 00:00:00+00:00,48.5,48.5,34.19,34.19,39.5,57.88,51.05,39.5,29.53,39.5,51.05,57.88,44.65,34.19,57.88,39.5,29.53
2016-12-26 00:00:00+00:00,48.59,48.59,34.23,34.23,38.94,58.12,51.25,38.94,29.3,38.94,51.25,58.12,44.83,34.23,58.12,38.94,29.3
2016-12-27 00:00:00+00:00,49.3,49.3,34.59,34.59,38.85,58.93,52.1,38.85,29.79,38.85,52.1,58.93,58.93,34.59,58.93,38.85,29.79
2016-12-28 00:00:00+00:00,49.89,49.89,35.11,35.11,39.03,59.45,52.65,39.03,30.2,39.03,52.65,29.11,59.45,35.11,59.45,39.03,30.2
2016-12-29 00:00:00+00:00,50.3,50.3,35.14,35.14,39.2,59.39,52.65,39.2,30.08,39.2,52.65,28.74,47.11,35.14,59.39,39.2,30.08
2016-12-30 00:00:00+00:00,50.66,50.66,34.34,34.34,39.94,60.19,53.33,39.94,30.09,39.94,53.33,26.66,38.17,34.34,60.19,39.94,30.09
2016-12-31 00:00:00+00:00,50.06,50.06,32.58,32.58,40.67,60.66,53.53,40.67,29.74,40.67,53.53,11.29,36.68,32.58,60.66,40.67,29.74
2017-01-01 00:00:00+00:00,49.96,49.96,31.78,31.78,39.03,61.22,54.01,39.03,30.61,39.03,54.01,16.14,44.38,31.78,61.22,39.03,30.61
2017-01-02 00:00:00+00:00,50.46,50.46,31.53,31.53,37.3,61.69,54.67,37.3,29.32,37.3,54.67,32.06,35.98,31.53,61.69,37.3,29.32
2017-01-03 00:00:00+00:00,50.24,50.24,31.26,31.26,37.15,61.53,54.58,37.15,29.09,37.15,54.58,51.44,36.2,31.26,61.53,37.15,29.09
2017-01-04 00:00:00+00:00,50.23,50.23,31.2,31.2,36.84,61.44,54.72,36.84,28.9,36.84,54.72,33.94,33.08,31.2,61.44,36.84,28.9
2017-01-05 00:00:00+00:00,49.97,49.97,30.94,30.94,36.86,60.9,54.37,36.86,28.58,36.86,54.37,22.56,28.76,30.94,60.18,36.86,28.58
2017-01-06 00:00:00+00:00,49.42,49.42,30.07,30.07,36.54,59.81,53.31,36.54,28.08,36.54,53.31,8.76,28.94,30.07,57.88,36.54,28.08
2017-01-07 00:00:00+00:00,49.52,49.52,29.58,29.58,37.25,59.95,53.41,37.25,28.23,37.25,53.41,0.01,31.28,29.58,56.82,37.25,28.23
2017-01-08 00:00:00+00:00,49.28,49.28,29.0,29.0,37.62,59.98,53.49,37.62,28.95,37.62,53.49,0.01,31.1,29.0,55.55,37.62,28.95
2017-01-09 00:00:00+00:00,49.1,49.1,28.49,28.49,38.1,60.05,53.51,38.1,29.28,38.1,53.51,17.08,26.17,28.49,54.43,38.1,29.28
2017-01-10 00:00:00+00:00,49.88,49.88,27.47,27.47,39.62,61.57,54.65,39.62,30.17,39.62,54.65,31.37,28.86,27.47,54.46,39.62,30.17
2017-01-11 00:00:00+00:00,49.81,49.81,26.37,26.37,40.28,62.11,54.92,40.28,30.58,40.28,54.92,54.8,28.84,26.37,53.57,40.28,30.58
2017-01-12 00:00:00+00:00,49.78,49.78,27.65,27.65,40.76,62.56,55.42,40.76,30.8,40.76,55.42,35.6,34.12,27.65,52.6,40.76,30.8
2017-01-13 00:00:00+00:00,49.63,49.63,28.62,28.62,41.46,62.6,55.66,41.46,30.9,41.46,55.66,33.7,39.13,28.62,51.45,41.46,30.9
2017-01-14 00:00:00+00:00,48.95,48.95,28.0,28.0,41.57,61.82,54.95,41.57,30.96,41.57,54.95,61.82,31.52,28.0,49.66,41.57,30.96
2017-01-15 00:00:00+00:00,48.49,48.49,28.13,28.13,41.71,61.39,54.7,41.71,31.0,41.71,54.7,57.79,28.99,28.13,48.08,41.71,31.0
2017-01-16 00:00:00+00:00,47.94,47.94,28.89,28.89,41.72,60.84,54.48,41.72,30.63,41.72,54.48,39.11,32.08,28.89,46.29,41.72,30.63
2017-01-17 00:00:00+00:00,46.22,46.22,27.94,27.94,40.94,59.04,52.91,40.94,29.92,40.94,52.91,30.78,25.98,27.94,43.87,40.94,29.92
2017-01-18 00:00:00+00:00,45.83,45.83,27.5,27.5,41.04,58.8,52.81,41.04,29.9,41.04,52.81,26.41,25.2,27.5,42.37,41.04,29.9
2017-01-19 00:00:00+00:00,45.78,45.78,26.49,26.49,41.46,58.81,52.98,41.46,29.74,41.46,52.98,27.5,30.58,26.49,40.75,41.46,29.74
2017-01-20 00:00:00+00:00,45.66,45.66,25.48,25.48,41.74,59.06,53.22,41.74,29.82,41.74,53.22,19.69,32.94,25.48,39.57,41.74,29.82
2017-01-21 00:00:00+00:00,45.93,45.93,24.77,24.77,42.28,59.55,53.7,42.28,30.18,42.28,53.7,36.86,32.7,24.77,38.71,42.28,30.18
2017-01-22 00:00:00+00:00,46.11,46.11,24.15,24.15,42.54,59.74,53.89,42.54,30.19,42.54,53.89,53.55,32.92,24.15,37.78,42.54,30.19
2017-01-23 00:00:00+00:00,46.28,46.28,23.89,23.89,42.8,59.63,53.86,42.8,30.16,42.8,53.86,34.07,33.35,23.89,36.75,42.8,30.16
2017-01-24 00:00:00+00:00,46.62,46.62,23.47,23.47,43.8,59.9,54.11,43.8,30.37,43.8,54.11,18.68,32.94,23.47,35.96,43.8,30.37
2017-01-25 00:00:00+00:00,47.2,47.2,21.98,21.98,44.72,59.89,54.13,44.72,30.34,44.72,54.13,23.96,31.82,21.98,34.98,44.72,30.34
2017-01-26 00:00:00+00:00,48.66,48.66,21.11,21.11,45.88,60.14,54.57,45.88,30.42,45.88,54.57,31.92,32.01,21.11,34.06,45.88,30.42
2017-01-27 00:00:00+00:00,50.12,50.12,20.51,20.51,46.77,60.54,55.05,46.77,30.66,46.77,55.05,60.54,31.43,20.51,33.4,46.77,30.66
2017-01-28 00:00:00+00:00,51.5,51.5,21.2,21.2,47.18,61.03,55.65,47.18,31.05,47.18,55.65,61.03,31.19,21.2,33.19,47.18,31.05
2017-01-29 00:00:00+00:00,53.15,53.15,23.04,23.04,47.23,61.75,56.67,47.23,31.45,47.23,56.67,41.81,30.88,23.04,33.16,47.23,31.45
2017-01-30 00:00:00+00:00,55.2,55.2,24.06,24.06,47.86,62.62,57.73,47.86,31.85,47.86,57.73,37.11,34.55,24.06,33.26,47.86,31.85
2017-01-31 00:00:00+00:00,57.19,57.19,25.36,25.36,48.67,63.26,58.49,48.67,32.33,48.67,58.49,18.2,31.63,25.36,33.14,48.67,32.33
2017-02-01 00:00:00+00:00,59.24,59.24,26.39,26.39,49.79,63.75,59.08,49.79,32.69,49.79,59.08,6.64,39.84,26.39,32.85,49.79,32.69
2017-02-02 00:00:00+00:00,61.81,61.81,27.26,27.26,51.34,64.52,59.73,51.34,33.05,51.34,59.73,5.6,47.32,27.26,32.6,51.34,33.05
2017-02-03 00:00:00+00:00,64.76,64.76,28.13,28.13,52.59,65.7,60.96,52.59,33.74,52.59,60.96,14.86,56.32,28.13,32.47,52.59,33.74
2017-02-04 00:00:00+00:00,66.1,66.1,28.74,28.74,52.41,66.1,61.84,52.41,34.03,52.41,61.84,35.48,66.1,28.74,31.93,52.41,34.03
2017-02-05 00:00:00+00:00,66.17,66.17,30.83,30.83,51.09,66.17,62.38,51.09,34.08,51.09,62.38,47.88,62.5,30.83,31.28,51.09,34.08
2017-02-06 00:00:00+00:00,66.16,66.16,32.76,32.76,49.68,66.16,62.5,49.68,34.08,49.68,62.5,66.16,66.16,32.76,30.51,49.68,34.08
2017-02-07 00:00:00+00:00,66.36,66.36,33.66,33.66,48.56,66.36,62.86,48.56,33.95,48.56,62.86,66.36,54.51,33.66,29.72,48.56,33.95
2017-02-08 00:00:00+00:00,66.43,66.43,34.67,34.67,48.01,66.43,63.18,48.01,33.83,48.01,63.18,61.54,45.55,34.67,28.64,48.01,33.83
2017-02-09 00:00:00+00:00,66.37,66.37,35.3,35.3,48.28,66.37,63.29,48.28,34.05,48.28,63.29,23.48,47.01,35.3,26.65,48.28,34.05
2017-02-10 00:00:00+00:00,65.22,65.22,35.06,35.06,47.61,65.22,62.27,47.61,33.86,47.61,62.27,15.65,45.06,35.06,24.93,47.61,33.86
2017-02-11 00:00:00+00:00,64.58,64.58,35.19,35.19,46.34,64.58,61.78,46.34,33.65,46.34,61.78,55.71,45.59,35.19,24.04,46.34,33.65
2017-02-12 00:00:00+00:00,64.05,64.05,35.68,35.68,44.56,64.05,61.54,44.56,33.5,44.56,61.54,64.05,50.33,35.68,23.15,44.56,33.5
2017-02-13 00:00:00+00:00,63.66,63.66,35.93,35.93,43.52,63.66,61.49,43.52,33.08,43.52,61.49,63.66,61.54,35.93,22.17,43.52,33.08
2017-02-14 00:00:00+00:00,62.83,62.83,35.91,35.91,42.53,62.83,61.04,42.53,32.42,42.53,61.04,50.14,62.83,35.91,21.49,42.53,32.42
2017-02-15 00:00:00+00:00,62.13,62.13,35.93,35.93,42.1,62.13,60.73,42.1,32.19,42.1,60.73,30.56,52.81,35.93,21.18,42.1,32.19
2017-02-16 00:00:00+00:00,61.14,61.14,35.74,35.74,41.33,61.14,60.11,41.33,32.02,41.33,60.11,23.83,51.41,35.74,20.07,41.33,32.02
2017-02-17 00:00:00+00:00,60.65,60.65,35.78,35.78,40.45,60.95,60.32,40.45,32.3,40.45,60.32,33.95,49.87,35.78,19.43,40.45,32.3
2017-02-18 00:00:00+00:00,59.78,59.78,35.59,35.59,39.71,60.94,60.71,39.71,32.54,39.71,60.71,60.94,49.33,35.59,19.46,39.71,32.54
2017-02-19 00:00:00+00:00,59.19,59.19,35.59,35.59,39.02,61.01,61.01,39.02,32.53,39.02,61.01,58.66,44.64,35.59,19.17,39.02,32.53
2017-02-20 00:00:00+00:00,58.92,58.92,35.73,35.73,38.12,60.93,60.93,38.12,32.44,38.12,60.93,38.35,41.13,35.73,18.46,38.12,32.44
2017-02-21 00:00:00+00:00,58.71,58.71,35.05,35.05,37.28,61.03,61.03,37.28,32.55,37.28,61.03,61.03,39.59,35.05,17.97,37.28,32.55
2017-02-22 00:00:00+00:00,58.28,58.28,34.11,34.11,36.8,61.09,61.09,36.8,32.53,36.8,61.09,61.09,41.23,34.11,17.53,36.8,32.53
2017-02-23 00:00:00+00:00,58.42,58.42,34.11,34.11,37.16,61.56,61.56,37.16,32.62,37.16,61.56,52.5,44.99,34.11,17.24,37.16,32.62
2017-02-24 00:00:00+00:00,58.05,58.05,33.39,33.39,37.32,59.74,61.62,37.32,33.08,37.32,61.62,34.08,44.01,33.39,16.71,37.32,33.08
2017-02-25 00:00:00+00:00,57.62,57.62,32.06,32.06,37.48,58.67,61.7,37.48,33.63,37.48,61.7,37.04,33.79,32.06,16.5,37.48,33.63
2017-02-26 00:00:00+00:00,57.01,57.01,31.4,31.4,37.38,57.55,61.72,37.38,33.82,37.38,61.72,40.95,34.71,31.4,16.25,37.38,33.82
2017-02-27 00:00:00+00:00,56.51,56.51,30.92,30.92,37.58,57.0,61.92,37.58,33.71,37.58,61.92,39.59,40.57,30.92,16.14,37.58,33.71
2017-02-28 00:00:00+00:00,56.03,56.03,30.29,30.29,37.91,57.67,62.51,37.91,33.75,37.91,62.51,46.88,43.76,30.29,15.64,37.91,33.75
2017-03-01 00:00:00+00:00,57.25,57.25,31.57,31.57,39.9,61.03,65.55,39.9,35.45,39.9,65.55,40.24,39.79,31.57,14.05,39.9,35.45
2017-03-02 00:00:00+00:00,57.17,57.17,32.32,32.32,40.54,61.54,66.15,40.54,35.84,40.54,66.15,20.35,46.3,32.32,13.33,40.54,35.84
2017-03-03 00:00:00+00:00,56.62,56.62,33.06,33.06,41.07,58.68,66.5,41.07,36.11,41.07,66.5,13.2,48.76,33.06,13.01,41.07,36.11
2017-03-04 00:00:00+00:00,55.71,55.71,33.54,33.54,41.04,56.81,66.54,41.04,36.16,41.04,66.54,53.63,42.93,33.54,12.77,41.04,36.16
2017-03-05 00:00:00+00:00,55.3,55.3,33.98,33.98,41.07,55.27,66.66,41.07,36.25,41.07,66.66,62.41,34.41,33.98,11.73,41.07,36.25
2017-03-06 00:00:00+00:00,54.56,54.56,34.27,34.27,41.1,54.63,66.26,41.1,36.05,41.1,66.26,29.82,34.71,34.27,9.68,41.1,36.05
2017-03-07 00:00:00+00:00,53.79,53.79,34.49,34.49,41.21,55.54,65.87,41.21,36.11,41.21,65.87,6.66,24.7,34.49,7.69,41.21,36.11
2017-03-08 00:00:00+00:00,50.78,50.78,32.6,32.6,39.84,53.49,62.75,39.84,34.53,39.84,62.75,5.01,32.04,32.6,6.16,39.84,34.53
2017-03-09 00:00:00+00:00,49.52,49.52,31.77,31.77,39.71,51.91,61.82,39.71,33.89,39.71,61.82,2.56,37.35,31.77,5.93,39.71,33.89
2017-03-10 00:00:00+00:00,48.63,48.63,31.41,31.41,39.68,49.99,61.38,39.68,33.74,39.68,61.38,0.01,37.77,31.41,5.73,39.68,33.74
2017-03-11 00:00:00+00:00,47.55,47.55,30.85,30.85,39.48,46.95,60.75,39.48,33.53,39.48,60.75,33.85,31.76,30.85,5.34,39.48,33.53
2017-03-12 00:00:00+00:00,46.57,46.57,30.39,30.39,39.76,43.68,60.27,39.76,33.45,39.76,60.27,38.4,33.3,30.39,4.69,39.76,33.45
2017-03-13 00:00:00+00:00,45.89,45.89,30.24,30.24,40.88,40.54,59.8,40.88,33.57,40.88,59.8,23.59,35.21,30.24,4.06,40.88,33.57
2017-03-14 00:00:00+00:00,44.98,44.98,29.53,29.53,42.55,38.04,58.95,42.55,33.44,42.55,58.95,32.79,32.87,29.53,4.23,42.55,33.44
2017-03-15 00:00:00+00:00,44.25,44.25,28.94,28.94,43.05,36.46,58.26,43.05,33.49,43.05,58.26,50.37,36.1,28.94,4.34,43.05,33.49
2017-03-16 00:00:00+00:00,45.66,45.66,28.44,28.44,43.87,35.25,57.9,43.87,33.62,43.87,57.9,41.65,37.13,28.44,4.79,43.87,33.62
2017-03-17 00:00:00+00:00,49.85,49.85,26.81,26.81,44.82,33.16,57.47,44.82,33.53,44.82,57.47,48.07,38.26,26.81,5.38,44.82,33.53
2017-03-18 00:00:00+00:00,54.88,54.88,25.06,25.06,44.73,31.65,57.24,44.73,33.96,44.73,57.24,60.99,43.56,25.06,5.89,44.73,33.96
2017-03-19 00:00:00+00:00,57.9,57.9,24.57,24.57,43.73,30.52,56.68,43.73,34.14,43.73,56.68,54.62,45.52,24.57,5.55,43.73,34.14
2017-03-20 00:00:00+00:00,59.12,59.12,24.35,24.35,42.85,29.49,56.27,42.85,33.84,42.85,56.27,41.04,47.46,24.35,4.22,42.85,33.84
2017-03-21 00:00:00+00:00,59.35,59.35,23.27,23.27,42.93,29.09,55.66,42.93,33.47,42.93,55.66,43.58,45.32,23.27,2.72,42.93,33.47
2017-03-22 00:00:00+00:00,59.93,59.93,23.35,23.35,44.66,29.29,55.6,44.66,33.73,44.66,55.6,24.88,58.32,23.35,1.41,44.66,33.73
2017-03-23 00:00:00+00:00,59.81,59.81,24.03,24.03,47.31,30.91,55.13,47.31,33.9,47.31,55.13,19.17,58.2,24.03,0.01,47.31,33.9
2017-03-24 00:00:00+00:00,59.13,59.13,23.9,23.9,49.96,31.69,54.3,49.96,33.74,49.96,54.3,24.19,52.56,23.9,0.01,49.96,33.74
2017-03-25 00:00:00+00:00,58.55,58.55,23.37,23.37,51.05,32.28,53.26,51.05,33.46,51.05,53.26,29.03,45.74,23.37,0.01,51.05,33.46
2017-03-26 00:00:00+00:00,58.23,58.23,22.73,22.73,51.28,31.68,52.52,51.28,33.34,51.28,52.52,24.77,45.5,22.73,0.01,51.28,33.34
2017-03-27 00:00:00+00:00,57.99,57.99,22.19,22.19,50.72,27.23,52.14,50.72,33.26,50.72,52.14,20.12,44.81,22.19,0.01,50.72,33.26
2017-03-28 00:00:00+00:00,57.22,57.22,22.16,22.16,50.59,20.73,51.53,50.59,33.34,50.59,51.53,29.12,28.92,22.16,0.01,50.59,33.34
2017-03-29 00:00:00+00:00,56.21,56.21,22.21,22.21,50.75,19.17,50.63,50.75,33.18,50.75,50.63,25.0,25.48,22.21,0.01,50.75,33.18
2017-03-30 00:00:00+00:00,54.69,54.69,22.05,22.05,50.02,19.54,49.55,50.02,33.07,50.02,49.55,21.61,28.35,22.05,0.01,50.02,33.07
2017-03-31 00:00:00+00:00,52.56,52.56,21.91,21.91,48.43,17.1,48.5,48.43,32.76,48.43,48.5,20.5,26.71,21.91,0.01,48.43,32.76
2017-04-01 00:00:00+00:00,49.27,49.27,21.72,21.72,46.1,13.71,47.39,46.1,32.29,46.1,47.39,30.01,25.43,21.72,0.01,46.1,32.29
2017-04-02 00:00:00+00:00,45.2,45.2,21.58,21.58,43.91,11.47,46.93,43.91,31.82,43.91,46.93,20.33,25.84,21.58,0.01,43.91,31.82
2017-04-03 00:00:00+00:00,41.89,41.89,21.31,21.31,41.64,10.4,46.22,41.64,30.93,41.64,46.22,2.35,19.15,21.31,0.01,41.64,30.93
2017-04-04 00:00:00+00:00,40.48,40.48,21.11,21.11,38.93,10.45,45.0,38.93,30.09,38.93,45.0,28.19,14.66,21.11,0.01,38.93,30.09
2017-04-05 00:00:00+00:00,40.44,40.44,21.15,21.15,36.45,11.73,44.04,36.45,29.64,36.45,44.04,30.08,15.91,21.15,0.01,36.45,29.64
2017-04-06 00:00:00+00:00,39.95,39.95,21.32,21.32,34.39,12.71,43.38,34.39,29.24,34.39,43.38,19.67,16.65,21.32,0.01,34.39,29.24
2017-04-07 00:00:00+00:00,39.09,39.09,21.33,21.33,31.24,12.92,42.68,31.24,28.65,31.24,42.68,26.93,21.96,21.33,0.01,31.24,28.65
2017-04-08 00:00:00+00:00,38.25,38.25,21.06,21.06,28.96,12.83,42.17,28.96,28.52,28.96,42.17,54.95,18.76,21.06,0.01,28.96,28.52
2017-04-09 00:00:00+00:00,36.14,36.14,20.04,20.04,27.26,12.27,41.09,27.26,28.12,27.26,41.09,54.87,12.05,20.04,0.01,27.26,28.12
2017-04-10 00:00:00+00:00,34.11,34.11,19.48,19.48,26.35,10.7,40.43,26.35,27.83,26.35,40.43,55.45,12.98,19.48,0.01,26.35,27.83
2017-04-11 00:00:00+00:00,33.05,33.05,19.82,19.82,25.37,10.8,40.19,25.37,27.42,25.37,40.19,56.02,19.48,19.82,0.01,25.37,27.42
2017-04-12 00:00:00+00:00,33.77,33.77,20.47,20.47,25.6,13.22,40.79,25.6,27.08,25.6,40.79,46.12,21.19,20.47,0.01,25.6,27.08
2017-04-13 00:00:00+00:00,35.1,35.1,20.56,20.56,26.18,16.92,41.63,26.18,27.34,26.18,41.63,28.74,25.19,20.56,0.01,26.18,27.34
2017-04-14 00:00:00+00:00,37.4,37.4,20.21,20.21,26.2,22.57,41.76,26.2,26.98,26.2,41.76,26.2,21.74,20.21,0.01,26.2,26.98
2017-04-15 00:00:00+00:00,38.07,38.07,19.97,19.97,26.28,28.09,41.35,26.28,26.44,26.28,41.35,31.88,19.63,19.97,0.01,26.28,26.44
2017-04-16 00:00:00+00:00,37.58,37.58,20.01,20.01,26.57,31.36,40.8,26.57,26.66,26.57,40.8,41.8,19.11,20.01,0.01,26.57,26.66
2017-04-17 00:00:00+00:00,37.33,37.33,20.26,20.26,26.4,38.34,40.68,26.4,26.76,26.4,40.68,60.25,15.45,20.26,0.01,26.4,26.76
2017-04-18 00:00:00+00:00,38.35,38.35,20.68,20.68,26.14,60.91,41.24,26.14,27.59,26.14,41.24,53.39,17.26,20.68,0.01,26.14,27.59
2017-04-19 00:00:00+00:00,39.27,39.27,20.72,20.72,26.32,60.89,41.71,26.32,28.13,26.32,41.71,9.77,23.74,20.72,0.01,26.32,28.13
2017-04-20 00:00:00+00:00,39.47,39.47,20.12,20.12,27.1,60.66,41.7,27.1,28.24,27.1,41.7,0.01,25.41,20.12,0.01,27.1,28.24
2017-04-21 00:00:00+00:00,40.33,40.33,20.25,20.25,28.06,59.97,42.46,28.06,29.69,28.06,42.46,9.61,28.14,20.25,0.01,28.06,29.69
2017-04-22 00:00:00+00:00,41.15,41.15,20.87,20.87,28.29,53.31,43.52,28.29,30.91,28.29,43.52,37.43,29.38,20.87,0.01,28.29,30.91
2017-04-23 00:00:00+00:00,41.62,41.62,20.96,20.96,29.1,56.72,43.97,29.1,31.78,29.1,43.97,41.22,31.16,20.96,0.01,29.1,31.78
2017-04-24 00:00:00+00:00,41.61,41.61,20.87,20.87,30.65,64.05,43.8,30.65,32.55,30.65,43.8,0.01,30.58,20.87,0.01,30.65,32.55
2017-04-25 00:00:00+00:00,41.82,41.82,20.97,20.97,32.14,63.86,43.56,32.14,33.85,32.14,43.56,0.01,31.93,20.97,0.01,32.14,33.85
2017-04-26 00:00:00+00:00,42.03,42.03,21.11,21.11,34.68,63.31,43.19,34.68,35.35,34.68,43.19,17.72,30.56,21.11,0.01,34.68,35.35
2017-04-27 00:00:00+00:00,42.53,42.53,21.23,21.23,36.05,62.43,42.68,36.05,36.38,36.05,42.68,9.84,30.57,21.23,0.01,36.05,36.38
2017-04-28 00:00:00+00:00,42.14,42.14,21.24,21.24,38.58,61.23,41.78,38.58,35.39,38.58,41.78,0.78,31.3,21.24,0.01,38.58,35.39
2017-04-29 00:00:00+00:00,43.37,43.37,21.21,21.21,41.29,60.3,40.99,41.29,35.07,41.29,40.99,10.3,28.91,21.21,0.01,41.29,35.07
2017-04-30 00:00:00+00:00,45.99,45.99,21.38,21.38,42.52,60.1,40.69,42.52,35.79,42.52,40.69,43.49,27.9,21.38,0.01,42.52,35.79
2017-05-01 00:00:00+00:00,46.5,46.5,21.62,21.62,43.38,54.91,40.53,43.38,35.75,43.38,40.53,52.63,30.02,21.62,0.01,43.38,35.75
2017-05-02 00:00:00+00:00,46.72,46.72,22.24,22.24,45.5,52.97,40.7,45.5,37.15,45.5,40.7,28.57,31.36,22.24,0.01,45.5,37.15
2017-05-03 00:00:00+00:00,46.39,46.39,22.82,22.82,50.22,51.74,40.84,50.22,39.14,50.22,40.84,25.37,33.9,22.82,0.01,50.22,39.14
2017-05-04 00:00:00+00:00,45.37,45.37,23.61,23.61,53.58,45.66,41.3,53.58,40.85,53.58,41.3,18.52,34.74,23.61,0.01,53.58,40.85
2017-05-05 00:00:00+00:00,49.48,49.48,24.35,24.35,53.06,34.6,41.43,53.06,41.29,53.06,41.43,20.03,30.45,24.35,0.01,53.06,41.29
2017-05-06 00:00:00+00:00,48.25,48.25,24.29,24.29,50.83,31.43,40.84,50.83,39.62,50.83,40.84,45.78,29.38,24.29,0.01,50.83,39.62
2017-05-07 00:00:00+00:00,43.64,43.64,24.13,24.13,48.61,31.01,40.37,48.61,37.99,48.61,40.37,62.94,29.76,24.13,0.01,48.61,37.99
2017-05-08 00:00:00+00:00,40.91,40.91,24.3,24.3,48.55,30.48,40.59,48.55,37.02,48.55,40.59,54.16,32.69,24.3,0.01,48.55,37.02
2017-05-09 00:00:00+00:00,44.51,44.51,24.93,24.93,49.7,30.61,41.57,49.7,36.25,49.7,41.57,58.5,32.34,24.93,0.01,49.7,36.25
2017-05-10 00:00:00+00:00,55.17,55.17,25.14,25.14,51.78,30.38,41.86,51.78,35.64,51.78,41.86,37.1,33.01,25.14,0.01,51.78,35.64
2017-05-11 00:00:00+00:00,59.96,59.96,24.52,24.52,56.29,29.69,41.03,56.29,35.51,56.29,41.03,27.05,29.21,24.52,0.01,56.29,35.51
2017-05-12 00:00:00+00:00,58.5,58.5,23.65,23.65,58.5,29.65,40.38,58.5,36.39,58.5,40.38,28.97,28.71,23.65,0.01,58.5,36.39
2017-05-13 00:00:00+00:00,57.48,57.48,22.64,22.64,57.48,31.35,39.91,57.48,36.83,57.48,39.91,32.48,30.65,22.64,0.01,57.48,36.83
2017-05-14 00:00:00+00:00,55.59,55.59,21.72,21.72,55.59,33.62,38.68,55.59,35.64,55.59,38.68,20.14,30.63,21.72,0.01,55.59,35.64
2017-05-15 00:00:00+00:00,52.79,52.79,20.56,20.56,51.69,35.06,36.55,51.69,33.53,51.69,36.55,13.65,26.4,20.56,0.01,51.69,33.53
2017-05-16 00:00:00+00:00,51.21,51.21,19.44,19.44,45.62,29.86,34.85,45.62,31.37,45.62,34.85,45.76,23.44,19.44,0.01,45.62,31.37
2017-05-17 00:00:00+00:00,40.59,40.59,18.25,18.25,38.85,24.11,32.34,38.85,28.18,38.85,32.34,31.23,19.76,18.25,0.01,38.85,28.18
2017-05-18 00:00:00+00:00,31.91,31.91,17.39,17.39,32.88,20.59,29.99,32.88,26.29,32.88,29.99,0.01,13.52,17.39,0.01,32.88,26.29
2017-05-19 00:00:00+00:00,29.65,29.65,16.72,16.72,29.04,18.72,28.21,29.04,25.03,29.04,28.21,25.04,0.01,16.72,0.01,29.04,25.03
2017-05-20 00:00:00+00:00,30.18,30.18,16.4,16.4,27.18,17.56,26.97,27.18,23.94,27.18,26.97,26.4,0.01,16.4,0.01,27.18,23.94
2017-05-21 00:00:00+00:00,31.98,31.98,16.38,16.38,27.06,17.32,26.69,27.06,22.62,27.06,26.69,28.19,0.01,16.38,0.01,27.06,22.62
2017-05-22 00:00:00+00:00,35.18,35.18,16.62,16.62,28.51,17.74,27.29,28.51,22.02,28.51,27.29,38.99,0.01,16.62,0.01,28.51,22.02
2017-05-23 00:00:00+00:00,38.41,38.41,16.73,16.73,29.69,18.41,27.47,29.69,21.74,29.69,27.47,33.06,12.4,16.73,0.01,29.69,21.74
2017-05-24 00:00:00+00:00,40.83,40.83,17.22,17.22,30.66,19.63,27.55,30.66,22.0,30.66,27.55,18.64,24.29,17.22,0.01,30.66,22.0
2017-05-25 00:00:00+00:00,41.28,41.28,17.48,17.48,30.89,19.65,27.05,30.89,21.73,30.89,27.05,25.19,34.82,17.48,0.01,30.89,21.73
2017-05-26 00:00:00+00:00,40.48,40.48,17.77,17.77,31.17,19.01,26.65,31.17,20.95,31.17,26.65,43.46,45.76,17.77,0.01,31.17,20.95
2017-05-27 00:00:00+00:00,39.4,39.4,18.26,18.26,31.08,18.02,26.1,31.08,19.04,31.08,26.1,44.34,45.62,18.26,0.01,31.08,19.04
2017-05-28 00:00:00+00:00,38.5,38.5,18.52,18.52,31.44,17.01,25.81,31.44,16.71,31.44,25.81,48.68,51.2,18.52,0.01,31.44,16.71
2017-05-29 00:00:00+00:00,37.78,37.78,19.13,19.13,32.25,16.8,26.09,32.25,15.45,32.25,26.09,52.09,52.09,19.13,0.01,32.25,15.45
2017-05-30 00:00:00+00:00,36.86,36.86,19.17,19.17,32.15,17.26,25.9,32.15,12.58,32.15,25.9,40.17,51.72,19.17,0.01,32.15,12.58
2017-05-31 00:00:00+00:00,36.35,36.35,18.45,18.45,31.26,18.27,25.07,31.26,12.14,31.26,25.07,39.26,49.93,18.45,0.4,31.26,12.14
2017-06-01 00:00:00+00:00,35.64,35.64,17.93,17.93,30.15,19.02,24.21,30.15,11.79,30.15,24.21,32.72,47.89,17.93,1.9,30.15,11.79
2017-06-02 00:00:00+00:00,35.41,35.41,17.82,17.82,29.95,20.19,23.91,29.95,11.29,29.95,23.91,41.71,37.87,17.82,2.38,29.95,11.29
2017-06-03 00:00:00+00:00,35.31,35.31,17.58,17.58,29.83,21.6,23.61,29.83,11.98,29.83,23.61,29.54,32.72,17.58,2.72,29.83,11.98
2017-06-04 00:00:00+00:00,35.52,35.52,17.29,17.29,29.75,22.4,23.26,29.75,14.8,29.75,23.26,32.21,35.52,17.29,3.69,29.75,14.8
2017-06-05 00:00:00+00:00,34.62,34.62,16.74,16.74,29.38,22.49,22.65,29.38,16.64,29.38,22.65,44.83,44.83,16.74,4.89,29.38,16.64
2017-06-06 00:00:00+00:00,31.74,31.74,15.91,15.91,28.59,20.01,21.84,28.59,10.33,28.59,21.84,40.68,43.96,15.91,3.93,28.59,10.33
2017-06-07 00:00:00+00:00,29.72,29.72,15.92,15.92,28.32,13.32,21.56,28.32,4.0,28.32,21.56,5.61,32.5,15.92,1.37,28.32,4.0
2017-06-08 00:00:00+00:00,29.64,29.64,16.35,16.35,28.85,11.42,22.06,28.85,3.54,28.85,22.06,1.23,0.01,16.35,0.98,28.85,3.54
2017-06-09 00:00:00+00:00,28.98,28.98,15.78,15.78,28.26,9.95,21.87,28.26,1.87,28.26,21.87,5.21,0.01,15.78,0.61,28.26,1.87
2017-06-10 00:00:00+00:00,27.49,27.49,14.99,14.99,27.01,8.09,21.19,27.01,0.39,27.01,21.19,0.01,0.01,14.99,0.77,27.01,0.39
2017-06-11 00:00:00+00:00,26.34,26.34,14.34,14.34,26.23,11.16,20.75,26.23,0.01,26.23,20.75,3.98,0.01,14.34,1.41,26.23,0.01
2017-06-12 00:00:00+00:00,26.17,26.17,14.1,14.1,26.31,12.25,20.95,26.31,0.01,26.31,20.95,7.3,0.01,14.1,2.19,26.31,0.01
2017-06-13 00:00:00+00:00,26.09,26.09,13.89,13.89,26.39,12.34,21.3,26.39,0.01,26.39,21.3,20.17,0.01,13.89,2.6,26.39,0.01
2017-06-14 00:00:00+00:00,26.03,26.03,13.65,13.65,26.76,12.23,21.58,26.76,0.01,26.76,21.58,47.69,0.01,13.65,2.41,26.76,0.01
2017-06-15 00:00:00+00:00,25.71,25.71,13.34,13.34,26.37,11.2,21.51,26.37,0.01,26.37,21.51,35.75,7.09,13.34,2.14,26.37,0.01
2017-06-16 00:00:00+00:00,25.58,25.58,13.06,13.06,26.18,11.29,21.32,26.18,0.01,26.18,21.32,28.01,19.21,13.06,4.5,26.18,0.01
2017-06-17 00:00:00+00:00,25.84,25.84,12.88,12.88,27.19,10.59,21.56,27.19,0.91,27.19,21.56,33.78,26.38,12.88,5.64,27.19,0.91
2017-06-18 00:00:00+00:00,25.81,25.81,12.65,12.65,26.51,10.17,21.76,26.51,0.01,26.51,21.76,32.77,23.65,12.65,6.16,26.51,0.01
2017-06-19 00:00:00+00:00,25.74,25.74,12.26,12.26,25.01,9.49,21.52,25.01,0.01,25.01,21.52,36.7,26.9,12.26,5.37,25.01,0.01
2017-06-20 00:00:00+00:00,26.29,26.29,12.13,12.13,23.81,11.59,21.44,23.81,0.01,23.81,21.44,38.09,30.56,12.13,4.3,23.81,0.01
2017-06-21 00:00:00+00:00,27.0,27.0,12.17,12.17,23.72,17.07,21.48,23.72,0.01,23.72,21.48,46.82,43.31,12.17,3.7,23.72,0.01
2017-06-22 00:00:00+00:00,27.49,27.49,12.16,12.16,24.89,18.29,21.38,24.89,0.01,24.89,21.38,46.47,46.47,12.16,3.23,24.89,0.01
2017-06-23 00:00:00+00:00,27.5,27.5,11.8,11.8,25.36,16.43,20.85,25.36,0.01,25.36,20.85,28.31,45.89,11.8,2.84,25.36,0.01
2017-06-24 00:00:00+00:00,26.99,26.99,11.4,11.4,25.83,15.32,20.18,25.83,0.01,25.83,20.18,17.46,45.37,11.4,2.54,25.83,0.01
2017-06-25 00:00:00+00:00,27.12,27.12,11.26,11.26,26.94,17.75,19.97,26.94,0.01,26.94,19.97,0.01,45.76,11.26,2.41,26.94,0.01
2017-06-26 00:00:00+00:00,27.71,27.71,11.3,11.3,29.04,20.33,20.07,29.04,0.01,29.04,20.07,0.74,46.65,11.3,2.41,29.04,0.01
2017-06-27 00:00:00+00:00,28.15,28.15,11.2,11.2,33.09,23.43,20.11,33.09,0.01,33.09,20.11,22.87,47.09,11.2,2.64,33.09,0.01
2017-06-28 00:00:00+00:00,28.26,28.26,10.85,10.85,39.48,23.89,20.03,39.48,0.01,39.48,20.03,30.35,30.8,10.85,3.12,39.48,0.01
2017-06-29 00:00:00+00:00,28.35,28.35,10.38,10.38,47.86,24.24,19.92,47.86,0.01,47.86,19.92,19.75,30.88,10.38,3.83,47.86,0.01
2017-06-30 00:00:00+00:00,28.68,28.68,9.95,9.95,48.62,24.96,19.96,48.62,2.13,48.62,19.96,29.72,37.51,9.95,4.31,48.62,2.13
2017-07-01 00:00:00+00:00,29.37,29.37,9.49,9.49,49.69,25.63,20.19,49.69,2.18,49.69,20.19,18.39,41.85,9.49,4.78,49.69,2.18
2017-07-02 00:00:00+00:00,30.11,30.11,9.57,9.57,50.56,26.07,20.28,50.56,0.54,50.56,20.28,38.94,42.98,9.57,4.52,50.56,0.54
2017-07-03 00:00:00+00:00,31.08,31.08,10.52,10.52,48.78,26.65,20.5,48.78,0.01,48.78,20.5,51.73,51.73,10.52,3.88,48.78,0.01
2017-07-04 00:00:00+00:00,31.81,31.81,11.55,11.55,44.89,27.2,20.75,44.89,0.01,44.89,20.75,44.19,38.67,11.55,2.23,44.89,0.01
2017-07-05 00:00:00+00:00,32.7,32.7,12.85,12.85,39.65,27.89,21.17,39.65,8.25,39.65,21.17,32.63,53.11,12.85,1.59,39.65,8.25
2017-07-06 00:00:00+00:00,33.65,33.65,14.63,14.63,32.8,28.29,21.57,32.8,13.12,32.8,21.57,4.0,51.2,14.63,0.01,32.8,13.12
2017-07-07 00:00:00+00:00,34.42,34.42,16.51,16.51,29.84,28.55,21.88,29.84,14.09,29.84,21.88,0.01,44.76,16.51,0.01,29.84,14.09
2017-07-08 00:00:00+00:00,34.68,34.68,18.0,18.0,26.46,28.39,22.07,26.46,15.28,26.46,22.07,20.12,31.44,18.0,2.35,26.46,15.28
2017-07-09 00:00:00+00:00,34.49,34.49,18.95,18.95,24.13,27.86,22.2,24.13,16.28,24.13,22.2,49.26,23.86,18.95,6.82,24.13,16.28
2017-07-10 00:00:00+00:00,33.83,33.83,19.74,19.74,20.7,27.41,22.14,20.7,15.67,20.7,22.14,24.87,0.01,19.74,7.72,20.7,15.67
2017-07-11 00:00:00+00:00,33.03,33.03,19.1,19.1,18.27,27.33,22.02,18.27,13.44,18.27,22.02,8.63,0.01,19.1,8.06,18.27,13.44
2017-07-12 00:00:00+00:00,32.27,32.27,17.24,17.24,17.51,27.32,21.75,17.51,13.9,17.51,21.75,31.08,13.94,17.24,9.42,17.51,13.9
2017-07-13 00:00:00+00:00,31.75,31.75,15.46,15.46,19.83,27.65,21.54,19.83,15.33,19.83,21.54,15.67,45.32,15.46,10.84,19.83,15.33
2017-07-14 00:00:00+00:00,31.6,31.6,13.75,13.75,23.51,28.17,21.63,23.51,15.87,23.51,21.63,0.01,53.03,13.75,12.6,23.51,15.87
2017-07-15 00:00:00+00:00,31.66,31.66,11.96,11.96,27.2,28.63,21.68,27.2,16.92,27.2,21.68,24.76,53.17,11.96,16.11,27.2,16.92
2017-07-16 00:00:00+00:00,31.38,31.38,10.27,10.27,36.87,28.94,21.6,36.87,17.12,36.87,21.6,53.26,26.04,10.27,19.9,36.87,17.12
2017-07-17 00:00:00+00:00,31.99,31.99,10.13,10.13,42.64,29.19,21.65,42.64,17.48,42.64,21.65,35.75,27.72,10.13,20.49,42.64,17.48
2017-07-18 00:00:00+00:00,34.35,34.35,12.1,12.1,48.15,29.68,21.9,48.15,19.54,48.15,21.9,51.57,25.73,12.1,20.62,48.15,19.54
2017-07-19 00:00:00+00:00,36.32,36.32,14.57,14.57,49.07,30.11,22.16,49.07,20.29,49.07,22.16,53.82,25.19,14.57,21.21,49.07,20.29
2017-07-20 00:00:00+00:00,36.91,36.91,16.41,16.41,49.46,30.21,22.39,49.46,20.39,49.46,22.39,43.71,26.98,16.41,22.49,49.46,20.39
2017-07-21 00:00:00+00:00,37.1,37.1,17.77,17.77,48.21,30.32,22.69,48.21,21.21,48.21,22.69,21.86,30.65,17.77,24.01,48.21,21.21
2017-07-22 00:00:00+00:00,36.52,36.52,18.14,18.14,45.74,30.37,22.84,45.74,21.78,45.74,22.84,33.79,30.89,18.14,24.34,45.74,21.78
2017-07-23 00:00:00+00:00,35.01,35.01,18.05,18.05,36.17,29.79,22.43,36.17,21.22,36.17,22.43,39.86,33.04,18.05,23.83,36.17,21.22
2017-07-24 00:00:00+00:00,34.16,34.16,18.71,18.71,28.71,29.62,22.38,28.71,21.11,28.71,22.38,5.5,30.98,18.71,23.63,28.71,21.11
2017-07-25 00:00:00+00:00,34.56,34.56,19.82,19.82,24.68,29.76,22.48,24.68,21.6,24.68,22.48,0.01,43.66,19.82,23.64,24.68,21.6
2017-07-26 00:00:00+00:00,35.41,35.41,21.05,21.05,22.14,29.87,22.42,22.14,21.55,22.14,22.42,19.86,44.68,21.05,23.31,22.14,21.55
2017-07-27 00:00:00+00:00,35.27,35.27,22.61,22.61,21.1,29.84,22.61,21.1,21.39,21.1,22.61,26.95,30.25,22.61,23.12,21.1,21.39
2017-07-28 00:00:00+00:00,33.7,33.7,23.1,23.1,20.44,29.62,22.44,20.44,20.77,20.44,22.44,22.83,24.79,23.1,22.83,20.44,20.77
2017-07-29 00:00:00+00:00,31.99,31.99,22.5,22.5,18.24,29.2,22.02,18.24,21.06,18.24,22.02,25.24,25.1,22.5,21.62,18.24,21.06
2017-07-30 00:00:00+00:00,30.94,30.94,23.39,23.39,15.89,29.02,22.09,15.89,21.08,15.89,22.09,16.6,27.97,23.39,19.7,15.89,21.08
2017-07-31 00:00:00+00:00,29.01,29.01,23.73,23.73,14.29,28.13,21.71,14.29,20.14,14.29,21.71,20.56,32.54,23.73,17.41,14.29,20.14
2017-08-01 00:00:00+00:00,27.69,27.69,24.85,24.85,12.88,27.82,21.62,12.88,19.87,12.88,21.62,16.2,31.82,24.85,16.88,12.88,19.87
2017-08-02 00:00:00+00:00,26.52,26.52,25.34,25.34,12.51,26.97,21.18,12.51,18.76,12.51,21.18,0.51,32.97,25.34,11.83,12.51,18.76
2017-08-03 00:00:00+00:00,25.22,25.22,24.85,24.85,11.35,25.36,20.57,11.35,16.95,11.35,20.57,0.01,27.01,24.85,5.13,11.35,16.95
2017-08-04 00:00:00+00:00,24.23,24.23,24.65,24.65,9.9,24.15,20.39,9.9,15.23,9.9,20.39,22.89,0.01,24.65,4.31,9.9,15.23
2017-08-05 00:00:00+00:00,23.91,23.91,22.3,22.3,9.28,21.91,20.61,9.28,15.04,9.28,20.61,30.11,0.01,22.3,6.85,9.28,15.04
2017-08-06 00:00:00+00:00,23.12,23.12,19.65,19.65,10.39,20.81,20.78,10.39,14.92,10.39,20.78,38.06,0.01,19.65,7.52,10.39,14.92
2017-08-07 00:00:00+00:00,22.71,22.71,18.02,18.02,14.5,21.17,21.05,14.5,14.39,14.5,21.05,29.56,15.03,18.02,7.07,14.5,14.39
2017-08-08 00:00:00+00:00,23.29,23.29,19.83,19.83,17.36,21.0,21.3,17.36,13.86,17.36,21.3,27.84,14.78,19.83,4.92,17.36,13.86
2017-08-09 00:00:00+00:00,23.55,23.55,22.71,22.71,17.69,20.37,21.56,17.69,12.77,17.69,21.56,23.9,26.5,22.71,0.68,17.69,12.77
2017-08-10 00:00:00+00:00,25.7,25.7,24.05,24.05,20.19,20.01,22.04,20.19,13.87,20.19,22.04,15.98,18.1,24.05,0.01,20.19,13.87
2017-08-11 00:00:00+00:00,25.61,25.61,23.72,23.72,22.93,21.44,22.31,22.93,14.5,22.93,22.31,33.2,22.33,23.72,0.01,22.93,14.5
2017-08-12 00:00:00+00:00,25.3,25.3,23.28,23.28,24.15,22.28,22.56,24.15,13.61,24.15,22.56,50.56,19.66,23.28,0.01,24.15,13.61
2017-08-13 00:00:00+00:00,25.39,25.39,23.14,23.14,27.25,22.93,23.11,27.25,13.14,27.25,23.11,23.66,27.13,23.14,0.01,27.25,13.14
2017-08-14 00:00:00+00:00,25.77,25.77,23.33,23.33,41.12,23.4,23.78,41.12,14.2,41.12,23.78,7.71,40.38,23.33,0.01,41.12,14.2
2017-08-15 00:00:00+00:00,26.04,26.04,23.5,23.5,42.98,23.45,24.21,42.98,14.66,42.98,24.21,27.04,32.64,23.5,2.43,42.98,14.66
2017-08-16 00:00:00+00:00,25.75,25.75,24.92,24.92,39.94,24.36,25.05,39.94,16.04,39.94,25.05,33.35,24.79,24.92,8.1,39.94,16.04
2017-08-17 00:00:00+00:00,25.19,25.19,26.13,26.13,41.05,25.5,26.28,41.05,17.36,41.05,26.28,19.42,51.8,26.13,7.96,41.05,17.36
2017-08-18 00:00:00+00:00,24.78,24.78,26.46,26.46,42.91,26.2,27.13,42.91,16.97,42.91,27.13,27.21,46.81,26.46,6.93,42.91,16.97
2017-08-19 00:00:00+00:00,24.7,24.7,26.64,26.64,43.11,26.83,27.85,43.11,15.82,43.11,27.85,28.48,30.63,26.64,6.28,43.11,15.82
2017-08-20 00:00:00+00:00,25.15,25.15,26.87,26.87,45.71,27.49,28.78,45.71,14.9,45.71,28.78,27.97,26.23,26.87,5.75,45.71,14.9
2017-08-21 00:00:00+00:00,26.69,26.69,28.28,28.28,54.41,28.29,29.84,54.41,15.3,54.41,29.84,9.89,25.58,28.28,6.13,54.41,15.3
2017-08-22 00:00:00+00:00,28.81,28.81,29.81,29.81,51.2,28.95,30.75,51.2,16.43,51.2,30.75,0.96,26.76,29.81,5.74,51.2,16.43
2017-08-23 00:00:00+00:00,30.11,30.11,32.1,32.1,46.17,29.79,31.86,46.17,17.48,46.17,31.86,0.01,19.59,32.1,6.57,46.17,17.48
2017-08-24 00:00:00+00:00,31.35,31.35,34.31,34.31,38.72,30.43,32.85,38.72,18.44,38.72,32.85,0.01,23.3,34.31,13.55,38.72,18.44
2017-08-25 00:00:00+00:00,32.34,32.34,35.54,35.54,33.91,30.89,33.78,33.91,19.67,33.91,33.78,33.23,25.3,35.54,18.98,33.91,19.67
2017-08-26 00:00:00+00:00,32.33,32.33,36.38,36.38,29.93,31.3,35.03,29.93,21.05,29.93,35.03,52.69,29.03,36.38,21.34,29.93,21.05
2017-08-27 00:00:00+00:00,32.03,32.03,37.45,37.45,30.58,31.59,35.86,30.58,22.41,30.58,35.86,49.4,31.8,37.45,23.41,30.58,22.41
2017-08-28 00:00:00+00:00,31.92,31.92,38.69,38.69,30.3,31.69,36.73,30.3,23.16,30.3,36.73,40.29,30.33,38.69,25.32,30.3,23.16
2017-08-29 00:00:00+00:00,31.74,31.74,39.55,39.55,30.27,31.67,37.28,30.27,22.66,30.27,37.28,55.79,30.44,39.55,26.67,30.27,22.66
2017-08-30 00:00:00+00:00,31.95,31.95,39.57,39.57,23.71,31.37,37.4,23.71,22.05,23.71,37.4,53.06,27.92,39.57,28.06,23.71,22.05
2017-08-31 00:00:00+00:00,32.42,32.42,39.55,39.55,16.92,30.74,37.4,16.92,21.57,16.92,37.4,29.83,26.78,39.55,29.81,16.92,21.57
2017-09-01 00:00:00+00:00,32.61,32.61,39.51,39.51,17.38,30.07,37.44,17.38,22.3,17.38,37.44,24.48,20.73,39.51,30.9,17.38,22.3
2017-09-02 00:00:00+00:00,32.46,32.46,39.46,39.46,17.1,29.25,37.45,17.1,23.0,17.1,37.45,37.51,24.67,39.46,31.2,17.1,23.0
2017-09-03 00:00:00+00:00,32.68,32.68,39.89,39.89,19.21,28.47,37.45,19.21,22.96,19.21,37.45,49.23,30.26,39.89,31.54,19.21,22.96
2017-09-04 00:00:00+00:00,33.05,33.05,40.15,40.15,22.48,27.62,36.86,22.48,23.12,22.48,36.86,41.52,37.2,40.15,31.23,22.48,23.12
2017-09-05 00:00:00+00:00,32.09,32.09,40.4,40.4,25.19,24.82,35.9,25.19,22.59,25.19,35.9,2.84,37.5,40.4,27.96,25.19,22.59
2017-09-06 00:00:00+00:00,30.07,30.07,39.96,39.96,21.03,18.34,34.95,21.03,21.7,21.03,34.95,14.05,27.71,39.96,19.15,21.03,21.7
2017-09-07 00:00:00+00:00,28.32,28.32,37.95,37.95,15.85,10.43,33.73,15.85,21.58,15.85,33.73,25.48,9.94,37.95,14.02,15.85,21.58
2017-09-08 00:00:00+00:00,27.78,27.78,36.34,36.34,13.17,2.58,32.96,13.17,18.18,13.17,32.96,28.61,0.01,36.34,2.83,13.17,18.18
2017-09-09 00:00:00+00:00,27.21,27.21,35.62,35.62,11.46,0.01,32.53,11.46,15.03,11.46,32.53,45.14,6.24,35.62,0.01,11.46,15.03
2017-09-10 00:00:00+00:00,26.44,26.44,35.32,35.32,10.05,0.01,32.13,10.05,11.99,10.05,32.13,40.61,0.01,35.32,0.01,10.05,11.99
2017-09-11 00:00:00+00:00,26.34,26.34,35.33,35.33,6.35,0.01,31.91,6.35,7.49,6.35,31.91,31.81,2.24,35.33,0.01,6.35,7.49
2017-09-12 00:00:00+00:00,28.28,28.28,35.24,35.24,3.54,0.01,32.0,3.54,7.47,3.54,32.0,20.95,0.01,35.24,0.01,3.54,7.47
2017-09-13 00:00:00+00:00,28.94,28.94,34.01,34.01,3.07,2.0,32.01,3.07,9.86,3.07,32.01,11.02,0.01,34.01,0.01,3.07,9.86
2017-09-14 00:00:00+00:00,31.76,31.76,33.83,33.83,3.9,5.1,32.76,3.9,13.28,3.9,32.76,25.19,0.01,33.83,6.55,3.9,13.28
2017-09-15 00:00:00+00:00,32.99,32.99,34.79,34.79,5.31,5.91,33.19,5.31,15.06,5.31,33.19,3.89,0.01,34.79,11.73,5.31,15.06
2017-09-16 00:00:00+00:00,33.59,33.59,36.21,36.21,9.63,5.37,33.16,9.63,14.74,9.63,33.16,7.69,21.68,36.21,12.27,9.63,14.74
2017-09-17 00:00:00+00:00,33.53,33.53,36.85,36.85,17.33,5.25,32.98,17.33,14.96,17.33,32.98,32.6,24.77,36.85,13.76,17.33,14.96
2017-09-18 00:00:00+00:00,33.78,33.78,37.32,37.32,22.89,5.28,32.75,22.89,14.41,22.89,32.75,39.52,25.51,37.32,15.37,22.89,14.41
2017-09-19 00:00:00+00:00,34.24,34.24,37.05,37.05,25.66,6.01,32.31,25.66,12.71,25.66,32.31,31.1,26.33,37.05,16.23,25.66,12.71
2017-09-20 00:00:00+00:00,33.0,33.0,35.69,35.69,26.07,4.07,32.09,26.07,11.33,26.07,32.09,18.74,25.64,35.69,15.09,26.07,11.33
2017-09-21 00:00:00+00:00,31.39,31.39,33.86,33.86,24.53,1.99,31.91,24.53,10.42,24.53,31.91,35.22,24.2,33.86,9.08,24.53,10.42
2017-09-22 00:00:00+00:00,30.53,30.53,32.18,32.18,22.12,1.55,31.57,22.12,9.91,22.12,31.57,27.93,21.66,32.18,5.68,22.12,9.91
2017-09-23 00:00:00+00:00,29.79,29.79,30.62,30.62,22.39,1.14,31.06,22.39,9.49,22.39,31.06,36.11,20.68,30.62,5.89,22.39,9.49
2017-09-24 00:00:00+00:00,29.98,29.98,29.04,29.04,24.79,1.55,30.25,24.79,9.39,24.79,30.25,59.27,18.86,29.04,6.67,24.79,9.39
2017-09-25 00:00:00+00:00,29.63,29.63,27.4,27.4,29.23,1.28,29.26,29.23,9.6,29.23,29.26,48.42,17.49,27.4,5.04,29.23,9.6
2017-09-26 00:00:00+00:00,27.86,27.86,25.14,25.14,32.19,1.26,27.36,32.19,10.07,32.19,27.36,27.11,17.78,25.14,3.49,32.19,10.07
2017-09-27 00:00:00+00:00,26.45,26.45,23.53,23.53,35.34,4.84,26.17,35.34,11.26,35.34,26.17,7.96,18.58,23.53,9.63,35.34,11.26
2017-09-28 00:00:00+00:00,24.71,24.71,21.75,21.75,35.44,11.88,24.76,35.44,13.77,35.44,24.76,26.66,21.06,21.75,19.29,35.44,13.77
2017-09-29 00:00:00+00:00,23.43,23.43,20.79,20.79,31.91,8.13,23.8,31.91,12.27,31.91,23.8,40.06,16.02,20.79,12.8,31.91,12.27
2017-09-30 00:00:00+00:00,23.09,23.09,19.48,19.48,26.79,0.01,22.76,26.79,7.64,26.79,22.76,32.08,2.74,19.48,0.01,26.79,7.64
2017-10-01 00:00:00+00:00,22.71,22.71,18.74,18.74,22.81,0.01,19.53,22.81,2.32,22.81,19.53,21.04,0.01,18.74,0.01,22.81,2.32
2017-10-02 00:00:00+00:00,22.22,22.22,18.41,18.41,18.42,0.01,15.02,18.42,0.01,18.42,15.02,0.01,0.01,18.41,0.01,18.42,0.01
2017-10-03 00:00:00+00:00,23.17,23.17,18.45,18.45,14.91,0.01,13.43,14.91,0.01,14.91,13.43,0.01,0.01,18.45,0.01,14.91,0.01
2017-10-04 00:00:00+00:00,24.58,24.58,17.99,17.99,14.75,4.57,11.72,14.75,0.01,14.75,11.72,0.01,0.01,17.99,0.01,14.75,0.01
2017-10-05 00:00:00+00:00,26.32,26.32,18.45,18.45,16.42,2.91,11.34,16.42,0.01,16.42,11.34,0.01,0.01,18.45,0.01,16.42,0.01
2017-10-06 00:00:00+00:00,27.05,27.05,17.56,17.56,17.34,2.6,9.05,17.34,0.01,17.34,9.05,29.99,7.71,17.56,0.01,17.34,0.01
2017-10-07 00:00:00+00:00,26.86,26.86,14.31,14.31,18.28,2.78,7.01,18.28,0.01,18.28,7.01,33.04,14.23,14.31,0.01,18.28,0.01
2017-10-08 00:00:00+00:00,26.78,26.78,14.24,14.24,19.92,3.22,5.24,19.92,0.01,19.92,5.24,22.23,17.22,14.24,0.01,19.92,0.01
2017-10-09 00:00:00+00:00,26.92,26.92,13.46,13.46,24.88,4.27,3.87,24.88,0.01,24.88,3.87,17.0,20.03,13.46,1.36,24.88,0.01
2017-10-10 00:00:00+00:00,27.42,27.42,9.85,9.85,25.85,6.21,3.56,25.85,0.01,25.85,3.56,23.71,21.16,9.85,2.9,25.85,0.01
2017-10-11 00:00:00+00:00,27.16,27.16,7.86,7.86,26.86,6.43,3.25,26.86,0.01,26.86,3.25,30.9,19.9,7.86,2.12,26.86,0.01
2017-10-12 00:00:00+00:00,27.17,27.17,7.97,7.97,26.11,5.94,3.82,26.11,0.01,26.11,3.82,33.44,21.74,7.97,0.47,26.11,0.01
2017-10-13 00:00:00+00:00,27.4,27.4,8.59,8.59,23.31,7.31,5.69,23.31,0.01,23.31,5.69,21.82,21.25,8.59,0.01,23.31,0.01
2017-10-14 00:00:00+00:00,26.22,26.22,8.99,8.99,19.1,8.51,6.61,19.1,0.01,19.1,6.61,55.3,15.49,8.99,0.01,19.1,0.01
2017-10-15 00:00:00+00:00,25.73,25.73,8.72,8.72,11.38,8.06,6.8,11.38,0.01,11.38,6.8,55.88,21.73,8.72,0.01,11.38,0.01
2017-10-16 00:00:00+00:00,24.83,24.83,7.56,7.56,4.53,7.94,6.46,4.53,0.01,4.53,6.46,56.59,25.64,7.56,0.01,4.53,0.01
2017-10-17 00:00:00+00:00,23.38,23.38,6.02,6.02,0.01,8.3,5.72,0.01,0.01,0.01,5.72,51.48,34.96,6.02,0.01,0.01,0.01
2017-10-18 00:00:00+00:00,21.99,21.99,6.42,6.42,0.01,9.48,5.45,0.01,0.01,0.01,5.45,35.3,42.59,6.42,0.01,0.01,0.01
2017-10-19 00:00:00+00:00,20.27,20.27,6.39,6.39,0.01,11.18,5.6,0.01,0.01,0.01,5.6,30.43,47.52,6.39,0.01,0.01,0.01
2017-10-20 00:00:00+00:00,18.18,18.18,3.81,3.81,0.01,8.76,5.85,0.01,0.01,0.01,5.85,37.41,55.57,3.81,0.01,0.01,0.01
2017-10-21 00:00:00+00:00,15.81,15.81,1.69,1.69,0.01,0.01,6.37,0.01,0.01,0.01,6.37,35.52,57.8,1.69,0.01,0.01,0.01
2017-10-22 00:00:00+00:00,13.96,13.96,1.51,1.51,0.01,5.92,6.82,0.01,0.01,0.01,6.82,13.63,56.8,1.51,0.01,0.01,0.01
2017-10-23 00:00:00+00:00,12.68,12.68,2.38,2.38,0.01,9.51,6.41,0.01,0.01,0.01,6.41,11.63,50.84,2.38,0.01,0.01,0.01
2017-10-24 00:00:00+00:00,12.24,12.24,1.79,1.79,0.01,10.4,5.8,0.01,0.01,0.01,5.8,26.71,46.57,1.79,0.73,0.01,0.01
2017-10-25 00:00:00+00:00,11.92,11.92,0.01,0.01,0.01,6.93,4.93,0.01,0.01,0.01,4.93,22.38,31.2,0.01,3.94,0.01,0.01
2017-10-26 00:00:00+00:00,10.9,10.9,0.01,0.01,0.01,3.07,4.27,0.01,0.01,0.01,4.27,8.91,19.5,0.01,3.29,0.01,0.01
2017-10-27 00:00:00+00:00,10.0,10.0,0.01,0.01,0.01,0.9,4.03,0.01,0.01,0.01,4.03,19.69,28.54,0.01,3.0,0.01,0.01
2017-10-28 00:00:00+00:00,9.23,9.23,0.01,0.01,0.01,0.64,3.7,0.01,0.01,0.01,3.7,18.85,30.06,0.01,1.88,0.01,0.01
2017-10-29 00:00:00+00:00,9.49,9.49,0.01,0.01,0.01,0.84,4.07,0.01,0.01,0.01,4.07,0.01,30.56,0.01,0.39,0.01,0.01
2017-10-30 00:00:00+00:00,10.38,10.38,0.01,0.01,0.01,1.18,4.73,0.01,0.01,0.01,4.73,0.01,39.34,0.01,0.01,0.01,0.01
2017-10-31 00:00:00+00:00,10.81,10.81,0.01,0.01,0.91,3.62,5.6,0.91,0.01,0.91,5.6,2.37,48.15,0.01,0.01,0.91,0.01
2017-11-01 00:00:00+00:00,9.78,9.78,0.01,0.01,6.91,4.73,6.37,6.91,0.01,6.91,6.37,17.03,57.18,0.01,0.87,6.91,0.01
2017-11-02 00:00:00+00:00,9.35,9.35,0.01,0.01,9.82,3.88,6.09,9.82,0.01,9.82,6.09,0.01,57.76,0.01,1.43,9.82,0.01
2017-11-03 00:00:00+00:00,11.03,11.03,0.01,0.01,12.14,2.91,5.31,12.14,0.01,12.14,5.31,4.21,58.13,0.01,0.32,12.14,0.01
2017-11-04 00:00:00+00:00,12.73,12.73,0.01,0.01,16.14,2.77,4.75,16.14,0.01,16.14,4.75,20.44,58.23,0.01,0.01,16.14,0.01
2017-11-05 00:00:00+00:00,14.64,14.64,0.01,0.01,20.75,3.88,4.72,20.75,0.01,20.75,4.72,25.85,58.55,0.01,1.34,20.75,0.01
2017-11-06 00:00:00+00:00,18.26,18.26,0.01,0.01,23.88,4.8,4.82,23.88,0.01,23.88,4.82,18.44,59.31,0.01,2.77,23.88,0.01
2017-11-07 00:00:00+00:00,21.62,21.62,3.02,3.02,24.55,7.67,4.75,24.55,0.01,24.55,4.75,7.91,60.0,3.02,3.29,24.55,0.01
2017-11-08 00:00:00+00:00,24.2,24.2,4.61,4.61,26.1,9.86,4.49,26.1,0.01,26.1,4.49,0.49,60.5,4.61,3.63,26.1,0.01
2017-11-09 00:00:00+00:00,26.23,26.23,3.37,3.37,27.93,11.22,4.55,27.93,0.01,27.93,4.55,0.01,59.44,3.37,4.26,27.93,0.01
2017-11-10 00:00:00+00:00,28.72,28.72,0.01,0.01,23.0,16.71,5.07,23.0,0.77,23.0,5.07,12.42,61.06,0.01,4.74,23.0,0.77
2017-11-11 00:00:00+00:00,30.75,30.75,0.01,0.01,17.78,17.89,5.95,17.78,3.45,17.78,5.95,31.74,61.08,0.01,8.12,17.78,3.45
2017-11-12 00:00:00+00:00,30.95,30.95,1.57,1.57,13.39,19.87,6.9,13.39,4.25,13.39,6.9,0.01,60.98,1.57,11.43,13.39,4.25
2017-11-13 00:00:00+00:00,30.91,30.91,0.01,0.01,10.65,20.35,7.41,10.65,4.63,10.65,7.41,0.01,60.56,0.01,11.99,10.65,4.63
2017-11-14 00:00:00+00:00,31.83,31.83,0.01,0.01,11.82,21.03,7.77,11.82,4.42,11.82,7.77,2.81,60.94,0.01,12.25,11.82,4.42
2017-11-15 00:00:00+00:00,32.74,32.74,0.01,0.01,15.35,21.92,8.71,15.35,4.83,15.35,8.71,13.38,61.41,0.01,14.81,15.35,4.83
2017-11-16 00:00:00+00:00,33.09,33.09,0.01,0.01,17.69,23.53,9.06,17.69,5.47,17.69,9.06,9.37,61.31,0.01,14.59,17.69,5.47
2017-11-17 00:00:00+00:00,33.96,33.96,0.01,0.01,18.23,24.72,8.77,18.23,5.0,18.23,8.77,29.92,52.89,0.01,13.57,18.23,5.0
2017-11-18 00:00:00+00:00,34.86,34.86,0.01,0.01,20.13,26.6,8.58,20.13,4.01,20.13,8.58,47.36,44.99,0.01,13.93,20.13,4.01
2017-11-19 00:00:00+00:00,35.56,35.56,0.01,0.01,21.14,28.42,8.36,21.14,3.83,21.14,8.36,41.82,38.98,0.01,14.43,21.14,3.83
2017-11-20 00:00:00+00:00,35.93,35.93,0.01,0.01,20.97,28.68,8.67,20.97,4.24,20.97,8.67,23.75,39.39,0.01,14.95,20.97,4.24
2017-11-21 00:00:00+00:00,36.01,36.01,0.01,0.01,20.04,28.83,9.3,20.04,4.73,20.04,9.3,4.41,53.97,0.01,15.2,20.04,4.73
2017-11-22 00:00:00+00:00,36.74,36.74,0.01,0.01,20.73,29.16,8.99,20.73,3.41,20.73,8.99,16.98,59.03,0.01,15.15,20.73,3.41
2017-11-23 00:00:00+00:00,39.81,39.81,0.01,0.01,22.18,30.8,8.8,22.18,1.72,22.18,8.8,18.18,67.68,0.01,15.94,22.18,1.72
2017-11-24 00:00:00+00:00,42.28,42.28,0.01,0.01,24.43,31.44,8.9,24.43,1.34,24.43,8.9,0.01,72.06,0.01,18.36,24.43,1.34
2017-11-25 00:00:00+00:00,43.32,43.32,0.01,0.01,25.67,30.58,8.74,25.67,0.28,25.67,8.74,38.49,74.38,0.01,21.76,25.67,0.28
2017-11-26 00:00:00+00:00,43.05,43.05,0.01,0.01,24.29,29.51,8.52,24.29,0.01,24.29,8.52,56.72,67.13,0.01,23.69,24.29,0.01
2017-11-27 00:00:00+00:00,42.96,42.96,0.01,0.01,26.09,30.7,8.99,26.09,0.01,26.09,8.99,9.77,65.87,0.01,24.67,26.09,0.01
2017-11-28 00:00:00+00:00,43.07,43.07,0.01,0.01,28.76,33.31,9.8,28.76,0.01,28.76,9.8,0.01,58.3,0.01,24.25,28.76,0.01
2017-11-29 00:00:00+00:00,41.75,41.75,0.01,0.01,27.06,34.2,10.47,27.06,0.01,27.06,10.47,0.01,53.6,0.01,23.99,27.06,0.01
2017-11-30 00:00:00+00:00,38.84,38.84,0.01,0.01,22.39,32.71,10.73,22.39,0.01,22.39,10.73,4.36,57.3,0.01,22.83,22.39,0.01
2017-12-01 00:00:00+00:00,36.03,36.03,3.96,3.96,18.03,30.82,10.76,18.03,0.01,18.03,10.76,0.01,61.12,3.96,21.32,18.03,0.01
2017-12-02 00:00:00+00:00,34.01,34.01,7.99,7.99,15.2,28.21,10.61,15.2,0.01,15.2,10.61,26.6,60.79,7.99,21.92,15.2,0.01
2017-12-03 00:00:00+00:00,33.31,33.31,10.84,10.84,13.75,27.67,10.8,13.75,0.01,13.75,10.8,30.18,57.67,10.84,22.37,13.75,0.01
2017-12-04 00:00:00+00:00,32.93,32.93,12.92,12.92,13.82,28.62,11.15,13.82,0.01,13.82,11.15,0.01,51.18,12.92,21.59,13.82,0.01
2017-12-05 00:00:00+00:00,33.52,33.52,14.71,14.71,13.89,29.9,11.72,13.89,2.74,13.89,11.72,33.77,52.63,14.71,19.2,13.89,2.74
2017-12-06 00:00:00+00:00,33.23,33.23,15.08,15.08,13.27,29.58,11.73,13.27,4.83,13.27,11.73,31.24,58.15,15.08,13.65,13.27,4.83
2017-12-07 00:00:00+00:00,32.4,32.4,14.99,14.99,11.94,28.2,11.35,11.94,4.93,11.94,11.35,21.97,60.05,14.99,9.37,11.94,4.93
2017-12-08 00:00:00+00:00,32.33,32.33,14.04,14.04,11.4,27.05,10.84,11.4,5.14,11.4,10.84,30.4,56.45,14.04,11.13,11.4,5.14
2017-12-09 00:00:00+00:00,33.29,33.29,13.87,13.87,11.16,26.16,10.69,11.16,5.69,11.16,10.69,27.39,60.43,13.87,14.21,11.16,5.69
2017-12-10 00:00:00+00:00,33.54,33.54,15.35,15.35,10.0,25.5,10.56,10.0,5.92,10.0,10.56,19.34,55.79,15.35,16.03,10.0,5.92
2017-12-11 00:00:00+00:00,33.59,33.59,17.19,17.19,7.81,25.42,10.59,7.81,5.97,7.81,10.59,10.32,52.55,17.19,16.22,7.81,5.97
2017-12-12 00:00:00+00:00,33.37,33.37,18.6,18.6,5.49,25.14,10.31,5.49,5.8,5.49,10.31,39.15,54.44,18.6,16.09,5.49,5.8
2017-12-13 00:00:00+00:00,35.18,35.18,19.49,19.49,4.6,27.01,10.57,4.6,6.16,4.6,10.57,39.74,64.02,19.49,16.85,4.6,6.16
2017-12-14 00:00:00+00:00,35.28,35.28,19.11,19.11,4.72,27.9,10.48,4.72,6.06,4.72,10.48,7.19,68.34,19.11,15.76,4.72,6.06
2017-12-15 00:00:00+00:00,34.85,34.85,18.99,18.99,5.28,28.47,10.41,5.28,5.99,5.28,10.41,0.01,70.13,18.99,13.77,5.28,5.99
2017-12-16 00:00:00+00:00,33.38,33.38,19.53,19.53,5.66,27.72,10.04,5.66,5.91,5.66,10.04,16.97,67.87,19.53,14.08,5.66,5.91
2017-12-17 00:00:00+00:00,32.3,32.3,20.12,20.12,4.61,27.46,10.37,4.61,6.07,4.61,10.37,15.83,66.35,20.12,13.55,4.61,6.07
2017-12-18 00:00:00+00:00,31.33,31.33,21.35,21.35,4.01,27.98,10.94,4.01,6.67,4.01,10.94,7.72,65.2,21.35,12.22,4.01,6.67
2017-12-19 00:00:00+00:00,28.95,28.95,22.85,22.85,3.6,27.02,10.92,3.6,7.68,3.6,10.92,9.91,60.98,22.85,10.11,3.6,7.68
2017-12-20 00:00:00+00:00,25.38,25.38,23.44,23.44,2.69,24.83,10.77,2.69,7.44,2.69,10.77,13.39,55.32,23.44,6.14,2.69,7.44
2017-12-21 00:00:00+00:00,24.3,24.3,25.87,25.87,3.55,25.28,11.56,3.55,6.84,3.55,11.56,3.55,55.05,25.87,2.14,3.55,6.84
2017-12-22 00:00:00+00:00,22.79,22.79,25.54,25.54,4.46,24.64,11.88,4.46,5.9,4.46,11.88,10.45,55.6,25.54,3.37,4.46,5.9
2017-12-23 00:00:00+00:00,20.56,20.56,24.03,24.03,3.92,21.5,12.12,3.92,4.89,3.92,12.12,14.62,55.53,24.03,1.88,3.92,4.89
2017-12-24 00:00:00+00:00,19.26,19.26,24.57,24.57,3.08,18.86,12.76,3.08,4.5,3.08,12.76,11.44,55.92,24.57,3.24,3.08,4.5
2017-12-25 00:00:00+00:00,18.15,18.15,24.67,24.67,2.68,17.41,12.88,2.68,4.12,2.68,12.88,19.76,56.05,24.67,5.35,2.68,4.12
2017-12-26 00:00:00+00:00,17.14,17.14,24.26,24.26,1.92,17.14,13.12,1.92,2.61,1.92,13.12,4.15,52.84,24.26,5.87,1.92,2.61
2017-12-27 00:00:00+00:00,16.81,16.81,25.06,25.06,1.23,18.92,14.15,1.23,2.4,1.23,14.15,14.42,57.67,25.06,5.94,1.23,2.4
2017-12-28 00:00:00+00:00,15.87,15.87,26.56,26.56,1.03,19.76,14.7,1.03,2.21,1.03,14.7,15.73,54.6,26.56,5.59,1.03,2.21
2017-12-29 00:00:00+00:00,15.42,15.42,28.44,28.44,0.87,21.52,15.38,0.87,2.49,0.87,15.38,0.01,53.35,28.44,5.45,0.87,2.49
2017-12-30 00:00:00+00:00,15.14,15.14,28.87,28.87,0.15,24.07,16.15,0.15,2.66,0.15,16.15,28.65,50.95,28.87,5.71,0.15,2.66
2017-12-31 00:00:00+00:00,15.05,15.05,28.86,28.86,0.01,25.78,16.84,0.01,2.74,0.01,16.84,38.58,53.68,28.86,6.06,0.01,2.74
2018-01-01 00:00:00+00:00,14.59,14.59,28.57,28.57,0.01,27.05,16.92,0.01,2.61,0.01,16.92,36.28,53.74,28.57,6.23,0.01,2.61
2018-01-02 00:00:00+00:00,14.86,14.86,28.35,28.35,0.01,23.36,18.52,0.01,2.89,0.01,18.52,29.19,58.13,28.35,6.26,0.01,2.89
2018-01-03 00:00:00+00:00,14.22,14.22,28.87,28.87,0.01,23.7,18.91,0.01,2.88,0.01,18.91,21.77,61.15,28.87,6.0,0.01,2.88
2018-01-04 00:00:00+00:00,14.49,14.49,30.49,30.49,0.01,24.74,20.44,0.01,3.02,0.01,20.44,19.05,64.49,30.49,6.42,0.01,3.02
2018-01-05 00:00:00+00:00,14.72,14.72,31.89,31.89,0.01,25.66,21.93,0.01,2.99,0.01,21.93,13.38,67.62,31.89,7.03,0.01,2.99
2018-01-06 00:00:00+00:00,14.52,14.52,33.8,33.8,0.01,25.65,22.33,0.01,3.03,0.01,22.33,47.24,68.92,33.8,7.5,0.01,3.03
2018-01-07 00:00:00+00:00,14.09,14.09,34.61,34.61,0.01,25.25,22.61,0.01,3.35,0.01,22.61,68.45,59.95,34.61,7.8,0.01,3.35
2018-01-08 00:00:00+00:00,13.77,13.77,35.0,35.0,0.01,25.58,22.93,0.01,3.45,0.01,22.93,69.29,38.5,35.0,8.23,0.01,3.45
2018-01-09 00:00:00+00:00,13.25,13.25,34.72,34.72,0.01,25.41,23.08,0.01,3.58,0.01,23.08,68.48,35.87,34.72,8.37,0.01,3.58
2018-01-10 00:00:00+00:00,13.04,13.04,35.39,35.39,0.01,26.08,23.66,0.01,3.64,0.01,23.66,56.36,50.39,35.39,8.25,0.01,3.64
2018-01-11 00:00:00+00:00,12.44,12.44,34.8,34.8,0.01,26.32,23.48,0.01,3.6,0.01,23.48,43.46,59.4,34.8,7.48,0.01,3.6
2018-01-12 00:00:00+00:00,11.84,11.84,33.52,33.52,0.01,26.38,23.09,0.01,3.67,0.01,23.09,16.84,65.09,33.52,7.18,0.01,3.67
2018-01-13 00:00:00+00:00,11.96,11.96,33.9,33.9,0.01,27.21,23.48,0.01,3.88,0.01,23.48,5.64,64.19,33.9,7.69,0.01,3.88
2018-01-14 00:00:00+00:00,11.91,11.91,33.62,33.62,0.01,27.14,23.6,0.01,3.97,0.01,23.6,5.31,45.57,33.62,8.98,0.01,3.97
2018-01-15 00:00:00+00:00,11.92,11.92,33.45,33.45,0.01,27.06,23.88,0.01,4.56,0.01,23.88,0.01,34.68,33.45,9.83,0.01,4.56
2018-01-16 00:00:00+00:00,12.43,12.43,33.47,33.47,0.01,27.82,25.09,0.01,5.43,0.01,25.09,0.01,30.97,33.47,10.88,0.01,5.43
2018-01-17 00:00:00+00:00,12.59,12.59,31.51,31.51,0.01,27.81,25.71,0.01,6.09,0.01,25.71,0.01,14.03,31.51,11.39,0.01,6.09
2018-01-18 00:00:00+00:00,12.67,12.67,28.83,28.83,0.01,27.07,25.56,0.01,5.99,0.01,25.56,0.01,4.91,28.83,10.88,0.01,5.99
2018-01-19 00:00:00+00:00,12.97,12.97,27.13,27.13,0.01,26.1,25.18,0.01,5.2,0.01,25.18,0.01,8.37,27.13,10.39,0.01,5.2
2018-01-20 00:00:00+00:00,13.06,13.06,25.95,25.95,0.01,25.09,24.67,0.01,4.55,0.01,24.67,5.54,9.27,25.95,9.88,0.01,4.55
2018-01-21 00:00:00+00:00,13.65,13.65,24.28,24.28,0.01,25.12,24.94,0.01,5.1,0.01,24.94,0.01,8.35,24.28,9.66,0.01,5.1
2018-01-22 00:00:00+00:00,13.98,13.98,21.62,21.62,0.13,25.29,24.85,0.13,5.03,0.13,24.85,0.01,8.79,21.62,9.22,0.13,5.03
2018-01-23 00:00:00+00:00,13.81,13.81,18.47,18.47,0.49,24.4,23.97,0.49,4.81,0.49,23.97,26.24,10.58,18.47,8.86,0.49,4.81
2018-01-24 00:00:00+00:00,14.14,14.14,15.85,15.85,0.83,24.47,23.99,0.83,4.81,0.83,23.99,35.69,8.24,15.85,9.01,0.83,4.81
2018-01-25 00:00:00+00:00,14.81,14.81,13.52,13.52,1.19,25.17,24.52,1.19,5.11,1.19,24.52,32.27,11.05,13.52,9.32,1.19,5.11
2018-01-26 00:00:00+00:00,15.67,15.67,11.24,11.24,1.76,25.83,25.0,1.76,5.7,1.76,25.0,36.76,16.45,11.24,9.85,1.76,5.7
2018-01-27 00:00:00+00:00,16.43,16.43,7.86,7.86,2.29,26.11,25.53,2.29,5.56,2.29,25.53,31.41,13.78,7.86,11.27,2.29,5.56
2018-01-28 00:00:00+00:00,17.41,17.41,7.21,7.21,2.61,25.68,25.86,2.61,5.85,2.61,25.86,3.43,11.71,7.21,13.68,2.61,5.85
2018-01-29 00:00:00+00:00,18.68,18.68,11.13,11.13,2.77,25.7,26.73,2.77,6.23,2.77,26.73,8.05,16.13,11.13,15.89,2.77,6.23
2018-01-30 00:00:00+00:00,20.83,20.83,13.06,13.06,3.08,27.57,28.79,3.08,6.61,3.08,28.79,31.13,17.6,13.06,18.12,3.08,6.61
2018-01-31 00:00:00+00:00,22.92,22.92,12.75,12.75,3.57,29.73,30.85,3.57,7.65,3.57,30.85,34.16,21.3,12.75,20.45,3.57,7.65
2018-02-01 00:00:00+00:00,25.12,25.12,13.06,13.06,4.38,32.45,33.03,4.38,8.96,4.38,33.03,29.18,20.12,13.06,22.63,4.38,8.96
2018-02-02 00:00:00+00:00,26.75,26.75,14.34,14.34,5.17,33.95,34.38,5.17,9.57,5.17,34.38,39.56,21.13,14.34,23.78,5.17,9.57
2018-02-03 00:00:00+00:00,26.9,26.9,15.47,15.47,5.55,34.62,34.14,5.55,9.89,5.55,34.14,32.43,17.48,15.47,24.02,5.55,9.89
2018-02-04 00:00:00+00:00,27.1,27.1,16.17,16.17,5.78,35.45,34.07,5.78,10.69,5.78,34.07,33.73,14.86,16.17,24.57,5.78,10.69
2018-02-05 00:00:00+00:00,27.09,27.09,18.55,18.55,5.65,35.59,33.78,5.65,11.55,5.65,33.78,41.88,16.63,18.55,24.94,5.65,11.55
2018-02-06 00:00:00+00:00,26.01,26.01,20.26,20.26,5.3,34.46,32.23,5.3,11.85,5.3,32.23,49.97,13.23,20.26,24.22,5.3,11.85
2018-02-07 00:00:00+00:00,25.16,25.16,22.31,22.31,5.67,34.12,31.17,5.67,12.08,5.67,31.17,41.84,6.64,22.31,23.61,5.67,12.08
2018-02-08 00:00:00+00:00,24.37,24.37,25.24,25.24,6.08,33.89,30.28,6.08,11.44,6.08,30.28,0.01,6.19,25.24,22.51,6.08,11.44
2018-02-09 00:00:00+00:00,24.17,24.17,26.83,26.83,6.46,33.41,29.55,6.46,10.87,6.46,29.55,0.01,5.09,26.83,21.25,6.46,10.87
2018-02-10 00:00:00+00:00,24.9,24.9,28.37,28.37,6.9,33.95,30.14,6.9,11.24,6.9,30.14,5.37,0.01,28.37,21.29,6.9,11.24
2018-02-11 00:00:00+00:00,26.0,26.0,29.66,29.66,6.9,34.72,30.95,6.9,11.55,6.9,30.95,27.18,0.01,29.66,21.38,6.9,11.55
2018-02-12 00:00:00+00:00,27.22,27.22,33.9,33.9,7.02,35.62,31.84,7.02,11.95,7.02,31.84,28.76,0.01,33.9,21.87,7.02,11.95
2018-02-13 00:00:00+00:00,28.79,28.79,36.67,36.67,7.43,36.91,33.09,7.43,12.31,7.43,33.09,0.01,0.01,36.67,22.66,7.43,12.31
2018-02-14 00:00:00+00:00,30.12,30.12,37.84,37.84,7.85,38.07,34.13,7.85,12.54,7.85,34.13,0.01,0.01,37.84,22.99,7.85,12.54
2018-02-15 00:00:00+00:00,31.32,31.32,38.9,38.9,8.07,39.1,35.18,8.07,13.03,8.07,35.18,0.01,0.01,38.9,23.62,8.07,13.03
2018-02-16 00:00:00+00:00,33.07,33.07,40.6,40.6,7.8,40.79,36.93,7.8,14.74,7.8,36.93,0.01,0.01,40.6,24.8,7.8,14.74
2018-02-17 00:00:00+00:00,33.9,33.9,41.44,41.44,6.81,41.74,37.98,6.81,15.58,6.81,37.98,0.01,0.01,41.44,25.6,6.81,15.58
2018-02-18 00:00:00+00:00,34.14,34.14,41.42,41.42,5.94,41.61,38.18,5.94,15.8,5.94,38.18,14.0,0.01,41.42,26.11,5.94,15.8
2018-02-19 00:00:00+00:00,34.7,34.7,41.75,41.75,6.05,41.77,38.6,6.05,16.42,6.05,38.6,8.17,0.01,41.75,27.01,6.05,16.42
2018-02-20 00:00:00+00:00,35.66,35.66,42.26,42.26,6.21,43.57,39.42,6.21,17.21,6.21,39.42,8.45,0.01,42.26,27.69,6.21,17.21
2018-02-21 00:00:00+00:00,35.45,35.45,41.17,41.17,6.27,45.1,39.03,6.27,17.99,6.27,39.03,17.33,0.01,41.17,27.23,6.27,17.99
2018-02-22 00:00:00+00:00,35.6,35.6,40.83,40.83,6.53,46.37,38.83,6.53,18.51,6.53,38.83,6.55,0.01,40.83,26.99,6.53,18.51
2018-02-23 00:00:00+00:00,35.81,35.81,40.19,40.19,7.16,48.21,38.4,7.16,18.6,7.16,38.4,0.01,8.17,40.19,26.47,7.16,18.6
2018-02-24 00:00:00+00:00,36.45,36.45,40.38,40.38,7.52,51.26,38.78,7.52,19.18,7.52,38.78,35.29,9.15,40.38,26.52,7.52,19.18
2018-02-25 00:00:00+00:00,37.34,37.34,40.73,40.73,8.1,54.71,39.26,8.1,19.98,8.1,39.26,62.11,15.87,40.73,26.94,8.1,19.98
2018-02-26 00:00:00+00:00,38.07,38.07,40.96,40.96,8.95,57.32,39.6,8.95,20.47,8.95,39.6,41.59,13.35,40.96,27.44,8.95,20.47
2018-02-27 00:00:00+00:00,39.14,39.14,41.91,41.91,10.28,60.75,40.45,10.28,21.13,10.28,40.45,7.66,15.23,41.91,28.67,10.28,21.13
2018-02-28 00:00:00+00:00,40.32,40.32,43.01,43.01,11.89,64.96,41.73,11.89,23.37,11.89,41.73,0.01,13.37,43.01,30.07,11.89,23.37
2018-03-01 00:00:00+00:00,41.09,41.09,43.1,43.1,13.1,68.78,42.24,13.1,26.54,13.1,42.24,0.01,16.84,43.1,30.63,13.1,26.54
2018-03-02 00:00:00+00:00,40.96,40.96,42.62,42.62,14.1,72.42,42.31,14.1,27.66,14.1,42.31,0.01,19.22,42.62,30.95,14.1,27.66
2018-03-03 00:00:00+00:00,40.26,40.26,41.62,41.62,14.77,73.16,41.86,14.77,27.22,14.77,41.86,0.01,37.98,41.62,30.55,14.77,27.22
2018-03-04 00:00:00+00:00,39.53,39.53,40.7,40.7,14.52,72.27,41.4,14.52,26.71,14.52,41.4,31.35,36.0,40.7,30.47,14.52,26.71
2018-03-05 00:00:00+00:00,39.33,39.33,40.23,40.23,14.31,70.99,40.91,14.31,26.11,14.31,40.91,35.28,25.35,40.23,30.32,14.31,26.11
2018-03-06 00:00:00+00:00,38.59,38.59,39.08,39.08,14.13,69.29,39.66,14.13,25.17,14.13,39.66,10.85,36.54,39.08,29.36,14.13,25.17
2018-03-07 00:00:00+00:00,38.06,38.06,37.92,37.92,14.12,70.06,38.66,14.12,24.38,14.12,38.66,0.01,40.7,37.92,28.69,14.12,24.38
2018-03-08 00:00:00+00:00,38.52,38.52,37.42,37.42,14.63,73.47,38.72,14.63,24.04,14.63,38.72,0.01,36.22,37.42,28.89,14.63,24.04
2018-03-09 00:00:00+00:00,38.86,38.86,36.66,36.66,15.13,76.21,38.54,15.13,23.94,15.13,38.54,0.01,35.47,36.66,29.39,15.13,23.94
2018-03-10 00:00:00+00:00,39.17,39.17,35.89,35.89,15.19,77.93,38.33,15.19,24.65,15.19,38.33,9.33,36.64,35.89,29.69,15.19,24.65
2018-03-11 00:00:00+00:00,39.8,39.8,36.19,36.19,15.21,79.6,38.44,15.21,25.52,15.21,38.44,29.05,26.94,36.19,30.02,15.21,25.52
2018-03-12 00:00:00+00:00,40.5,40.5,36.98,36.98,15.29,81.16,38.57,15.29,25.0,15.29,38.57,31.06,24.97,36.98,30.34,15.29,25.0
2018-03-13 00:00:00+00:00,42.22,42.22,37.61,37.61,15.73,81.16,38.6,15.73,24.56,15.73,38.6,31.18,24.35,37.61,31.07,15.73,24.56
2018-03-14 00:00:00+00:00,44.82,44.82,38.72,38.72,16.53,79.94,38.84,16.53,24.77,16.53,38.84,11.53,28.95,38.72,33.44,16.53,24.77
2018-03-15 00:00:00+00:00,45.99,45.99,38.19,38.19,17.36,75.81,38.16,17.36,24.79,17.36,38.16,0.01,32.49,38.19,35.7,17.36,24.79
2018-03-16 00:00:00+00:00,47.18,47.18,38.9,38.9,18.97,75.52,38.48,18.97,25.74,18.97,38.48,9.93,31.19,38.9,38.58,18.97,25.74
2018-03-17 00:00:00+00:00,48.47,48.47,40.24,40.24,20.49,74.92,39.3,20.49,27.5,20.49,39.3,45.64,34.3,40.24,40.73,20.49,27.5
2018-03-18 00:00:00+00:00,48.98,48.98,40.88,40.88,20.92,76.39,39.63,20.92,28.55,20.92,39.63,80.0,38.44,40.88,41.77,20.92,28.55
2018-03-19 00:00:00+00:00,49.56,49.56,41.53,41.53,21.65,78.33,39.98,21.65,28.14,21.65,39.98,72.23,41.82,41.53,42.17,21.65,28.14
2018-03-20 00:00:00+00:00,50.98,50.98,42.6,42.6,23.31,80.79,40.7,23.31,30.07,23.31,40.7,37.42,37.83,42.6,43.03,23.31,30.07
2018-03-21 00:00:00+00:00,52.33,52.33,42.74,42.74,24.83,81.12,41.03,24.83,31.55,24.83,41.03,23.4,35.32,42.74,43.48,24.83,31.55
2018-03-22 00:00:00+00:00,49.54,49.54,41.8,41.8,25.9,78.82,40.68,25.9,31.82,25.9,40.68,12.61,35.7,41.8,43.74,25.9,31.82
2018-03-23 00:00:00+00:00,46.62,46.62,41.65,41.65,27.86,77.71,40.69,27.86,31.75,27.86,40.69,18.14,39.65,41.65,45.57,27.86,31.75
2018-03-24 00:00:00+00:00,44.64,44.64,40.74,40.74,28.78,80.62,40.15,28.78,29.84,28.78,40.15,47.26,39.73,40.74,44.61,28.78,29.84
2018-03-25 00:00:00+00:00,44.54,44.54,40.56,40.56,29.91,83.81,40.1,29.91,29.56,29.91,40.1,42.63,39.7,40.56,45.71,29.91,29.56
2018-03-26 00:00:00+00:00,44.25,44.25,40.1,40.1,31.33,83.61,40.05,31.33,29.6,31.33,40.05,45.32,41.8,40.1,46.73,31.33,29.6
2018-03-27 00:00:00+00:00,43.39,43.39,37.2,37.2,32.66,81.32,38.99,32.66,29.55,32.66,38.99,42.91,38.12,37.2,47.11,32.66,29.55
2018-03-28 00:00:00+00:00,43.25,43.25,35.32,35.32,34.64,80.46,38.6,34.64,29.87,34.64,38.6,38.92,40.23,35.32,49.29,34.64,29.87
2018-03-29 00:00:00+00:00,43.95,43.95,35.67,35.67,37.25,81.22,38.96,37.25,30.45,37.25,38.96,5.18,51.14,35.67,53.69,37.25,30.45
2018-03-30 00:00:00+00:00,44.19,44.19,35.54,35.54,39.42,81.3,39.0,39.42,30.76,39.42,39.0,0.01,73.17,35.54,54.33,39.42,30.76
2018-03-31 00:00:00+00:00,44.48,44.48,34.34,34.34,40.23,80.39,39.02,40.23,31.74,40.23,39.02,0.01,69.04,34.34,55.55,40.23,31.74
2018-04-01 00:00:00+00:00,44.55,44.55,32.71,32.71,40.57,71.2,38.9,40.57,32.79,40.57,38.9,37.26,73.22,32.71,56.74,40.57,32.79
2018-04-02 00:00:00+00:00,42.27,42.27,32.05,32.05,41.12,71.38,38.91,41.12,34.32,41.12,38.91,69.87,72.37,32.05,57.48,41.12,34.32
2018-04-03 00:00:00+00:00,40.96,40.96,32.45,32.45,42.27,73.27,39.33,42.27,35.95,42.27,39.33,56.95,62.31,32.45,58.04,42.27,35.95
2018-04-04 00:00:00+00:00,40.55,40.55,32.48,32.48,43.14,71.68,38.95,43.14,36.21,43.14,38.95,33.36,63.43,32.48,57.22,43.14,36.21
2018-04-05 00:00:00+00:00,40.26,40.26,32.57,32.57,43.9,74.52,38.59,43.9,35.97,43.9,38.59,0.01,61.84,32.57,56.63,43.9,35.97
2018-04-06 00:00:00+00:00,40.3,40.3,32.77,32.77,45.05,77.22,38.43,45.05,36.8,45.05,38.43,0.01,56.48,32.77,56.56,45.05,36.8
2018-04-07 00:00:00+00:00,40.59,40.59,32.77,32.77,46.14,76.33,38.24,46.14,37.63,46.14,38.24,17.34,55.16,32.77,56.73,46.14,37.63
2018-04-08 00:00:00+00:00,40.38,40.38,33.13,33.13,49.42,71.7,38.24,49.42,37.94,49.42,38.24,38.71,53.6,33.13,58.17,49.42,37.94
2018-04-09 00:00:00+00:00,39.86,39.86,33.94,33.94,53.24,66.64,38.27,53.24,38.66,53.24,38.27,43.47,53.66,33.94,61.59,53.24,38.66
2018-04-10 00:00:00+00:00,39.87,39.87,35.42,35.42,56.65,64.26,38.52,56.65,39.98,56.65,38.52,45.35,48.01,35.42,65.58,56.65,39.98
2018-04-11 00:00:00+00:00,40.1,40.1,36.72,36.72,61.45,68.43,39.07,61.45,41.18,61.45,39.07,41.48,47.32,36.72,69.63,61.45,41.18
2018-04-12 00:00:00+00:00,40.33,40.33,37.74,37.74,69.51,63.67,39.6,69.51,41.78,69.51,39.6,46.19,48.25,37.74,74.11,69.51,41.78
2018-04-13 00:00:00+00:00,40.34,40.34,38.34,38.34,73.62,55.06,39.84,73.62,41.79,73.62,39.84,51.47,48.98,38.34,77.99,73.62,41.79
2018-04-14 00:00:00+00:00,40.17,40.17,38.42,38.42,75.93,53.61,39.63,75.93,41.6,75.93,39.63,44.53,47.1,38.42,79.99,75.93,41.6
2018-04-15 00:00:00+00:00,39.21,39.21,37.99,37.99,76.91,58.83,38.81,76.91,40.68,76.91,38.81,30.15,49.65,37.99,78.61,76.91,40.68
2018-04-16 00:00:00+00:00,38.28,38.28,37.87,37.87,77.12,60.7,38.6,77.12,39.83,77.12,38.6,1.41,38.56,37.87,77.12,77.12,39.83
2018-04-17 00:00:00+00:00,36.78,36.78,36.87,36.87,74.5,50.71,37.79,74.5,38.48,74.5,37.79,0.01,30.3,36.87,74.24,74.5,38.48
2018-04-18 00:00:00+00:00,35.78,35.78,35.5,35.5,69.96,31.25,37.2,69.96,37.52,69.96,37.2,0.01,23.0,35.5,69.74,69.96,37.52
2018-04-19 00:00:00+00:00,35.0,35.0,33.9,33.9,65.57,19.63,36.57,65.57,36.61,65.57,36.57,0.01,15.71,33.9,63.8,65.57,36.61
2018-04-20 00:00:00+00:00,34.23,34.23,32.06,32.06,59.05,8.99,35.99,59.05,35.36,59.05,35.99,9.38,0.01,32.06,57.52,59.05,35.36
2018-04-21 00:00:00+00:00,33.87,33.87,31.09,31.09,52.98,0.01,35.65,52.98,34.26,52.98,35.65,15.77,0.01,31.09,54.08,52.98,34.26
2018-04-22 00:00:00+00:00,33.92,33.92,30.94,30.94,49.36,0.01,35.77,49.36,32.85,49.36,35.77,21.39,0.01,30.94,52.43,49.36,32.85
2018-04-23 00:00:00+00:00,33.64,33.64,29.9,29.9,47.1,0.01,35.42,47.1,30.46,47.1,35.42,25.69,0.01,29.9,49.8,47.1,30.46
2018-04-24 00:00:00+00:00,32.97,32.97,28.44,28.44,44.17,0.01,34.63,44.17,27.74,44.17,34.63,38.78,3.83,28.44,46.79,44.17,27.74
2018-04-25 00:00:00+00:00,32.13,32.13,27.21,27.21,40.69,0.01,33.66,40.69,25.01,40.69,33.66,34.65,7.95,27.21,43.49,40.69,25.01
2018-04-26 00:00:00+00:00,32.02,32.02,26.88,26.88,40.62,0.01,33.51,40.62,23.54,40.62,33.51,19.41,10.76,26.88,41.04,40.62,23.54
2018-04-27 00:00:00+00:00,31.97,31.97,26.69,26.69,40.85,11.93,33.48,40.85,23.75,40.85,33.48,3.63,8.66,26.69,39.92,40.85,23.75
2018-04-28 00:00:00+00:00,31.71,31.71,26.5,26.5,41.21,20.15,33.4,41.21,22.1,41.21,33.4,60.4,2.85,26.5,39.68,41.21,22.1
2018-04-29 00:00:00+00:00,31.02,31.02,25.9,25.9,40.29,22.01,32.78,40.29,21.11,40.29,32.78,68.02,1.86,25.9,39.17,40.29,21.11
2018-04-30 00:00:00+00:00,29.34,29.34,24.59,24.59,37.5,22.12,31.06,37.5,20.07,37.5,31.06,64.68,5.39,24.59,37.66,37.5,20.07
2018-05-01 00:00:00+00:00,29.04,29.04,24.47,24.47,36.87,23.21,30.96,36.87,19.78,36.87,30.96,53.11,3.69,24.47,36.5,36.87,19.78
2018-05-02 00:00:00+00:00,28.25,28.25,24.16,24.16,36.67,23.73,30.56,36.67,20.13,36.67,30.56,0.01,0.01,24.16,35.57,36.67,20.13
2018-05-03 00:00:00+00:00,26.05,26.05,22.63,22.63,35.28,22.7,28.66,35.28,20.05,35.28,28.66,12.4,0.01,22.63,33.48,35.28,20.05
2018-05-04 00:00:00+00:00,23.46,23.46,20.51,20.51,30.96,20.5,25.94,30.96,19.29,30.96,25.94,28.94,0.01,20.51,29.93,30.96,19.29
2018-05-05 00:00:00+00:00,22.2,22.2,19.62,19.62,25.99,17.87,24.6,25.99,17.83,25.99,24.6,51.97,0.01,19.62,26.59,25.99,17.83
2018-05-06 00:00:00+00:00,21.6,21.6,19.43,19.43,23.75,14.67,24.0,23.75,14.42,23.75,24.0,35.71,0.01,19.43,25.08,23.75,14.42
2018-05-07 00:00:00+00:00,20.73,20.73,18.75,18.75,21.04,11.1,22.93,21.04,9.57,21.04,22.93,49.0,0.01,18.75,23.6,21.04,9.57
2018-05-08 00:00:00+00:00,20.76,20.76,18.27,18.27,17.99,7.35,22.35,17.99,4.49,17.99,22.35,39.58,0.01,18.27,22.61,17.99,4.49
2018-05-09 00:00:00+00:00,21.25,21.25,18.32,18.32,13.32,2.79,21.82,13.32,0.01,13.32,21.82,0.01,0.01,18.32,21.6,13.32,0.01
2018-05-10 00:00:00+00:00,21.94,21.94,18.72,18.72,7.83,0.01,21.22,7.83,0.01,7.83,21.22,0.01,0.01,18.72,20.9,7.83,0.01
2018-05-11 00:00:00+00:00,23.19,23.19,19.23,19.23,3.14,0.01,21.07,3.14,0.01,3.14,21.07,31.18,0.01,19.23,20.71,3.14,0.01
2018-05-12 00:00:00+00:00,23.97,23.97,18.96,18.96,0.01,0.01,20.36,0.01,0.01,0.01,20.36,49.26,0.01,18.96,20.17,0.01,0.01
2018-05-13 00:00:00+00:00,24.86,24.86,18.68,18.68,0.01,0.01,19.8,0.01,0.01,0.01,19.8,53.98,0.01,18.68,19.64,0.01,0.01
2018-05-14 00:00:00+00:00,26.08,26.08,18.56,18.56,0.01,0.01,19.35,0.01,0.01,0.01,19.35,57.66,2.7,18.56,19.52,0.01,0.01
2018-05-15 00:00:00+00:00,26.17,26.17,17.69,17.69,0.01,0.01,18.23,0.01,0.01,0.01,18.23,36.49,6.95,17.69,20.06,0.01,0.01
2018-05-16 00:00:00+00:00,27.01,27.01,17.32,17.32,0.01,0.01,17.88,0.01,0.01,0.01,17.88,1.51,8.53,17.32,21.4,0.01,0.01
2018-05-17 00:00:00+00:00,28.27,28.27,17.21,17.21,0.01,0.01,18.37,0.01,0.01,0.01,18.37,20.6,15.65,17.21,23.4,0.01,0.01
2018-05-18 00:00:00+00:00,29.89,29.89,17.49,17.49,0.01,0.01,19.43,0.01,0.01,0.01,19.43,54.58,22.9,17.49,25.55,0.01,0.01
2018-05-19 00:00:00+00:00,31.17,31.17,17.81,17.81,0.01,1.94,20.26,0.01,0.01,0.01,20.26,55.13,32.47,17.81,26.84,0.01,0.01
2018-05-20 00:00:00+00:00,32.12,32.12,18.19,18.19,1.15,3.85,20.87,1.15,0.01,1.15,20.87,38.12,41.35,18.19,27.58,1.15,0.01
2018-05-21 00:00:00+00:00,34.11,34.11,19.22,19.22,3.3,5.45,22.08,3.3,0.01,3.3,22.08,29.26,75.43,19.22,28.86,3.3,0.01
2018-05-22 00:00:00+00:00,35.71,35.71,20.05,20.05,5.3,7.34,23.27,5.3,1.08,5.3,23.27,39.55,77.94,20.05,29.64,5.3,1.08
2018-05-23 00:00:00+00:00,36.66,36.66,20.5,20.5,8.26,9.52,23.85,8.26,1.71,8.26,23.85,32.05,78.74,20.5,30.13,8.26,1.71
2018-05-24 00:00:00+00:00,37.44,37.44,21.18,21.18,12.83,12.5,24.36,12.83,2.73,12.83,24.36,18.15,79.22,21.18,30.64,12.83,2.73
2018-05-25 00:00:00+00:00,38.41,38.41,21.51,21.51,15.57,13.87,24.96,15.57,3.12,15.57,24.96,42.03,80.24,21.51,31.48,15.57,3.12
2018-05-26 00:00:00+00:00,39.15,39.15,21.68,21.68,15.83,13.82,25.45,15.83,5.36,15.83,25.45,56.6,68.9,21.68,31.95,15.83,5.36
2018-05-27 00:00:00+00:00,39.02,39.02,22.35,22.35,15.42,14.08,26.27,15.42,8.62,15.42,26.27,37.24,65.68,22.35,32.13,15.42,8.62
2018-05-28 00:00:00+00:00,37.96,37.96,22.18,22.18,18.02,13.92,27.65,18.02,9.82,18.02,27.65,39.34,78.95,22.18,32.48,18.02,9.82
2018-05-29 00:00:00+00:00,36.17,36.17,21.7,21.7,18.79,13.19,28.03,18.79,8.81,18.79,28.03,71.43,66.16,21.7,32.77,18.79,8.81
2018-05-30 00:00:00+00:00,34.01,34.01,21.0,21.0,17.72,12.58,28.14,17.72,6.34,17.72,28.14,85.35,74.22,21.0,33.3,17.72,6.34
2018-05-31 00:00:00+00:00,32.75,32.75,19.96,19.96,16.23,13.21,28.45,16.23,4.83,16.23,28.45,86.81,80.83,19.96,34.08,16.23,4.83
2018-06-01 00:00:00+00:00,32.46,32.46,19.02,19.02,14.55,13.22,28.65,14.55,0.01,14.55,28.65,88.19,83.29,19.02,36.05,14.55,0.01
2018-06-02 00:00:00+00:00,31.96,31.96,18.2,18.2,10.76,13.34,29.0,10.76,0.01,10.76,29.0,69.27,89.64,18.2,37.49,10.76,0.01
2018-06-03 00:00:00+00:00,30.88,30.88,18.0,18.0,9.24,13.76,29.26,9.24,0.01,9.24,29.26,35.06,90.75,18.0,38.58,9.24,0.01
2018-06-04 00:00:00+00:00,30.12,30.12,18.89,18.89,6.65,14.48,29.81,6.65,7.78,6.65,29.81,33.54,91.89,18.89,39.57,6.65,7.78
2018-06-05 00:00:00+00:00,30.21,30.21,20.06,20.06,5.84,15.73,30.55,5.84,17.57,5.84,30.55,53.04,82.5,20.06,40.75,5.84,17.57
2018-06-06 00:00:00+00:00,30.59,30.59,20.97,20.97,12.81,19.44,31.61,12.81,22.59,12.81,31.61,46.12,45.86,20.97,42.31,12.81,22.59
2018-06-07 00:00:00+00:00,31.06,31.06,21.4,21.4,18.01,22.13,32.7,18.01,25.78,18.01,32.7,12.67,43.2,21.4,43.31,18.01,25.78
2018-06-08 00:00:00+00:00,31.41,31.41,20.34,20.34,17.98,25.83,33.29,17.98,31.22,17.98,33.29,27.6,43.48,20.34,43.52,17.98,31.22
2018-06-09 00:00:00+00:00,31.22,31.22,18.02,18.02,15.55,30.02,33.76,15.55,35.06,15.55,33.76,72.42,34.17,18.02,43.27,15.55,35.06
2018-06-10 00:00:00+00:00,29.67,29.67,16.92,16.92,17.55,32.65,34.18,17.55,30.47,17.55,34.18,86.88,36.54,16.92,42.86,17.55,30.47
2018-06-11 00:00:00+00:00,28.58,28.58,16.53,16.53,21.14,36.64,34.35,21.14,28.69,21.14,34.35,90.42,39.7,16.53,41.84,21.14,28.69
2018-06-12 00:00:00+00:00,29.08,29.08,16.13,16.13,23.57,39.26,34.86,23.57,24.56,23.57,34.86,89.69,40.77,16.13,41.87,23.57,24.56
2018-06-13 00:00:00+00:00,29.17,29.17,15.37,15.37,25.7,41.5,35.16,25.7,19.37,25.7,35.16,70.27,37.59,15.37,42.91,25.7,19.37
2018-06-14 00:00:00+00:00,27.44,27.44,13.66,13.66,28.19,43.76,35.15,28.19,18.29,28.19,35.15,25.34,27.8,13.66,43.34,28.19,18.29
2018-06-15 00:00:00+00:00,24.8,24.8,11.74,11.74,30.67,43.68,35.15,30.67,19.91,30.67,35.15,0.01,32.01,11.74,43.45,30.67,19.91
2018-06-16 00:00:00+00:00,23.39,23.39,10.15,10.15,32.25,43.4,35.28,32.25,21.36,32.25,35.28,0.01,25.63,10.15,43.31,32.25,21.36
2018-06-17 00:00:00+00:00,22.97,22.97,9.5,9.5,34.62,43.27,35.47,34.62,22.73,34.62,35.47,38.91,32.1,9.5,42.98,34.62,22.73
2018-06-18 00:00:00+00:00,23.17,23.17,9.16,9.16,36.87,43.77,36.06,36.87,24.06,36.87,36.06,62.4,36.85,9.16,42.86,36.87,24.06
2018-06-19 00:00:00+00:00,24.03,24.03,8.3,8.3,39.25,44.8,36.97,39.25,27.53,39.25,36.97,58.41,35.96,8.3,42.59,39.25,27.53
2018-06-20 00:00:00+00:00,26.2,26.2,7.79,7.79,42.37,46.85,38.12,42.37,29.88,42.37,38.12,49.02,41.35,7.79,43.32,42.37,29.88
2018-06-21 00:00:00+00:00,28.41,28.41,7.52,7.52,42.95,49.33,39.19,42.95,32.45,42.95,39.19,43.57,43.57,7.52,44.44,42.95,32.45
2018-06-22 00:00:00+00:00,30.47,30.47,7.41,7.41,43.15,50.63,40.66,43.15,34.4,43.15,40.66,48.04,49.68,7.41,45.61,43.15,34.4
2018-06-23 00:00:00+00:00,33.66,33.66,7.82,7.82,41.34,51.72,41.78,41.34,35.56,41.34,41.78,89.81,59.88,7.82,46.52,41.34,35.56
2018-06-24 00:00:00+00:00,36.05,36.05,8.83,8.83,40.35,52.89,42.68,40.35,37.08,40.35,42.68,91.36,76.74,8.83,47.74,40.35,37.08
2018-06-25 00:00:00+00:00,37.87,37.87,9.92,9.92,43.76,54.44,43.25,43.76,38.87,43.76,43.25,89.37,75.2,9.92,49.38,43.76,38.87
2018-06-26 00:00:00+00:00,39.95,39.95,11.0,11.0,47.69,56.12,44.03,47.69,41.37,47.69,44.03,43.81,69.09,11.0,52.14,47.69,41.37
2018-06-27 00:00:00+00:00,42.63,42.63,11.7,11.7,52.44,57.95,44.93,52.44,45.5,52.44,44.93,4.05,46.27,11.7,57.2,52.44,45.5
2018-06-28 00:00:00+00:00,44.4,44.4,11.7,11.7,54.73,59.55,45.69,54.73,48.6,54.73,45.69,35.91,67.05,11.7,65.8,54.73,48.6
2018-06-29 00:00:00+00:00,46.07,46.07,10.53,10.53,56.37,61.04,46.56,56.37,50.31,56.37,46.56,15.42,75.16,10.53,73.3,56.37,50.31
2018-06-30 00:00:00+00:00,48.73,48.73,8.44,8.44,52.7,62.57,47.27,52.7,51.78,52.7,47.27,46.48,61.53,8.44,79.1,52.7,51.78
2018-07-01 00:00:00+00:00,50.55,50.55,7.21,7.21,51.27,63.6,48.09,51.27,52.84,51.27,48.09,54.69,67.35,7.21,85.77,51.27,52.84
2018-07-02 00:00:00+00:00,52.38,52.38,6.95,6.95,64.62,64.84,49.23,64.62,53.52,64.62,49.23,26.97,94.44,6.95,90.17,64.62,53.52
2018-07-03 00:00:00+00:00,53.27,53.27,6.88,6.88,71.14,65.48,50.06,71.14,54.47,71.14,50.06,31.27,77.45,6.88,93.06,71.14,54.47
2018-07-04 00:00:00+00:00,54.0,54.0,6.9,6.9,74.89,66.33,51.13,74.89,55.27,74.89,51.13,67.0,45.65,6.9,93.81,74.89,55.27
2018-07-05 00:00:00+00:00,54.87,54.87,6.96,6.96,74.74,67.42,52.41,74.74,56.81,74.74,52.41,91.71,29.07,6.96,93.76,74.74,56.81
2018-07-06 00:00:00+00:00,55.8,55.8,7.65,7.65,66.42,68.39,53.3,66.42,58.31,66.42,53.3,100.43,31.72,7.65,93.33,66.42,58.31
2018-07-07 00:00:00+00:00,57.31,57.31,8.93,8.93,59.56,69.79,54.42,59.56,59.67,59.56,54.42,54.6,61.98,8.93,93.62,59.56,59.67
2018-07-08 00:00:00+00:00,58.56,58.56,9.78,9.78,56.15,71.23,55.57,56.15,61.54,56.15,55.57,27.77,62.44,9.78,94.65,56.15,61.54
2018-07-09 00:00:00+00:00,59.04,59.04,10.3,10.3,59.4,72.38,56.55,59.4,63.23,59.4,56.55,0.01,71.36,10.3,93.87,59.4,63.23
2018-07-10 00:00:00+00:00,59.55,59.55,11.09,11.09,60.81,73.58,57.52,60.81,64.57,60.81,57.52,0.01,63.49,11.09,92.28,60.81,64.57
2018-07-11 00:00:00+00:00,59.79,59.79,11.94,11.94,62.59,74.67,58.17,62.59,65.36,62.59,58.17,16.94,63.49,11.94,91.13,62.59,65.36
2018-07-12 00:00:00+00:00,59.77,59.77,12.93,12.93,66.42,75.51,58.68,66.42,65.14,66.42,58.68,28.68,43.95,12.93,92.49,66.42,65.14
2018-07-13 00:00:00+00:00,59.85,59.85,13.86,13.86,67.11,76.35,59.56,67.11,65.41,67.11,59.56,11.59,40.85,13.86,93.52,67.11,65.41
2018-07-14 00:00:00+00:00,60.18,60.18,15.05,15.05,63.33,77.27,60.96,63.33,66.0,63.33,60.96,58.05,33.0,15.05,94.27,63.33,66.0
2018-07-15 00:00:00+00:00,61.94,61.94,16.4,16.4,60.96,78.37,62.61,60.96,67.09,60.96,62.61,69.14,45.87,16.4,95.59,60.96,67.09
2018-07-16 00:00:00+00:00,63.85,63.85,17.74,17.74,74.8,79.31,64.12,74.8,67.8,74.8,64.12,39.58,44.38,17.74,96.95,74.8,67.8
2018-07-17 00:00:00+00:00,67.6,67.6,18.69,18.69,76.67,80.11,65.69,76.67,68.29,76.67,65.69,57.04,38.73,18.69,96.99,76.67,68.29
2018-07-18 00:00:00+00:00,74.37,74.37,20.61,20.61,75.37,80.99,67.31,75.37,68.71,75.37,67.31,49.31,48.71,20.61,97.79,75.37,68.71
2018-07-19 00:00:00+00:00,80.19,80.19,24.51,24.51,78.27,82.09,69.05,78.27,69.32,78.27,69.05,32.89,52.09,24.51,98.58,78.27,69.32
2018-07-20 00:00:00+00:00,82.74,82.74,27.32,27.32,76.54,82.77,70.71,76.54,70.11,76.54,70.71,36.95,68.24,27.32,99.0,76.54,70.11
2018-07-21 00:00:00+00:00,84.48,84.48,28.47,28.47,60.33,83.15,71.95,60.33,70.26,60.33,71.95,66.88,67.6,28.47,96.57,60.33,70.26
2018-07-22 00:00:00+00:00,84.74,84.74,30.26,30.26,51.02,82.94,72.67,51.02,70.15,51.02,72.67,86.12,65.64,30.26,93.26,51.02,70.15
2018-07-23 00:00:00+00:00,84.92,84.92,32.42,32.42,48.52,82.75,73.6,48.52,70.36,48.52,73.6,64.86,65.88,32.42,91.46,48.52,70.36
2018-07-24 00:00:00+00:00,86.15,86.15,33.24,33.24,50.61,83.0,74.66,50.61,70.71,50.61,74.66,14.37,62.04,33.24,90.53,50.61,70.71
2018-07-25 00:00:00+00:00,89.03,89.03,34.54,34.54,54.71,83.6,75.83,54.71,71.09,54.71,75.83,19.48,78.5,34.54,88.99,54.71,71.09
2018-07-26 00:00:00+00:00,91.51,91.51,35.92,35.92,51.78,84.06,76.78,51.78,71.68,51.78,76.78,8.54,77.42,35.92,88.4,51.78,71.68
2018-07-27 00:00:00+00:00,91.69,91.69,36.6,36.6,45.39,84.26,78.08,45.39,71.63,45.39,78.08,0.01,66.49,36.6,90.42,45.39,71.63
2018-07-28 00:00:00+00:00,88.78,88.78,38.72,38.72,37.2,84.25,79.3,37.2,71.24,37.2,79.3,0.01,83.71,38.72,98.3,37.2,71.24
2018-07-29 00:00:00+00:00,85.58,85.58,43.25,43.25,28.76,84.32,80.69,28.76,71.65,28.76,80.69,46.47,97.96,43.25,104.95,28.76,71.65
2018-07-30 00:00:00+00:00,83.24,83.24,46.15,46.15,15.3,82.74,80.3,15.3,70.08,15.3,80.3,30.85,78.52,46.15,94.69,15.3,70.08
2018-07-31 00:00:00+00:00,80.99,80.99,48.95,48.95,1.69,80.1,79.12,1.69,66.48,1.69,79.12,38.16,56.07,48.95,56.27,1.69,66.48
2018-08-01 00:00:00+00:00,79.4,79.4,50.9,50.9,0.01,78.1,78.82,0.01,63.97,0.01,78.82,47.24,49.94,50.9,50.85,0.01,63.97
2018-08-02 00:00:00+00:00,79.21,79.21,49.46,49.46,0.01,76.34,79.27,0.01,62.96,0.01,79.27,17.11,23.58,49.46,50.93,0.01,62.96
2018-08-03 00:00:00+00:00,79.86,79.86,48.35,48.35,0.01,74.39,79.92,0.01,61.9,0.01,79.92,48.72,0.01,48.35,56.17,0.01,61.9
2018-08-04 00:00:00+00:00,79.65,79.65,46.31,46.31,0.01,72.37,79.71,0.01,60.39,0.01,79.71,87.5,10.66,46.31,65.51,0.01,60.39
2018-08-05 00:00:00+00:00,78.92,78.92,39.83,39.83,0.01,70.96,79.85,0.01,59.74,0.01,79.85,58.52,21.76,39.83,72.03,0.01,59.74
2018-08-06 00:00:00+00:00,77.7,77.7,33.81,33.81,0.01,70.17,80.34,0.01,59.32,0.01,80.34,30.23,39.58,33.81,70.13,0.01,59.32
2018-08-07 00:00:00+00:00,76.6,76.6,29.03,29.03,0.01,69.5,80.53,0.01,58.14,0.01,80.53,51.82,9.81,29.03,65.91,0.01,58.14
2018-08-08 00:00:00+00:00,75.18,75.18,27.93,27.93,0.01,68.9,80.48,0.01,57.46,0.01,80.48,44.06,22.92,27.93,67.19,0.01,57.46
2018-08-09 00:00:00+00:00,71.02,71.02,26.33,26.33,0.01,66.95,79.2,0.01,53.21,0.01,79.2,33.14,37.01,26.33,56.9,0.01,53.21
2018-08-10 00:00:00+00:00,68.38,68.38,23.09,23.09,0.01,63.76,77.23,0.01,50.53,0.01,77.23,0.01,52.28,23.09,51.75,0.01,50.53
2018-08-11 00:00:00+00:00,67.43,67.43,20.05,20.05,0.01,62.77,76.91,0.01,50.09,0.01,76.91,26.5,51.72,20.05,53.13,0.01,50.09
2018-08-12 00:00:00+00:00,67.57,67.57,22.84,22.84,0.01,62.51,76.86,0.01,49.96,0.01,76.86,62.41,46.15,22.84,52.67,0.01,49.96
2018-08-13 00:00:00+00:00,68.07,68.07,30.28,30.28,0.01,62.63,76.75,0.01,49.75,0.01,76.75,51.33,42.54,30.28,53.06,0.01,49.75
2018-08-14 00:00:00+00:00,68.81,68.81,37.22,37.22,0.01,62.8,76.51,0.01,49.65,0.01,76.51,52.27,46.52,37.22,53.59,0.01,49.65
2018-08-15 00:00:00+00:00,68.41,68.41,43.19,43.19,0.01,62.63,75.31,0.01,49.27,0.01,75.31,50.48,50.47,43.19,55.32,0.01,49.27
2018-08-16 00:00:00+00:00,65.0,65.0,44.89,44.89,0.01,62.06,73.18,0.01,47.58,0.01,73.18,53.36,55.92,44.89,52.54,0.01,47.58
2018-08-17 00:00:00+00:00,62.12,62.12,43.2,43.2,0.01,61.83,72.06,0.01,45.94,0.01,72.06,64.77,77.5,43.2,50.74,0.01,45.94
2018-08-18 00:00:00+00:00,60.69,60.69,40.47,40.47,0.01,61.59,71.57,0.01,44.1,0.01,71.57,74.59,81.68,40.47,51.91,0.01,44.1
2018-08-19 00:00:00+00:00,61.09,61.09,39.76,39.76,0.01,62.07,71.96,0.01,42.74,0.01,71.96,64.53,77.79,39.76,53.84,0.01,42.74
2018-08-20 00:00:00+00:00,62.37,62.37,41.4,41.4,0.01,62.82,72.64,0.01,42.46,0.01,72.64,31.57,69.69,41.4,54.21,0.01,42.46
2018-08-21 00:00:00+00:00,63.13,63.13,39.38,39.38,0.01,62.41,72.26,0.01,41.89,0.01,72.26,0.01,63.71,39.38,57.64,0.01,41.89
2018-08-22 00:00:00+00:00,64.35,64.35,33.32,33.32,0.01,62.44,72.71,0.01,40.58,0.01,72.71,14.99,47.35,33.32,64.3,0.01,40.58
2018-08-23 00:00:00+00:00,65.3,65.3,35.26,35.26,3.16,62.97,73.37,3.16,40.17,3.16,73.37,26.08,43.01,35.26,69.61,3.16,40.17
2018-08-24 00:00:00+00:00,66.67,66.67,46.12,46.12,3.68,63.52,73.68,3.68,42.81,3.68,73.68,44.73,23.19,46.12,72.15,3.68,42.81
2018-08-25 00:00:00+00:00,69.31,69.31,53.59,53.59,0.01,64.83,74.88,0.01,45.1,0.01,74.88,76.27,35.47,53.59,74.67,0.01,45.1
2018-08-26 00:00:00+00:00,70.24,70.24,55.67,55.67,0.01,65.78,76.34,0.01,47.46,0.01,76.34,108.27,42.11,55.67,76.02,0.01,47.46
2018-08-27 00:00:00+00:00,70.28,70.28,57.91,57.91,0.01,66.5,77.17,0.01,48.62,0.01,77.17,67.65,50.53,57.91,75.97,0.01,48.62
2018-08-28 00:00:00+00:00,71.28,71.28,60.62,60.62,9.38,67.99,78.68,9.38,49.51,9.38,78.68,6.4,47.2,60.62,76.68,9.38,49.51
2018-08-29 00:00:00+00:00,71.25,71.25,61.53,61.53,11.34,68.31,78.46,11.34,49.54,11.34,78.46,11.38,43.02,61.53,75.53,11.34,49.54
2018-08-30 00:00:00+00:00,71.96,71.96,61.78,61.78,4.31,68.71,78.45,4.31,49.31,4.31,78.45,26.99,38.09,61.78,74.44,4.31,49.31
2018-08-31 00:00:00+00:00,73.17,73.17,62.45,62.45,0.01,69.78,78.71,0.01,49.64,0.01,78.71,0.01,32.96,62.45,74.2,0.01,49.64
2018-09-01 00:00:00+00:00,73.41,73.41,62.24,62.24,18.65,70.06,78.39,18.65,50.3,18.65,78.39,45.37,0.01,62.24,74.28,18.65,50.3
2018-09-02 00:00:00+00:00,73.29,73.29,62.01,62.01,28.34,69.92,77.68,28.34,50.72,28.34,77.68,81.99,0.01,62.01,73.37,28.34,50.72
2018-09-03 00:00:00+00:00,73.91,73.91,62.73,62.73,38.56,70.26,77.1,38.56,50.59,38.56,77.1,64.31,48.77,62.73,71.89,38.56,50.59
2018-09-04 00:00:00+00:00,75.53,75.53,63.96,63.96,45.71,70.76,76.5,45.71,50.97,45.71,76.5,45.89,55.29,63.96,69.67,45.71,50.97
2018-09-05 00:00:00+00:00,76.46,76.46,64.96,64.96,50.97,70.64,75.12,50.97,50.8,50.97,75.12,0.01,70.83,64.96,67.45,50.97,50.8
2018-09-06 00:00:00+00:00,75.7,75.7,64.08,64.08,47.75,67.75,73.08,47.75,48.93,47.75,73.08,46.93,93.85,64.08,60.94,47.75,48.93
2018-09-07 00:00:00+00:00,73.86,73.86,60.69,60.69,33.19,62.1,70.33,33.19,44.13,33.19,70.33,55.6,49.41,60.69,53.74,33.19,44.13
2018-09-08 00:00:00+00:00,72.02,72.02,56.99,56.99,15.51,56.52,67.25,15.51,33.82,15.51,67.25,54.76,25.68,56.99,36.92,15.51,33.82
2018-09-09 00:00:00+00:00,68.46,68.46,55.58,55.58,3.14,53.53,64.37,3.14,26.47,3.14,64.37,55.56,0.01,55.58,24.28,3.14,26.47
2018-09-10 00:00:00+00:00,62.16,62.16,54.04,54.04,0.01,41.99,61.0,0.01,20.56,0.01,61.0,41.52,1.21,54.04,18.52,0.01,20.56
2018-09-11 00:00:00+00:00,56.7,56.7,51.51,51.51,0.01,28.53,58.74,0.01,13.96,0.01,58.74,28.33,0.01,51.51,18.75,0.01,13.96
2018-09-12 00:00:00+00:00,53.33,53.33,45.75,45.75,0.01,18.48,56.54,0.01,11.99,0.01,56.54,0.01,19.26,45.75,16.84,0.01,11.99
2018-09-13 00:00:00+00:00,49.18,49.18,35.32,35.32,0.01,15.31,53.99,0.01,14.63,0.01,53.99,0.01,27.04,35.32,12.61,0.01,14.63
2018-09-14 00:00:00+00:00,47.07,47.07,29.48,29.48,0.01,15.72,51.62,0.01,18.12,0.01,51.62,0.01,28.17,29.48,17.18,0.01,18.12
2018-09-15 00:00:00+00:00,42.77,42.77,25.68,25.68,0.01,15.27,48.28,0.01,18.53,0.01,48.28,0.01,30.61,25.68,19.74,0.01,18.53
2018-09-16 00:00:00+00:00,36.72,36.72,21.53,21.53,4.37,12.61,43.64,4.37,15.56,4.37,43.64,41.25,37.39,21.53,16.04,4.37,15.56
2018-09-17 00:00:00+00:00,32.38,32.38,18.39,18.39,14.53,11.18,41.39,14.53,13.45,14.53,41.39,43.84,36.92,18.39,15.06,14.53,13.45
2018-09-18 00:00:00+00:00,28.84,28.84,15.36,15.36,20.78,9.88,38.73,20.78,11.06,20.78,38.73,47.0,35.43,15.36,13.83,20.78,11.06
2018-09-19 00:00:00+00:00,25.81,25.81,12.68,12.68,25.39,10.53,37.1,25.39,8.75,25.39,37.1,33.12,46.64,12.68,14.12,25.39,8.75
2018-09-20 00:00:00+00:00,18.56,18.56,9.7,9.7,24.35,5.18,34.46,24.35,5.41,24.35,34.46,20.47,48.6,9.7,7.49,24.35,5.41
2018-09-21 00:00:00+00:00,12.27,12.27,7.52,7.52,17.86,0.01,32.84,17.86,1.87,17.86,32.84,22.58,57.8,7.52,0.01,17.86,1.87
2018-09-22 00:00:00+00:00,9.28,9.28,6.39,6.39,10.29,0.01,32.66,10.29,0.56,10.29,32.66,48.94,66.86,6.39,1.34,10.29,0.56
2018-09-23 00:00:00+00:00,8.38,8.38,6.03,6.03,8.44,0.34,33.65,8.44,0.01,8.44,33.65,70.84,70.84,6.03,5.19,8.44,0.01
2018-09-24 00:00:00+00:00,7.87,7.87,5.3,5.3,12.12,1.69,33.1,12.12,0.31,12.12,33.1,45.87,71.35,5.3,8.83,12.12,0.31
2018-09-25 00:00:00+00:00,4.44,4.44,4.09,4.09,14.95,1.46,33.04,14.95,0.01,14.95,33.04,40.72,74.26,4.09,6.05,14.95,0.01
2018-09-26 00:00:00+00:00,0.01,0.01,1.91,1.91,12.75,0.01,31.7,12.75,0.01,12.75,31.7,60.59,76.48,1.91,0.55,12.75,0.01
2018-09-27 00:00:00+00:00,0.01,0.01,0.01,0.01,11.59,0.01,32.12,11.59,0.01,11.59,32.12,56.45,79.41,0.01,0.01,11.59,0.01
2018-09-28 00:00:00+00:00,0.01,0.01,0.01,0.01,15.55,0.01,33.1,15.55,0.01,15.55,33.1,7.69,75.77,0.01,0.01,15.55,0.01
2018-09-29 00:00:00+00:00,0.01,0.01,0.01,0.01,17.39,0.24,34.84,17.39,0.01,17.39,34.84,0.01,77.02,0.01,0.01,17.39,0.01
2018-09-30 00:00:00+00:00,0.01,0.01,0.01,0.01,18.96,7.43,36.35,18.96,0.01,18.96,36.35,0.01,67.34,0.01,13.86,18.96,0.01
2018-10-01 00:00:00+00:00,0.01,0.01,0.01,0.01,25.91,16.31,37.73,25.91,0.01,25.91,37.73,0.01,72.02,0.01,23.04,25.91,0.01
2018-10-02 00:00:00+00:00,0.01,0.01,0.01,0.01,35.79,20.18,39.13,35.79,3.85,35.79,39.13,11.18,63.8,0.01,22.53,35.79,3.85
2018-10-03 00:00:00+00:00,0.01,0.01,0.01,0.01,44.63,19.6,38.97,44.63,5.19,44.63,38.97,6.61,53.38,0.01,19.0,44.63,5.19
2018-10-04 00:00:00+00:00,0.01,0.01,0.01,0.01,57.74,22.89,36.72,57.74,5.11,57.74,36.72,47.92,48.48,0.01,22.78,57.74,5.11
2018-10-05 00:00:00+00:00,0.01,0.01,0.01,0.01,69.3,19.59,33.56,69.3,5.08,69.3,33.56,63.3,48.22,0.01,21.76,69.3,5.08
2018-10-06 00:00:00+00:00,0.01,0.01,0.01,0.01,82.23,18.55,30.57,82.23,5.14,82.23,30.57,59.95,45.17,0.01,17.42,82.23,5.14
2018-10-07 00:00:00+00:00,0.01,0.01,0.01,0.01,83.89,18.22,26.87,83.89,4.36,83.89,26.87,57.43,44.87,0.01,13.9,83.89,4.36
2018-10-08 00:00:00+00:00,0.01,0.01,0.01,0.01,75.79,16.93,21.38,75.79,3.35,75.79,21.38,56.13,44.21,0.01,10.2,75.79,3.35
2018-10-09 00:00:00+00:00,0.01,0.01,0.01,0.01,73.36,18.44,18.56,73.36,3.27,73.36,18.56,64.78,47.33,0.01,9.32,73.36,3.27
2018-10-10 00:00:00+00:00,0.01,0.01,0.01,0.01,72.74,22.23,18.01,72.74,3.71,72.74,18.01,66.92,43.64,0.01,10.25,72.74,3.71
2018-10-11 00:00:00+00:00,0.01,0.01,0.01,0.01,71.79,23.86,16.75,71.79,4.54,71.79,16.75,71.79,60.74,0.01,10.49,71.79,4.54
2018-10-12 00:00:00+00:00,0.01,0.01,0.01,0.01,71.51,23.21,14.66,71.51,5.17,71.51,14.66,71.51,61.3,0.01,10.48,71.51,5.17
2018-10-13 00:00:00+00:00,0.01,0.01,0.01,0.01,71.27,19.42,11.61,71.27,5.15,71.27,11.61,71.27,64.79,0.01,13.42,71.27,5.15
2018-10-14 00:00:00+00:00,0.01,0.01,0.01,0.01,73.91,16.57,8.95,73.91,4.96,73.91,8.95,58.24,73.91,0.01,16.01,73.91,4.96
2018-10-15 00:00:00+00:00,0.01,0.01,0.01,0.01,79.93,15.05,7.21,79.93,5.05,79.93,7.21,8.87,79.93,0.01,14.04,79.93,5.05
2018-10-16 00:00:00+00:00,0.01,0.01,0.01,0.01,80.1,12.43,5.65,80.1,5.06,80.1,5.65,0.01,80.1,0.01,14.19,80.1,5.06
2018-10-17 00:00:00+00:00,0.01,0.01,0.01,0.01,78.62,10.29,4.74,78.62,6.35,78.62,4.74,0.01,78.62,0.01,18.58,78.62,6.35
2018-10-18 00:00:00+00:00,0.01,0.01,0.01,0.01,62.23,10.26,3.97,62.23,7.65,62.23,3.97,2.77,79.39,0.01,20.46,62.23,7.65
2018-10-19 00:00:00+00:00,0.01,0.01,0.01,0.01,59.49,10.78,3.32,59.49,7.66,59.49,3.32,16.11,80.49,0.01,23.08,59.49,7.66
2018-10-20 00:00:00+00:00,0.01,0.01,0.01,0.01,66.74,7.92,3.03,66.74,8.39,66.74,3.03,16.02,82.26,0.01,28.2,66.74,8.39
2018-10-21 00:00:00+00:00,0.01,0.01,0.01,0.01,70.83,2.39,2.43,70.83,9.02,70.83,2.43,5.51,74.0,0.01,32.14,70.83,9.02
2018-10-22 00:00:00+00:00,0.01,0.01,0.01,0.01,69.67,11.02,1.41,69.67,8.04,69.67,1.41,0.01,84.65,0.01,35.94,69.67,8.04
2018-10-23 00:00:00+00:00,0.01,0.01,0.01,0.01,64.06,14.45,0.83,64.06,6.16,64.06,0.83,0.01,86.56,0.01,36.69,64.06,6.16
2018-10-24 00:00:00+00:00,0.01,0.01,0.01,0.01,58.92,19.73,0.95,58.92,6.54,58.92,0.95,22.78,74.63,0.01,38.38,58.92,6.54
2018-10-25 00:00:00+00:00,0.01,0.01,2.19,2.19,56.45,26.37,0.92,56.45,8.72,56.45,0.92,21.73,49.97,2.19,38.79,56.45,8.72
2018-10-26 00:00:00+00:00,0.01,0.01,8.26,8.26,58.42,29.65,1.05,58.42,9.19,58.42,1.05,9.98,39.89,8.26,38.41,58.42,9.19
2018-10-27 00:00:00+00:00,0.85,0.85,14.13,14.13,62.18,31.51,1.41,62.18,8.46,62.18,1.41,20.95,38.78,14.13,37.37,62.18,8.46
2018-10-28 00:00:00+00:00,2.12,2.12,18.75,18.75,67.24,34.64,1.5,67.24,10.3,67.24,1.5,41.79,40.66,18.75,36.28,67.24,10.3
2018-10-29 00:00:00+00:00,3.28,3.28,23.09,23.09,71.82,36.93,1.12,71.82,10.98,71.82,1.12,51.94,39.54,23.09,34.09,71.82,10.98
2018-10-30 00:00:00+00:00,4.88,4.88,26.47,26.47,75.35,37.48,0.62,75.35,9.4,75.35,0.62,63.76,43.82,26.47,33.24,75.35,9.4
2018-10-31 00:00:00+00:00,7.81,7.81,32.61,32.61,78.34,39.51,1.08,78.34,8.76,78.34,1.08,46.86,46.79,32.61,32.57,78.34,8.76
2018-11-01 00:00:00+00:00,11.22,11.22,41.41,41.41,80.74,42.23,2.25,80.74,9.83,80.74,2.25,20.27,44.84,41.41,30.43,80.74,9.83
2018-11-02 00:00:00+00:00,15.21,15.21,46.14,46.14,82.11,45.54,2.78,82.11,10.67,82.11,2.78,20.8,45.14,46.14,28.22,82.11,10.67
2018-11-03 00:00:00+00:00,19.28,19.28,47.58,47.58,81.89,47.22,2.19,81.89,9.21,81.89,2.19,50.97,52.67,47.58,25.99,81.89,9.21
2018-11-04 00:00:00+00:00,22.03,22.03,47.35,47.35,81.18,47.96,1.85,81.18,10.2,81.18,1.85,52.23,54.73,47.35,28.72,81.18,10.2
2018-11-05 00:00:00+00:00,24.01,24.01,45.43,45.43,81.34,47.58,1.92,81.34,10.53,81.34,1.92,10.4,70.06,45.43,30.48,81.34,10.53
2018-11-06 00:00:00+00:00,27.94,27.94,44.44,44.44,84.12,47.77,2.0,84.12,9.6,84.12,2.0,0.01,74.09,44.44,31.19,84.12,9.6
2018-11-07 00:00:00+00:00,31.5,31.5,43.41,43.41,87.89,47.74,1.66,87.89,7.67,87.89,1.66,0.01,77.12,43.41,31.28,87.89,7.67
2018-11-08 00:00:00+00:00,34.56,34.56,42.74,42.74,90.46,47.75,1.71,90.46,5.76,90.46,1.71,32.07,77.22,42.74,33.54,90.46,5.76
2018-11-09 00:00:00+00:00,36.59,36.59,42.52,42.52,89.6,46.55,2.67,89.6,4.0,89.6,2.67,69.63,66.61,42.52,33.72,89.6,4.0
2018-11-10 00:00:00+00:00,37.17,37.17,42.27,42.27,84.9,33.94,2.85,84.9,0.01,84.9,2.85,58.84,60.61,42.27,16.46,84.9,0.01
2018-11-11 00:00:00+00:00,36.86,36.86,42.05,42.05,78.02,1.95,2.06,78.02,0.01,78.02,2.06,20.29,46.8,42.05,0.01,78.02,0.01
2018-11-12 00:00:00+00:00,35.93,35.93,41.65,41.65,72.18,0.01,2.41,72.18,0.01,72.18,2.41,88.04,18.05,41.65,0.01,72.18,0.01
2018-11-13 00:00:00+00:00,35.39,35.39,40.77,40.77,67.81,0.01,3.31,67.81,0.01,67.81,3.31,94.82,0.01,40.77,0.01,67.81,0.01
2018-11-14 00:00:00+00:00,35.74,35.74,43.26,43.26,65.69,0.01,4.4,65.69,0.01,65.69,4.4,57.11,0.01,43.26,0.01,65.69,0.01
2018-11-15 00:00:00+00:00,35.92,35.92,43.45,43.45,65.23,0.21,5.31,65.23,0.01,65.23,5.31,63.53,0.01,43.45,6.57,65.23,0.01
2018-11-16 00:00:00+00:00,36.48,36.48,46.38,46.38,65.0,5.28,5.26,65.0,0.01,65.0,5.26,87.63,0.01,46.38,7.72,65.0,0.01
2018-11-17 00:00:00+00:00,40.48,40.48,49.24,49.24,64.1,6.85,4.74,64.1,0.01,64.1,4.74,98.29,21.06,49.24,7.0,64.1,0.01
2018-11-18 00:00:00+00:00,42.77,42.77,50.9,50.9,64.66,8.1,4.33,64.66,0.01,64.66,4.33,99.14,26.06,50.9,8.37,64.66,0.01
2018-11-19 00:00:00+00:00,43.87,43.87,50.68,50.68,66.15,6.76,3.05,66.15,0.01,66.15,3.05,98.98,28.83,50.68,9.36,66.15,0.01
2018-11-20 00:00:00+00:00,46.07,46.07,54.2,54.2,69.21,7.0,2.12,69.21,0.01,69.21,2.12,87.77,30.57,54.2,10.83,69.21,0.01
2018-11-21 00:00:00+00:00,48.21,48.21,57.2,57.2,72.21,10.09,2.94,72.21,0.01,72.21,2.94,69.04,40.27,57.2,12.42,72.21,0.01
2018-11-22 00:00:00+00:00,48.41,48.41,58.66,58.66,73.84,11.82,2.32,73.84,0.01,73.84,2.32,0.01,42.28,58.66,12.5,73.84,0.01
2018-11-23 00:00:00+00:00,47.68,47.68,59.23,59.23,75.17,12.86,0.9,75.17,0.01,75.17,0.9,6.95,41.67,59.23,11.97,75.17,0.01
2018-11-24 00:00:00+00:00,45.93,45.93,58.79,58.79,75.82,16.24,0.37,75.82,0.01,75.82,0.37,43.77,42.66,58.79,12.58,75.82,0.01
2018-11-25 00:00:00+00:00,44.16,44.16,60.91,60.91,76.56,19.73,0.19,76.56,0.01,76.56,0.19,0.01,40.26,60.91,13.74,76.56,0.01
2018-11-26 00:00:00+00:00,42.38,42.38,62.3,62.3,77.39,21.69,0.01,77.39,0.77,77.39,0.01,0.01,36.36,62.3,14.29,77.39,0.77
2018-11-27 00:00:00+00:00,39.13,39.13,61.18,61.18,74.82,23.3,0.01,74.82,1.09,74.82,0.01,0.01,33.37,61.18,14.07,74.82,1.09
2018-11-28 00:00:00+00:00,36.23,36.23,58.78,58.78,72.61,24.21,0.01,72.61,1.71,72.61,0.01,24.42,27.64,58.78,13.73,72.61,1.71
2018-11-29 00:00:00+00:00,35.63,35.63,59.0,59.0,73.88,24.07,0.01,73.88,1.98,73.88,0.01,40.38,27.96,59.0,14.52,73.88,1.98
2018-11-30 00:00:00+00:00,36.28,36.28,60.14,60.14,75.67,23.01,0.01,75.67,1.96,75.67,0.01,60.74,37.85,60.14,17.01,75.67,1.96
2018-12-01 00:00:00+00:00,36.85,36.85,60.41,60.41,76.36,20.13,0.01,76.36,1.33,76.36,0.01,96.2,38.27,60.41,19.24,76.36,1.33
2018-12-02 00:00:00+00:00,37.26,37.26,59.78,59.78,76.42,18.45,0.01,76.42,1.69,76.42,0.01,88.98,38.21,59.78,20.56,76.42,1.69
2018-12-03 00:00:00+00:00,37.8,37.8,59.25,59.25,76.82,18.7,0.01,76.82,2.33,76.82,0.01,79.68,38.2,59.25,20.06,76.82,2.33
2018-12-04 00:00:00+00:00,38.84,38.84,59.24,59.24,77.38,19.25,0.01,77.38,3.26,77.38,0.01,55.13,36.12,59.24,20.43,77.38,3.26
2018-12-05 00:00:00+00:00,40.78,40.78,59.67,59.67,78.49,20.78,0.01,78.49,8.09,78.49,0.01,8.79,35.3,59.67,19.6,78.49,8.09
2018-12-06 00:00:00+00:00,43.42,43.42,59.58,59.58,80.27,22.74,0.01,80.27,12.08,80.27,0.01,11.39,35.38,59.58,18.69,80.27,12.08
2018-12-07 00:00:00+00:00,45.7,45.7,57.26,57.26,81.02,23.49,0.01,81.02,13.4,81.02,0.01,16.28,29.79,57.26,19.96,81.02,13.4
2018-12-08 00:00:00+00:00,48.27,48.27,55.17,55.17,82.91,22.89,0.01,82.91,14.73,82.91,0.01,52.75,39.3,55.17,27.04,82.91,14.73
2018-12-09 00:00:00+00:00,50.0,50.0,53.13,53.13,83.76,20.59,0.01,83.76,16.18,83.76,0.01,77.52,46.34,53.13,35.08,83.76,16.18
2018-12-10 00:00:00+00:00,51.42,51.42,52.26,52.26,84.05,19.08,0.01,84.05,17.36,84.05,0.01,107.99,49.3,52.26,41.16,84.05,17.36
2018-12-11 00:00:00+00:00,54.64,54.64,53.33,53.33,87.48,21.34,0.01,87.48,18.54,87.48,0.01,86.78,58.84,53.33,44.47,87.48,18.54
2018-12-12 00:00:00+00:00,56.56,56.56,53.85,53.85,89.07,23.08,0.01,89.07,19.18,89.07,0.01,59.68,60.48,53.85,46.09,89.07,19.18
2018-12-13 00:00:00+00:00,56.18,56.18,51.91,51.91,87.33,23.99,0.01,87.33,19.14,87.33,0.01,0.01,64.08,51.91,45.68,87.33,19.14
2018-12-14 00:00:00+00:00,56.03,56.03,49.48,49.48,85.7,24.78,0.01,85.7,18.99,85.7,0.01,0.01,64.67,49.48,45.02,85.7,18.99
2018-12-15 00:00:00+00:00,55.33,55.33,46.24,46.24,83.41,24.27,0.01,83.41,18.78,83.41,0.01,45.07,64.5,46.24,44.33,83.41,18.78
2018-12-16 00:00:00+00:00,55.57,55.57,47.46,47.46,82.77,24.23,0.01,82.77,19.17,82.77,0.01,58.39,55.14,47.46,45.3,82.77,19.17
2018-12-17 00:00:00+00:00,56.29,56.29,48.92,48.92,83.14,25.81,0.88,83.14,20.03,83.14,0.88,12.64,49.43,48.92,46.37,83.14,20.03
2018-12-18 00:00:00+00:00,54.48,54.48,46.72,46.72,80.25,27.88,2.28,80.25,20.57,80.25,2.28,0.01,46.79,46.72,45.76,80.25,20.57
2018-12-19 00:00:00+00:00,53.54,53.54,46.97,46.97,78.35,31.81,3.13,78.35,21.68,78.35,3.13,0.01,48.69,46.97,50.57,78.35,21.68
2018-12-20 00:00:00+00:00,53.15,53.15,48.41,48.41,78.01,34.6,4.12,78.01,22.17,78.01,4.12,46.87,40.36,48.41,52.43,78.01,22.17
2018-12-21 00:00:00+00:00,52.75,52.75,50.16,50.16,77.95,35.97,5.23,77.95,21.79,77.95,5.23,71.71,44.33,50.16,52.14,77.95,21.79
2018-12-22 00:00:00+00:00,52.74,52.74,51.63,51.63,78.56,37.88,6.68,78.56,21.47,78.56,6.68,52.82,48.41,51.63,52.09,78.56,21.47
2018-12-23 00:00:00+00:00,52.55,52.55,51.78,51.78,79.45,39.02,9.03,79.45,21.22,79.45,9.03,32.68,41.95,51.78,51.49,79.45,21.22
2018-12-24 00:00:00+00:00,52.21,52.21,50.86,50.86,80.37,38.34,11.59,80.37,21.56,80.37,11.59,45.63,49.03,50.86,51.53,80.37,21.56
2018-12-25 00:00:00+00:00,51.81,51.81,49.08,49.08,81.03,37.75,13.73,81.03,22.09,81.03,13.73,40.07,46.91,49.08,51.4,81.03,22.09
2018-12-26 00:00:00+00:00,51.33,51.33,47.49,47.49,81.3,38.77,15.81,81.3,22.49,81.3,15.81,16.1,49.54,47.49,50.78,81.3,22.49
2018-12-27 00:00:00+00:00,51.03,51.03,46.43,46.43,81.96,41.98,17.64,81.96,22.93,81.96,17.64,25.54,39.97,46.43,49.51,81.96,22.93
2018-12-28 00:00:00+00:00,51.5,51.5,46.34,46.34,83.9,44.09,19.85,83.9,23.27,83.9,19.85,50.73,29.59,46.34,50.42,83.9,23.27
2018-12-29 00:00:00+00:00,51.17,51.17,43.66,43.66,83.63,45.6,21.32,83.63,23.55,83.63,21.32,79.37,21.66,43.66,51.18,83.63,23.55
2018-12-30 00:00:00+00:00,51.37,51.37,35.44,35.44,84.37,48.19,22.43,84.37,23.86,84.37,22.43,63.75,31.31,35.44,51.75,84.37,23.86
2018-12-31 00:00:00+00:00,51.64,51.64,24.98,24.98,85.5,48.3,23.34,85.5,24.31,85.5,23.34,92.39,32.88,24.98,51.7,85.5,24.31
2019-01-01 00:00:00+00:00,51.67,51.67,17.97,17.97,84.89,48.44,23.52,84.89,25.84,84.89,23.52,103.35,51.67,17.97,52.08,84.89,25.84
2019-01-02 00:00:00+00:00,52.71,52.71,14.14,14.14,84.3,39.74,25.5,84.3,26.15,84.3,25.5,83.21,57.55,14.14,51.8,84.3,26.15
2019-01-03 00:00:00+00:00,52.61,52.61,11.97,11.97,84.51,39.89,26.67,84.51,27.4,84.51,26.67,97.32,51.74,11.97,51.41,84.51,27.4
2019-01-04 00:00:00+00:00,53.17,53.17,10.63,10.63,83.96,38.71,27.82,83.96,28.48,83.96,27.82,104.17,49.48,10.63,51.22,83.96,28.48
2019-01-05 00:00:00+00:00,53.09,53.09,10.43,10.43,82.32,37.35,28.83,82.32,29.34,82.32,28.83,103.85,56.25,10.43,50.09,82.32,29.34
2019-01-06 00:00:00+00:00,52.8,52.8,13.99,13.99,81.23,36.91,29.02,81.23,29.87,81.23,29.02,92.03,53.55,13.99,48.52,81.23,29.87
2019-01-07 00:00:00+00:00,52.5,52.5,17.82,17.82,80.23,35.51,29.53,80.23,30.5,80.23,29.53,88.06,49.94,17.82,47.47,80.23,30.5
2019-01-08 00:00:00+00:00,52.16,52.16,19.25,19.25,79.05,34.6,29.92,79.05,31.58,79.05,29.92,76.61,43.43,19.25,47.17,79.05,31.58
2019-01-09 00:00:00+00:00,52.45,52.45,20.63,20.63,79.1,35.19,31.0,79.1,32.55,79.1,31.0,61.25,50.2,20.63,46.87,79.1,32.55
2019-01-10 00:00:00+00:00,52.57,52.57,25.11,25.11,79.15,34.52,31.77,79.15,33.53,79.15,31.77,22.57,55.71,25.11,46.86,79.15,33.53
2019-01-11 00:00:00+00:00,51.72,51.72,29.6,29.6,77.45,32.08,31.89,77.45,33.96,77.45,31.89,19.43,58.62,29.6,46.2,77.45,33.96
2019-01-12 00:00:00+00:00,53.67,53.67,33.05,33.05,80.04,31.3,33.36,80.04,36.03,80.04,33.36,51.82,57.2,33.05,47.97,80.04,36.03
2019-01-13 00:00:00+00:00,54.97,54.97,35.51,35.51,82.06,30.74,33.91,82.06,37.09,82.06,33.91,55.93,53.2,35.51,48.61,82.06,37.09
2019-01-14 00:00:00+00:00,56.27,56.27,37.89,37.89,84.02,31.91,34.7,84.02,38.77,84.02,34.7,75.1,59.39,37.89,48.9,84.02,38.77
2019-01-15 00:00:00+00:00,59.32,59.32,40.08,40.08,87.95,34.85,36.72,87.95,41.39,87.95,36.72,113.44,60.93,40.08,50.23,87.95,41.39
2019-01-16 00:00:00+00:00,61.08,61.08,40.41,40.41,89.28,36.48,38.24,89.28,42.35,89.28,38.24,116.46,84.7,40.41,50.94,89.28,42.35
2019-01-17 00:00:00+00:00,63.38,63.38,40.54,40.54,92.23,38.61,40.61,92.23,44.89,92.23,40.61,110.67,111.09,40.54,52.64,92.23,44.89
2019-01-18 00:00:00+00:00,67.71,67.71,41.25,41.25,97.48,41.13,43.77,97.48,48.18,97.48,43.77,95.66,128.15,41.25,55.49,97.48,48.18
2019-01-19 00:00:00+00:00,69.48,69.48,41.04,41.04,97.55,41.31,44.95,97.55,47.52,97.55,44.95,108.76,128.99,41.04,55.51,97.55,47.52
2019-01-20 00:00:00+00:00,69.55,69.55,43.22,43.22,96.87,41.12,45.57,96.87,47.34,96.87,45.57,76.62,128.66,43.22,54.98,96.87,47.34
2019-01-21 00:00:00+00:00,69.8,69.8,42.74,42.74,97.27,41.26,46.07,97.27,47.49,97.27,46.07,39.89,127.72,42.74,54.32,97.27,47.49
2019-01-22 00:00:00+00:00,68.55,68.55,39.57,39.57,95.73,42.22,45.55,95.73,46.5,95.73,45.55,29.61,124.11,39.57,52.31,95.73,46.5
2019-01-23 00:00:00+00:00,68.9,68.9,38.5,38.5,96.87,45.09,46.15,96.87,46.53,96.87,46.15,9.08,123.84,38.5,51.69,96.87,46.53
2019-01-24 00:00:00+00:00,67.32,67.32,36.46,36.46,95.34,47.03,45.41,95.34,45.76,95.34,45.41,0.01,120.2,36.46,49.85,95.34,45.76
2019-01-25 00:00:00+00:00,65.1,65.1,32.16,32.16,90.82,45.77,43.42,90.82,42.89,90.82,43.42,0.01,113.44,32.16,46.89,90.82,42.89
2019-01-26 00:00:00+00:00,66.35,66.35,27.47,27.47,88.73,43.73,42.87,88.73,41.91,88.73,42.87,31.29,110.53,27.47,46.94,88.73,41.91
2019-01-27 00:00:00+00:00,67.96,67.96,22.35,22.35,87.78,43.52,42.96,87.78,41.49,87.78,42.96,53.81,109.73,22.35,48.31,87.78,41.49
2019-01-28 00:00:00+00:00,69.98,69.98,22.16,22.16,87.37,45.27,43.32,87.37,41.86,87.37,43.32,3.99,109.26,22.16,49.04,87.37,41.86
2019-01-29 00:00:00+00:00,71.4,71.4,27.48,27.48,86.55,46.35,43.55,86.55,41.83,86.55,43.55,0.01,100.16,27.48,49.43,86.55,41.83
2019-01-30 00:00:00+00:00,72.06,72.06,28.29,28.29,84.39,46.42,43.03,84.39,40.48,84.39,43.03,8.31,102.02,28.29,48.83,84.39,40.48
2019-01-31 00:00:00+00:00,74.06,74.06,26.42,26.42,84.19,46.81,43.23,84.19,40.84,84.19,43.23,28.8,105.06,26.42,49.27,84.19,40.84
2019-02-01 00:00:00+00:00,75.78,75.78,20.6,20.6,83.53,46.28,43.14,83.53,41.09,83.53,43.14,53.98,103.74,20.6,49.7,83.53,41.09
2019-02-02 00:00:00+00:00,77.63,77.63,12.86,12.86,82.8,45.26,42.94,82.8,40.59,82.8,42.94,73.19,102.47,12.86,50.45,82.8,40.59
2019-02-03 00:00:00+00:00,79.07,79.07,7.95,7.95,82.57,45.61,42.76,82.57,40.5,82.57,42.76,68.98,101.53,7.95,51.17,82.57,40.5
2019-02-04 00:00:00+00:00,79.78,79.78,5.43,5.43,82.79,46.01,42.54,82.79,40.69,82.79,42.54,63.13,55.89,5.43,51.41,82.79,40.69
2019-02-05 00:00:00+00:00,79.08,79.08,4.75,4.75,82.0,45.93,42.21,82.0,40.22,82.0,42.21,38.29,42.56,4.75,51.36,82.0,40.22
2019-02-06 00:00:00+00:00,78.52,78.52,4.22,4.22,80.95,45.74,41.92,80.95,39.9,80.95,41.92,9.47,51.72,4.22,51.49,80.95,39.9
2019-02-07 00:00:00+00:00,77.51,77.51,4.08,4.08,78.3,44.84,41.29,78.3,38.55,78.3,41.29,0.01,58.51,4.08,51.23,78.3,38.55
2019-02-08 00:00:00+00:00,77.85,77.85,5.34,5.34,75.47,43.49,41.07,75.47,37.66,75.47,41.07,8.67,62.44,5.34,51.36,75.47,37.66
2019-02-09 00:00:00+00:00,78.86,78.86,4.83,4.83,72.98,40.69,40.47,72.98,37.66,72.98,40.47,45.99,70.06,4.83,51.25,72.98,37.66
2019-02-10 00:00:00+00:00,79.61,79.61,5.99,5.99,70.91,37.11,39.88,70.91,37.64,70.91,39.88,80.64,63.48,5.99,51.16,70.91,37.64
2019-02-11 00:00:00+00:00,80.66,80.66,3.72,3.72,68.96,34.5,39.38,68.96,37.24,68.96,39.38,90.63,55.09,3.72,50.95,68.96,37.24
2019-02-12 00:00:00+00:00,81.37,81.37,0.01,0.01,67.29,33.17,38.83,67.29,37.02,67.29,38.83,84.27,53.38,0.01,50.31,67.29,37.02
2019-02-13 00:00:00+00:00,80.48,80.48,0.01,0.01,65.45,31.35,38.03,65.45,35.6,65.45,38.03,58.41,52.84,0.01,49.39,65.45,35.6
2019-02-14 00:00:00+00:00,79.87,79.87,0.85,0.85,64.54,30.0,37.65,64.54,34.87,64.54,37.65,24.97,84.49,0.85,48.89,64.54,34.87
2019-02-15 00:00:00+00:00,79.34,79.34,2.16,2.16,63.81,29.41,37.35,63.81,34.88,63.81,37.35,18.27,87.08,2.16,48.41,63.81,34.88
2019-02-16 00:00:00+00:00,79.0,79.0,3.07,3.07,62.74,28.81,37.34,62.74,35.88,62.74,37.34,52.42,86.98,3.07,47.95,62.74,35.88
2019-02-17 00:00:00+00:00,77.9,77.9,4.18,4.18,60.9,27.99,37.28,60.9,36.49,60.9,37.28,78.92,86.59,4.18,47.43,60.9,36.49
2019-02-18 00:00:00+00:00,76.28,76.28,1.87,1.87,59.46,27.31,37.17,59.46,36.1,59.46,37.17,69.53,84.18,1.87,47.08,59.46,36.1
2019-02-19 00:00:00+00:00,74.74,74.74,0.01,0.01,57.8,27.12,36.91,57.8,35.7,57.8,36.91,62.59,73.11,0.01,46.35,57.8,35.7
2019-02-20 00:00:00+00:00,74.01,74.01,0.01,0.01,56.54,28.03,36.75,56.54,35.46,56.54,36.75,46.72,74.73,0.01,45.73,56.54,35.46
2019-02-21 00:00:00+00:00,72.91,72.91,0.01,0.01,55.75,28.92,36.44,55.75,35.48,55.75,36.44,26.1,75.63,0.01,45.11,55.75,35.48
2019-02-22 00:00:00+00:00,71.78,71.78,0.01,0.01,55.39,28.33,36.07,55.39,36.35,55.39,36.07,41.72,80.07,0.01,44.97,55.39,36.35
2019-02-23 00:00:00+00:00,71.48,71.48,0.01,0.01,55.42,28.16,35.95,55.42,36.77,55.42,35.95,71.56,84.68,0.01,44.98,55.42,36.77
2019-02-24 00:00:00+00:00,70.95,70.95,0.01,0.01,54.86,28.98,36.0,54.86,37.2,54.86,36.0,65.9,85.26,0.01,44.61,54.86,37.2
2019-02-25 00:00:00+00:00,69.8,69.8,0.01,0.01,54.76,29.34,35.83,54.76,37.21,54.76,35.83,38.66,85.22,0.01,43.87,54.76,37.21
2019-02-26 00:00:00+00:00,68.61,68.61,0.01,0.01,55.13,28.75,35.66,55.13,37.24,55.13,35.66,40.79,85.35,0.01,43.43,55.13,37.24
2019-02-27 00:00:00+00:00,67.55,67.55,0.01,0.01,54.76,28.4,35.63,54.76,37.1,54.76,35.63,52.13,62.25,0.01,43.62,54.76,37.1
2019-02-28 00:00:00+00:00,66.2,66.2,0.01,0.01,55.3,27.91,36.0,55.3,36.71,55.3,36.0,28.03,86.82,0.01,43.81,55.3,36.71
2019-03-01 00:00:00+00:00,64.1,64.1,0.01,0.01,56.46,24.12,35.59,56.46,36.9,56.46,35.59,8.25,68.68,0.01,44.07,56.46,36.9
2019-03-02 00:00:00+00:00,61.87,61.87,0.01,0.01,56.35,19.32,35.04,56.35,36.64,56.35,35.04,35.94,66.52,0.01,44.03,56.35,36.64
2019-03-03 00:00:00+00:00,59.74,59.74,0.01,0.01,56.23,14.48,34.83,56.23,36.49,56.23,34.83,53.16,69.52,0.01,44.48,56.23,36.49
2019-03-04 00:00:00+00:00,57.52,57.52,0.01,0.01,56.18,13.76,34.89,56.18,36.76,56.18,34.89,46.99,70.52,0.01,44.83,56.18,36.76
2019-03-05 00:00:00+00:00,56.5,56.5,0.01,0.01,56.5,13.78,35.05,56.5,37.12,56.5,35.05,66.7,59.82,0.01,45.07,56.5,37.12
2019-03-06 00:00:00+00:00,55.1,55.1,0.01,0.01,56.51,13.18,34.85,56.51,37.2,56.51,34.85,70.85,56.84,0.01,44.83,56.51,37.2
2019-03-07 00:00:00+00:00,53.25,53.25,0.01,0.01,55.5,12.46,34.33,55.5,36.52,55.5,34.33,87.72,60.57,0.01,44.37,55.5,36.52
2019-03-08 00:00:00+00:00,51.57,51.57,0.01,0.01,54.35,12.46,33.92,54.35,36.21,54.35,33.92,69.95,64.97,0.01,44.13,54.35,36.21
2019-03-09 00:00:00+00:00,49.95,49.95,0.01,0.01,54.2,12.97,33.62,54.2,36.59,54.2,33.62,42.28,79.98,0.01,44.54,54.2,36.59
2019-03-10 00:00:00+00:00,47.82,47.82,0.01,0.01,53.96,15.93,33.11,53.96,36.35,53.96,33.11,34.99,73.26,0.01,44.46,53.96,36.35
2019-03-11 00:00:00+00:00,45.43,45.43,0.01,0.01,52.95,21.01,32.68,52.95,35.9,52.95,32.68,18.05,66.26,0.01,44.15,52.95,35.9
2019-03-12 00:00:00+00:00,42.77,42.77,0.01,0.01,51.69,23.89,32.11,51.69,35.37,51.69,32.11,38.21,62.88,0.01,43.7,51.69,35.37
2019-03-13 00:00:00+00:00,42.23,42.23,0.01,0.01,51.47,26.63,32.1,51.47,35.46,51.47,32.1,61.72,58.24,0.01,43.89,51.47,35.46
2019-03-14 00:00:00+00:00,41.65,41.65,0.01,0.01,51.07,29.99,31.87,51.07,35.62,51.07,31.87,41.03,64.06,0.01,43.64,51.07,35.62
2019-03-15 00:00:00+00:00,40.95,40.95,0.01,0.01,49.94,33.48,31.36,49.94,35.32,49.94,31.36,18.96,65.51,0.01,43.3,49.94,35.32
2019-03-16 00:00:00+00:00,40.5,40.5,0.01,0.01,48.64,35.64,30.83,48.64,35.15,48.64,30.83,65.82,64.42,0.01,42.93,48.64,35.15
2019-03-17 00:00:00+00:00,40.04,40.04,0.01,0.01,46.9,34.38,30.32,46.9,35.12,46.9,30.32,55.87,64.37,0.01,41.74,46.9,35.12
2019-03-18 00:00:00+00:00,39.73,39.73,0.01,0.01,45.12,35.63,30.04,45.12,34.64,45.12,30.04,42.92,66.27,0.01,40.63,45.12,34.64
2019-03-19 00:00:00+00:00,39.38,39.38,0.01,0.01,43.81,36.96,29.71,43.81,34.0,43.81,29.71,20.01,62.37,0.01,39.29,43.81,34.0
2019-03-20 00:00:00+00:00,38.47,38.47,0.01,0.01,42.03,34.77,28.95,42.03,33.57,42.03,28.95,12.74,55.71,0.01,37.32,42.03,33.57
2019-03-21 00:00:00+00:00,38.07,38.07,0.01,0.01,40.69,30.11,28.62,40.69,33.67,40.69,28.62,12.07,54.83,0.01,35.31,40.69,33.67
2019-03-22 00:00:00+00:00,37.27,37.27,0.01,0.01,39.4,24.8,28.39,39.4,33.5,39.4,28.39,50.85,53.95,0.01,34.33,39.4,33.5
2019-03-23 00:00:00+00:00,36.27,36.27,0.01,0.01,38.25,23.59,27.96,38.25,33.05,38.25,27.96,79.43,40.79,0.01,34.37,38.25,33.05
2019-03-24 00:00:00+00:00,35.81,35.81,0.01,0.01,37.63,23.15,27.76,37.63,32.75,37.63,27.76,79.45,39.72,0.01,32.72,37.63,32.75
2019-03-25 00:00:00+00:00,35.65,35.65,0.01,0.01,37.73,24.19,27.65,37.73,32.85,37.73,27.65,40.46,31.4,0.01,32.57,37.73,32.85
2019-03-26 00:00:00+00:00,35.48,35.48,0.01,0.01,38.16,28.6,27.53,38.16,32.89,38.16,27.53,11.81,22.09,0.01,32.43,38.16,32.89
2019-03-27 00:00:00+00:00,35.14,35.14,0.01,0.01,38.47,33.91,27.18,38.47,32.71,38.47,27.18,0.01,17.28,0.01,31.91,38.47,32.71
2019-03-28 00:00:00+00:00,35.28,35.28,0.01,0.01,38.8,33.53,26.95,38.8,32.58,38.8,26.95,14.42,17.55,0.01,31.68,38.8,32.58
2019-03-29 00:00:00+00:00,35.74,35.74,0.01,0.01,38.56,28.48,26.52,38.56,32.35,38.56,26.52,45.75,20.38,0.01,31.82,38.56,32.35
2019-03-30 00:00:00+00:00,36.73,36.73,0.01,0.01,37.6,29.73,26.31,37.6,31.89,37.6,26.31,72.41,0.01,0.01,30.22,37.6,31.89
2019-03-31 00:00:00+00:00,37.87,37.87,0.01,0.01,35.66,34.51,26.28,35.66,32.15,35.66,26.28,79.22,8.34,0.01,29.82,35.66,32.15
2019-04-01 00:00:00+00:00,38.96,38.96,0.01,0.01,34.46,40.43,26.17,34.46,32.7,34.46,26.17,79.58,33.03,0.01,29.63,34.46,32.7
2019-04-02 00:00:00+00:00,39.82,39.82,0.01,0.01,33.76,52.48,26.11,33.76,33.09,33.76,26.11,47.25,33.36,0.01,29.63,33.76,33.09
2019-04-03 00:00:00+00:00,41.67,41.67,0.01,0.01,33.77,64.66,26.3,33.77,34.22,33.77,26.3,26.24,38.78,0.01,29.95,33.77,34.22
2019-04-04 00:00:00+00:00,42.46,42.46,0.01,0.01,34.15,72.55,26.43,34.15,36.24,34.15,26.43,14.76,38.84,0.01,30.44,34.15,36.24
2019-04-05 00:00:00+00:00,42.76,42.76,0.01,0.01,34.72,77.2,26.84,34.72,37.9,34.72,26.84,32.68,43.98,0.01,31.43,34.72,37.9
2019-04-06 00:00:00+00:00,43.13,43.13,0.01,0.01,34.46,81.65,27.1,34.46,38.9,34.46,27.1,86.29,38.13,0.01,32.24,34.46,38.9
2019-04-07 00:00:00+00:00,43.64,43.64,0.01,0.01,34.17,78.78,27.11,34.17,39.41,34.17,27.11,87.41,37.15,0.01,33.06,34.17,39.41
2019-04-08 00:00:00+00:00,43.99,43.99,0.01,0.01,35.25,63.39,27.09,35.25,40.13,35.25,27.09,70.32,38.78,0.01,33.93,35.25,40.13
2019-04-09 00:00:00+00:00,44.23,44.23,0.01,0.01,36.56,55.93,27.14,36.56,41.77,36.56,27.14,66.75,41.4,0.01,35.0,36.56,41.77
2019-04-10 00:00:00+00:00,44.25,44.25,0.01,0.01,36.82,45.8,27.21,36.82,42.59,36.82,27.21,46.88,42.07,0.01,35.99,36.82,42.59
2019-04-11 00:00:00+00:00,44.0,44.0,0.01,0.01,37.03,42.65,27.17,37.03,43.25,37.03,27.17,14.78,44.91,0.01,36.62,37.03,43.25
2019-04-12 00:00:00+00:00,43.41,43.41,0.01,0.01,37.7,50.74,26.73,37.7,43.01,37.7,26.73,12.97,45.75,0.01,37.13,37.7,43.01
2019-04-13 00:00:00+00:00,42.8,42.8,0.01,0.01,37.53,55.51,26.18,37.53,42.46,37.53,26.18,45.72,48.68,0.01,37.8,37.53,42.46
2019-04-14 00:00:00+00:00,42.78,42.78,0.01,0.01,36.58,52.61,25.9,36.58,41.86,36.58,25.9,65.28,50.77,0.01,38.54,36.58,41.86
2019-04-15 00:00:00+00:00,42.6,42.6,0.01,0.01,35.77,51.27,25.64,35.77,41.61,35.77,25.64,52.55,66.01,0.01,39.34,35.77,41.61
2019-04-16 00:00:00+00:00,41.7,41.7,0.01,0.01,35.76,42.06,25.02,35.76,41.88,35.76,25.02,33.09,70.18,0.01,39.68,35.76,41.88
2019-04-17 00:00:00+00:00,40.98,40.98,0.01,0.01,35.36,39.97,24.52,35.36,41.97,35.36,24.52,27.04,71.27,0.01,39.7,35.36,41.97
2019-04-18 00:00:00+00:00,40.45,40.45,0.01,0.01,34.21,41.14,23.89,34.21,41.7,34.21,23.89,32.39,77.0,0.01,39.25,34.21,41.7
2019-04-19 00:00:00+00:00,40.11,40.11,0.01,0.01,32.77,39.52,23.27,32.77,41.51,32.77,23.27,44.49,75.29,0.01,38.8,32.77,41.51
2019-04-20 00:00:00+00:00,39.94,39.94,0.01,0.01,31.63,38.77,22.78,31.63,41.75,31.63,22.78,51.97,75.29,0.01,38.57,31.63,41.75
2019-04-21 00:00:00+00:00,38.64,38.64,0.01,0.01,29.33,36.8,21.66,29.33,41.22,29.33,21.66,32.99,75.01,0.01,37.43,29.33,41.22
2019-04-22 00:00:00+00:00,37.45,37.45,0.01,0.01,26.89,36.11,20.61,26.89,39.3,26.89,20.61,19.94,71.22,0.01,36.61,26.89,39.3
2019-04-23 00:00:00+00:00,37.17,37.17,0.01,0.01,24.69,36.71,20.1,24.69,38.79,24.69,20.1,16.19,69.59,0.01,36.86,24.69,38.79
2019-04-24 00:00:00+00:00,36.73,36.73,0.01,0.01,20.9,34.31,19.45,20.9,37.51,20.9,19.45,40.33,70.54,0.01,36.99,20.9,37.51
2019-04-25 00:00:00+00:00,35.86,35.86,0.01,0.01,15.6,26.66,18.43,15.6,34.48,15.6,18.43,72.05,73.3,0.01,36.44,15.6,34.48
2019-04-26 00:00:00+00:00,35.09,35.09,0.01,0.01,9.16,12.12,16.99,9.16,30.42,9.16,16.99,75.01,61.61,0.01,34.96,9.16,30.42
2019-04-27 00:00:00+00:00,34.23,34.23,0.01,0.01,0.53,0.01,14.96,0.53,24.32,0.53,14.96,43.63,39.74,0.01,31.8,0.53,24.32
2019-04-28 00:00:00+00:00,34.23,34.23,0.01,0.01,0.01,0.01,13.31,0.01,14.6,0.01,13.31,24.08,29.55,0.01,29.61,0.01,14.6
2019-04-29 00:00:00+00:00,34.3,34.3,0.01,0.01,0.01,0.01,11.88,0.01,5.98,0.01,11.88,54.05,0.01,0.01,28.19,0.01,5.98
2019-04-30 00:00:00+00:00,33.93,33.93,0.01,0.01,0.01,0.01,10.51,0.01,0.01,0.01,10.51,34.32,0.01,0.01,26.64,0.01,0.01
2019-05-01 00:00:00+00:00,33.59,33.59,0.01,0.01,0.01,0.01,9.46,0.01,0.01,0.01,9.46,0.01,0.01,0.01,25.06,0.01,0.01
2019-05-02 00:00:00+00:00,33.55,33.55,0.01,0.01,0.01,0.01,8.82,0.01,0.01,0.01,8.82,7.84,9.23,0.01,24.6,0.01,0.01
2019-05-03 00:00:00+00:00,33.48,33.48,0.01,0.01,0.01,0.01,8.51,0.01,0.01,0.01,8.51,51.65,21.62,0.01,24.54,0.01,0.01
2019-05-04 00:00:00+00:00,33.51,33.51,0.01,0.01,0.01,0.01,8.22,0.01,0.01,0.01,8.22,56.1,37.45,0.01,24.18,0.01,0.01
2019-05-05 00:00:00+00:00,33.44,33.44,0.01,0.01,0.01,0.01,7.97,0.01,0.01,0.01,7.97,42.59,32.9,0.01,23.93,0.01,0.01
2019-05-06 00:00:00+00:00,33.46,33.46,0.01,0.01,0.01,0.01,7.96,0.01,0.01,0.01,7.96,12.44,35.86,0.01,24.27,0.01,0.01
2019-05-07 00:00:00+00:00,33.38,33.38,0.01,0.01,0.01,0.01,8.01,0.01,0.01,0.01,8.01,23.19,35.92,0.01,24.27,0.01,0.01
2019-05-08 00:00:00+00:00,33.3,33.3,0.01,0.01,0.01,0.01,8.05,0.01,0.01,0.01,8.05,40.03,41.55,0.01,24.03,0.01,0.01
2019-05-09 00:00:00+00:00,33.16,33.16,0.01,0.01,0.01,0.01,8.15,0.01,1.46,0.01,8.15,40.59,42.11,0.01,23.36,0.01,1.46
2019-05-10 00:00:00+00:00,32.69,32.69,0.01,0.01,0.01,3.16,8.23,0.01,9.06,0.01,8.23,47.93,39.99,0.01,22.43,0.01,9.06
2019-05-11 00:00:00+00:00,32.47,32.47,0.01,0.01,0.01,7.68,8.38,0.01,13.21,0.01,8.38,54.09,33.13,0.01,21.76,0.01,13.21
2019-05-12 00:00:00+00:00,32.43,32.43,0.01,0.01,0.66,11.42,8.54,0.66,15.46,0.66,8.54,52.76,32.7,0.01,21.22,0.66,15.46
2019-05-13 00:00:00+00:00,32.38,32.38,0.01,0.01,5.65,14.61,8.87,5.65,17.23,5.65,8.87,50.3,35.2,0.01,21.23,5.65,17.23
2019-05-14 00:00:00+00:00,32.85,32.85,0.01,0.01,10.06,17.76,9.37,10.06,18.64,10.06,9.37,41.84,37.32,0.01,22.1,10.06,18.64
2019-05-15 00:00:00+00:00,32.81,32.81,0.01,0.01,12.97,20.55,9.79,12.97,19.33,12.97,9.79,41.06,39.72,0.01,23.98,12.97,19.33
2019-05-16 00:00:00+00:00,32.55,32.55,0.01,0.01,14.9,21.7,9.96,14.9,19.83,14.9,9.96,27.6,48.81,0.01,25.5,14.9,19.83
2019-05-17 00:00:00+00:00,32.32,32.32,0.01,0.01,16.14,23.26,10.26,16.14,20.27,16.14,10.26,31.09,78.17,0.01,26.84,16.14,20.27
2019-05-18 00:00:00+00:00,31.92,31.92,0.01,0.01,16.51,23.56,10.35,16.51,21.91,16.51,10.35,24.21,77.68,0.01,27.79,16.51,21.91
2019-05-19 00:00:00+00:00,31.37,31.37,0.01,0.01,16.47,23.99,10.05,16.47,24.19,16.47,10.05,0.01,76.95,0.01,27.81,16.47,24.19
2019-05-20 00:00:00+00:00,30.26,30.26,0.01,0.01,17.02,24.09,9.5,17.02,25.64,17.02,9.5,35.83,74.9,0.01,26.98,17.02,25.64
2019-05-21 00:00:00+00:00,29.1,29.1,0.01,0.01,15.91,20.77,7.7,15.91,23.9,15.91,7.7,24.04,70.96,0.01,22.92,15.91,23.9
2019-05-22 00:00:00+00:00,28.14,28.14,0.01,0.01,12.76,17.04,5.67,12.76,21.07,12.76,5.67,0.01,50.41,0.01,18.25,12.76,21.07
2019-05-23 00:00:00+00:00,27.92,27.92,0.01,0.01,11.46,16.7,5.02,11.46,20.83,11.46,5.02,25.39,0.01,0.01,16.78,11.46,20.83
2019-05-24 00:00:00+00:00,27.33,27.33,0.01,0.01,11.72,17.85,5.15,11.72,21.77,11.72,5.15,32.51,0.01,0.01,15.81,11.72,21.77
2019-05-25 00:00:00+00:00,27.22,27.22,0.01,0.01,11.52,18.58,5.59,11.52,23.33,11.52,5.59,0.01,17.98,0.01,15.49,11.52,23.33
2019-05-26 00:00:00+00:00,27.2,27.2,0.01,0.01,10.59,18.99,6.06,10.59,24.83,10.59,6.06,6.35,32.48,0.01,15.52,10.59,24.83
2019-05-27 00:00:00+00:00,27.53,27.53,0.01,0.01,9.93,20.26,7.33,9.93,27.47,9.93,7.33,38.91,42.03,0.01,15.47,9.93,27.47
2019-05-28 00:00:00+00:00,27.38,27.38,0.01,0.01,12.86,21.26,9.27,12.86,28.95,12.86,9.27,58.06,36.53,0.01,15.43,12.86,28.95
2019-05-29 00:00:00+00:00,26.95,26.95,0.01,0.01,15.26,22.66,9.81,15.26,29.82,15.26,9.81,44.61,34.2,0.01,15.6,15.26,29.82
2019-05-30 00:00:00+00:00,26.4,26.4,0.01,0.01,16.17,25.08,9.97,16.17,30.3,16.17,9.97,30.89,37.83,0.01,15.88,16.17,30.3
2019-05-31 00:00:00+00:00,26.35,26.35,0.01,0.01,18.0,28.5,10.27,18.0,29.97,18.0,10.27,19.42,43.5,0.01,16.57,18.0,29.97
2019-06-01 00:00:00+00:00,25.5,25.5,0.01,0.01,18.97,30.4,9.95,18.97,29.31,18.97,9.95,15.5,41.25,0.01,17.75,18.97,29.31
2019-06-02 00:00:00+00:00,23.01,23.01,0.01,0.01,16.27,28.88,8.69,16.27,27.04,16.27,8.69,29.12,39.05,0.01,16.54,16.27,27.04
2019-06-03 00:00:00+00:00,22.4,22.4,0.01,0.01,15.09,29.24,7.99,15.09,26.93,15.09,7.99,58.6,33.29,0.01,16.08,15.09,26.93
2019-06-04 00:00:00+00:00,21.73,21.73,0.01,0.01,13.18,28.82,7.39,13.18,26.42,13.18,7.39,57.23,27.37,0.01,15.65,13.18,26.42
2019-06-05 00:00:00+00:00,21.18,21.18,0.01,0.01,10.69,27.99,6.86,10.69,25.74,10.69,6.86,51.04,28.31,0.01,15.05,10.69,25.74
2019-06-06 00:00:00+00:00,20.0,20.0,0.01,0.01,10.97,28.11,6.18,10.97,24.88,10.97,6.18,56.63,48.54,0.01,14.73,10.97,24.88
2019-06-07 00:00:00+00:00,18.64,18.64,0.01,0.01,9.27,26.84,5.18,9.27,24.09,9.27,5.18,47.34,56.61,0.01,13.86,9.27,24.09
2019-06-08 00:00:00+00:00,17.67,17.67,0.01,0.01,4.43,24.68,4.54,4.43,23.14,4.43,4.54,32.46,57.19,0.01,12.73,4.43,23.14
2019-06-09 00:00:00+00:00,17.51,17.51,0.01,0.01,0.01,23.08,4.28,0.01,23.61,0.01,4.28,24.38,60.69,0.01,12.57,0.01,23.61
2019-06-10 00:00:00+00:00,17.29,17.29,0.01,0.01,0.01,22.21,4.14,0.01,23.31,0.01,4.14,33.35,52.1,0.01,12.54,0.01,23.31
2019-06-11 00:00:00+00:00,17.57,17.57,0.01,0.01,0.01,22.03,4.1,0.01,23.42,0.01,4.1,31.58,41.92,0.01,11.21,0.01,23.42
2019-06-12 00:00:00+00:00,17.08,17.08,0.01,0.01,0.01,17.95,3.85,0.01,23.46,0.01,3.85,34.46,30.63,0.01,9.43,0.01,23.46
2019-06-13 00:00:00+00:00,16.55,16.55,0.01,0.01,0.01,13.37,3.68,0.01,22.68,0.01,3.68,29.77,26.03,0.01,8.49,0.01,22.68
2019-06-14 00:00:00+00:00,16.17,16.17,0.01,0.01,0.01,10.01,3.38,0.01,22.29,0.01,3.38,0.01,9.75,0.01,7.55,0.01,22.29
2019-06-15 00:00:00+00:00,15.07,15.07,0.01,0.01,0.01,6.26,2.84,0.01,22.22,0.01,2.84,14.52,0.01,0.01,6.74,0.01,22.22
2019-06-16 00:00:00+00:00,13.59,13.59,0.01,0.01,0.01,6.41,2.7,0.01,22.21,0.01,2.7,12.29,12.43,0.01,9.19,0.01,22.21
2019-06-17 00:00:00+00:00,11.81,11.81,0.01,0.01,0.01,6.0,2.49,0.01,21.19,0.01,2.49,27.2,28.78,0.01,10.03,0.01,21.19
2019-06-18 00:00:00+00:00,11.18,11.18,0.01,0.01,0.01,7.33,2.52,0.01,19.99,0.01,2.52,42.54,28.13,0.01,10.27,0.01,19.99
2019-06-19 00:00:00+00:00,12.04,12.04,0.01,0.01,0.01,8.91,2.47,0.01,19.99,0.01,2.47,45.36,29.11,0.01,9.19,0.01,19.99
2019-06-20 00:00:00+00:00,13.38,13.38,0.01,0.01,9.43,10.64,2.17,9.43,19.41,9.43,2.17,41.92,27.65,0.01,7.55,9.43,19.41
2019-06-21 00:00:00+00:00,14.14,14.14,0.01,0.01,13.05,14.36,1.88,13.05,18.14,13.05,1.88,32.01,30.45,0.01,6.5,13.05,18.14
2019-06-22 00:00:00+00:00,14.29,14.29,0.01,0.01,15.33,15.71,1.7,15.33,17.94,15.33,1.7,18.73,32.33,0.01,6.02,15.33,17.94
2019-06-23 00:00:00+00:00,14.88,14.88,0.01,0.01,17.24,15.81,1.68,17.24,17.6,17.24,1.68,38.49,32.68,0.01,6.2,17.24,17.6
2019-06-24 00:00:00+00:00,15.21,15.21,0.01,0.01,17.76,16.2,1.49,17.76,15.83,17.76,1.49,55.61,49.72,0.01,5.82,17.76,15.83
2019-06-25 00:00:00+00:00,15.37,15.37,0.01,0.01,18.01,18.94,1.29,18.01,14.28,18.01,1.29,48.87,45.15,0.01,5.29,18.01,14.28
2019-06-26 00:00:00+00:00,15.62,15.62,0.01,0.01,17.71,20.43,1.2,17.71,14.07,17.71,1.2,36.33,34.5,0.01,4.87,17.71,14.07
2019-06-27 00:00:00+00:00,16.33,16.33,0.01,0.01,16.94,23.06,1.66,16.94,14.05,16.94,1.66,8.02,33.01,0.01,4.96,16.94,14.05
2019-06-28 00:00:00+00:00,16.74,16.74,0.01,0.01,17.42,25.37,2.02,17.42,15.16,17.42,2.02,0.01,30.78,0.01,5.69,17.42,15.16
2019-06-29 00:00:00+00:00,16.37,16.37,0.01,0.01,15.91,26.04,2.14,15.91,16.09,15.91,2.14,7.91,20.52,0.01,6.13,15.91,16.09
2019-06-30 00:00:00+00:00,15.02,15.02,0.01,0.01,13.98,27.86,2.17,13.98,17.45,13.98,2.17,51.21,19.25,0.01,5.63,13.98,17.45
2019-07-01 00:00:00+00:00,13.89,13.89,0.01,0.01,12.54,28.65,2.31,12.54,19.12,12.54,2.31,46.81,24.96,0.01,5.45,12.54,19.12
2019-07-02 00:00:00+00:00,14.6,14.6,0.01,0.01,14.9,29.21,2.42,14.9,19.88,14.9,2.42,36.72,26.02,0.01,6.34,14.9,19.88
2019-07-03 00:00:00+00:00,16.45,16.45,0.01,0.01,20.51,30.12,2.57,20.51,21.06,20.51,2.57,39.86,36.35,0.01,7.54,20.51,21.06
2019-07-04 00:00:00+00:00,18.72,18.72,0.01,0.01,25.67,30.97,2.86,25.67,23.33,25.67,2.86,40.71,38.31,0.01,8.35,25.67,23.33
2019-07-05 00:00:00+00:00,21.76,21.76,0.01,0.01,27.42,32.27,3.34,27.42,27.32,27.42,3.34,29.53,48.14,0.01,10.5,27.42,27.32
2019-07-06 00:00:00+00:00,24.11,24.11,0.01,0.01,28.81,33.26,3.69,28.81,30.06,28.81,3.69,28.0,30.65,0.01,13.73,28.81,30.06
2019-07-07 00:00:00+00:00,26.23,26.23,0.01,0.01,31.73,34.27,4.07,31.73,32.5,31.73,4.07,28.16,0.01,0.01,16.23,31.73,32.5
2019-07-08 00:00:00+00:00,28.28,28.28,0.01,0.01,35.8,35.38,4.74,35.8,34.94,35.8,4.74,0.01,0.01,0.01,18.95,35.8,34.94
2019-07-09 00:00:00+00:00,29.62,29.62,0.01,0.01,42.27,36.28,5.15,42.27,36.43,42.27,5.15,10.29,0.01,0.01,21.76,42.27,36.43
2019-07-10 00:00:00+00:00,30.4,30.4,0.01,0.01,40.7,37.04,5.58,40.7,37.46,40.7,5.58,44.87,18.14,0.01,23.46,40.7,37.46
2019-07-11 00:00:00+00:00,31.06,31.06,0.01,0.01,39.51,38.32,6.4,39.51,38.46,39.51,6.4,18.95,38.65,0.01,24.61,39.51,38.46
2019-07-12 00:00:00+00:00,31.47,31.47,0.01,0.01,47.71,39.39,7.09,47.71,38.93,47.71,7.09,0.01,49.99,0.01,26.02,47.71,38.93
2019-07-13 00:00:00+00:00,31.78,31.78,0.01,0.01,48.47,40.26,7.63,48.47,39.34,48.47,7.63,0.01,53.86,0.01,27.33,48.47,39.34
2019-07-14 00:00:00+00:00,31.98,31.98,0.01,0.01,45.58,40.76,8.09,45.58,39.62,45.58,8.09,47.63,41.02,0.01,28.4,45.58,39.62
2019-07-15 00:00:00+00:00,33.09,33.09,0.01,0.01,40.06,41.19,8.54,40.06,39.97,40.06,8.54,70.08,30.43,0.01,34.7,40.06,39.97
2019-07-16 00:00:00+00:00,34.73,34.73,0.01,0.01,40.25,41.6,8.96,40.25,40.28,40.25,8.96,43.48,33.22,0.01,43.18,40.25,40.28
2019-07-17 00:00:00+00:00,37.47,37.47,0.01,0.01,39.43,42.1,9.45,39.43,40.57,39.43,9.45,20.7,36.63,0.01,45.62,39.43,40.57
2019-07-18 00:00:00+00:00,40.62,40.62,1.06,1.06,40.53,42.49,9.74,40.53,40.69,40.53,9.74,9.2,40.48,1.06,46.56,40.53,40.69
2019-07-19 00:00:00+00:00,42.71,42.71,4.12,4.12,38.56,42.69,9.88,38.56,40.72,38.56,9.88,45.86,39.43,4.12,46.4,38.56,40.72
2019-07-20 00:00:00+00:00,42.59,42.59,5.69,5.69,29.39,41.62,9.67,29.39,40.67,29.39,9.67,75.05,37.52,5.69,44.27,29.39,40.67
2019-07-21 00:00:00+00:00,42.08,42.08,6.37,6.37,20.78,40.57,9.33,20.78,40.65,20.78,9.33,75.26,32.61,6.37,41.81,20.78,40.65
2019-07-22 00:00:00+00:00,42.03,42.03,7.75,7.75,18.13,40.19,9.21,18.13,40.53,18.13,9.21,75.35,15.07,7.75,41.42,18.13,40.53
2019-07-23 00:00:00+00:00,42.16,42.16,9.05,9.05,18.08,40.2,9.39,18.08,40.98,18.08,9.39,75.95,18.99,9.05,41.79,18.08,40.98
2019-07-24 00:00:00+00:00,42.49,42.49,9.59,9.59,21.87,40.44,9.31,21.87,41.36,21.87,9.31,54.43,23.55,9.59,42.11,21.87,41.36
2019-07-25 00:00:00+00:00,44.22,44.22,10.05,10.05,30.23,40.62,9.09,30.23,41.34,30.23,9.09,18.8,25.56,10.05,42.23,30.23,41.34
2019-07-26 00:00:00+00:00,47.34,47.34,10.34,10.34,39.4,40.87,8.87,39.4,41.57,39.4,8.87,0.01,25.09,10.34,43.32,39.4,41.57
2019-07-27 00:00:00+00:00,49.64,49.64,10.55,10.55,50.88,41.22,9.11,50.88,41.84,50.88,9.11,53.84,24.02,10.55,45.14,50.88,41.84
2019-07-28 00:00:00+00:00,49.97,49.97,11.48,11.48,53.66,41.22,9.65,53.66,42.27,53.66,9.65,53.76,16.69,11.48,47.8,53.66,42.27
2019-07-29 00:00:00+00:00,50.34,50.34,14.09,14.09,60.68,41.33,10.39,60.68,42.7,60.68,10.39,31.02,29.15,14.09,48.55,60.68,42.7
2019-07-30 00:00:00+00:00,50.87,50.87,16.43,16.43,73.82,41.06,11.14,73.82,42.95,73.82,11.14,41.58,26.36,16.43,47.12,73.82,42.95
2019-07-31 00:00:00+00:00,51.8,51.8,18.84,18.84,79.08,40.62,11.74,79.08,42.96,79.08,11.74,64.61,21.97,18.84,44.23,79.08,42.96
2019-08-01 00:00:00+00:00,52.95,52.95,23.11,23.11,79.07,40.45,12.35,79.07,43.01,79.07,12.35,41.86,22.35,23.11,47.91,79.07,43.01
2019-08-02 00:00:00+00:00,54.22,54.22,27.4,27.4,78.45,40.05,12.96,78.45,42.75,78.45,12.96,38.01,28.53,27.4,47.21,78.45,42.75
2019-08-03 00:00:00+00:00,55.73,55.73,32.92,32.92,77.62,39.57,13.77,77.62,42.24,77.62,13.77,77.62,32.35,32.92,46.58,77.62,42.24
2019-08-04 00:00:00+00:00,56.38,56.38,38.09,38.09,76.0,39.59,14.47,76.0,41.38,76.0,14.47,76.0,28.0,38.09,46.52,76.0,41.38
2019-08-05 00:00:00+00:00,55.41,55.41,37.66,37.66,73.22,38.73,14.93,73.22,39.9,73.22,14.93,49.03,35.02,37.66,46.86,73.22,39.9
2019-08-06 00:00:00+00:00,54.83,54.83,37.65,37.65,72.05,38.39,15.71,72.05,39.18,72.05,15.71,27.01,32.42,37.65,47.08,72.05,39.18
2019-08-07 00:00:00+00:00,54.05,54.05,37.5,37.5,70.93,37.98,16.52,70.93,38.44,70.93,16.52,29.2,39.02,37.5,48.23,70.93,38.44
2019-08-08 00:00:00+00:00,53.24,53.24,36.59,36.59,69.62,37.74,17.3,69.62,37.88,69.62,17.3,35.75,36.86,36.59,51.16,69.62,37.88
2019-08-09 00:00:00+00:00,51.83,51.83,34.78,34.78,68.18,36.84,17.38,68.18,36.92,68.18,17.38,41.44,32.47,34.78,47.72,68.18,36.92
2019-08-10 00:00:00+00:00,51.55,51.55,32.61,32.61,67.08,35.11,16.54,67.08,37.26,67.08,16.54,32.81,28.75,32.61,41.37,67.08,37.26
2019-08-11 00:00:00+00:00,49.64,49.64,29.28,29.28,66.02,34.04,15.56,66.02,36.66,66.02,15.56,15.66,23.3,29.28,33.59,66.02,36.66
2019-08-12 00:00:00+00:00,48.98,48.98,26.82,26.82,63.74,34.35,15.36,63.74,36.92,63.74,15.36,0.01,7.45,26.82,29.11,63.74,36.92
2019-08-13 00:00:00+00:00,48.04,48.04,24.26,24.26,66.34,33.84,15.16,66.34,36.5,66.34,15.16,4.62,0.01,24.26,27.4,66.34,36.5
2019-08-14 00:00:00+00:00,48.17,48.17,22.85,22.85,63.8,33.62,15.26,63.8,36.44,63.8,15.26,19.79,0.01,22.85,26.19,63.8,36.44
2019-08-15 00:00:00+00:00,48.85,48.85,22.14,22.14,62.34,33.6,15.48,62.34,36.88,62.34,15.48,31.35,0.01,22.14,30.18,62.34,36.88
2019-08-16 00:00:00+00:00,47.57,47.57,20.68,20.68,65.93,33.38,15.24,65.93,37.67,65.93,15.24,25.44,0.01,20.68,30.1,65.93,37.67
2019-08-17 00:00:00+00:00,45.35,45.35,19.15,19.15,65.71,32.96,14.55,65.71,37.86,65.71,14.55,33.19,16.43,19.15,25.84,65.71,37.86
2019-08-18 00:00:00+00:00,44.3,44.3,18.29,18.29,66.32,33.19,13.93,66.32,37.92,66.32,13.93,27.32,3.68,18.29,22.96,66.32,37.92
2019-08-19 00:00:00+00:00,41.4,41.4,16.68,16.68,66.09,32.81,13.22,66.09,37.16,66.09,13.22,20.56,0.01,16.68,19.91,66.09,37.16
2019-08-20 00:00:00+00:00,38.96,38.96,13.37,13.37,66.33,32.68,12.7,66.33,37.08,66.33,12.7,30.89,0.01,13.37,17.94,66.33,37.08
2019-08-21 00:00:00+00:00,37.82,37.82,7.95,7.95,66.4,32.16,12.81,66.4,36.97,66.4,12.81,29.6,12.07,7.95,16.93,66.4,36.97
2019-08-22 00:00:00+00:00,36.5,36.5,2.76,2.76,49.73,31.25,13.12,49.73,36.52,49.73,13.12,21.74,22.1,2.76,15.37,49.73,36.52
2019-08-23 00:00:00+00:00,35.17,35.17,0.01,0.01,44.16,30.37,13.62,44.16,36.13,44.16,13.62,8.02,22.08,0.01,15.98,44.16,36.13
2019-08-24 00:00:00+00:00,33.5,33.5,0.01,0.01,39.49,30.25,15.11,39.49,36.28,39.49,15.11,8.36,32.91,0.01,21.64,39.49,36.28
2019-08-25 00:00:00+00:00,32.63,32.63,2.63,2.63,35.51,30.07,16.52,35.51,36.38,35.51,16.52,0.01,30.74,2.63,25.6,35.51,36.38
2019-08-26 00:00:00+00:00,32.55,32.55,12.38,12.38,33.57,29.71,17.84,33.57,36.45,33.57,17.84,0.01,33.87,12.38,26.57,33.57,36.45
2019-08-27 00:00:00+00:00,32.5,32.5,15.62,15.62,33.33,29.53,18.31,33.33,36.14,33.33,18.31,0.01,38.32,15.62,25.89,33.33,36.14
2019-08-28 00:00:00+00:00,32.07,32.07,14.34,14.34,31.95,29.82,18.6,31.95,35.52,31.95,18.6,0.01,42.75,14.34,25.24,31.95,35.52
2019-08-29 00:00:00+00:00,31.13,31.13,13.55,13.55,29.65,30.31,18.7,29.65,35.18,29.65,18.7,15.44,44.39,13.55,24.72,29.65,35.18
2019-08-30 00:00:00+00:00,29.85,29.85,14.71,14.71,13.82,30.54,18.47,13.82,34.57,13.82,18.47,52.65,37.8,14.71,23.47,13.82,34.57
2019-08-31 00:00:00+00:00,28.76,28.76,14.37,14.37,0.01,30.53,18.24,0.01,34.12,0.01,18.24,60.82,36.49,14.37,22.93,0.01,34.12
2019-09-01 00:00:00+00:00,28.52,28.52,16.16,16.16,6.28,30.78,18.23,6.28,34.09,6.28,18.23,50.54,50.87,16.16,24.12,6.28,34.09
2019-09-02 00:00:00+00:00,28.76,28.76,19.6,19.6,14.63,31.22,17.99,14.63,34.22,14.63,17.99,44.08,61.55,19.6,24.38,14.63,34.22
2019-09-03 00:00:00+00:00,29.04,29.04,22.47,22.47,21.53,31.6,17.36,21.53,34.33,21.53,17.36,29.67,53.18,22.47,22.69,21.53,34.33
2019-09-04 00:00:00+00:00,29.38,29.38,23.63,23.63,25.53,31.6,16.61,25.53,33.88,25.53,16.61,34.35,35.39,23.63,19.92,25.53,33.88
2019-09-05 00:00:00+00:00,29.33,29.33,23.43,23.43,28.59,31.8,16.34,28.59,33.28,28.59,16.34,6.94,30.44,23.43,19.02,28.59,33.28
2019-09-06 00:00:00+00:00,28.93,28.93,21.08,21.08,28.57,32.07,17.07,28.57,33.71,28.57,17.07,0.01,39.41,21.08,18.31,28.57,33.71
2019-09-07 00:00:00+00:00,28.91,28.91,20.04,20.04,28.1,31.99,17.83,28.1,35.14,28.1,17.83,0.01,30.55,20.04,20.4,28.1,35.14
2019-09-08 00:00:00+00:00,29.8,29.8,21.52,21.52,28.05,31.75,18.5,28.05,34.95,28.05,18.5,0.01,26.61,21.52,22.35,28.05,34.95
2019-09-09 00:00:00+00:00,28.66,28.66,21.66,21.66,26.52,31.06,18.19,26.52,33.05,26.52,18.19,23.78,25.86,21.66,21.48,26.52,33.05
2019-09-10 00:00:00+00:00,27.83,27.83,23.08,23.08,26.0,30.44,18.99,26.0,32.68,26.0,18.99,38.4,24.93,23.08,20.61,26.0,32.68
2019-09-11 00:00:00+00:00,28.2,28.2,25.72,25.72,26.32,29.92,20.16,26.32,32.42,26.32,20.16,32.98,23.96,25.72,20.29,26.32,32.42
2019-09-12 00:00:00+00:00,29.01,29.01,27.65,27.65,27.35,29.78,21.29,27.35,32.57,27.35,21.29,31.75,25.83,27.65,20.45,27.35,32.57
2019-09-13 00:00:00+00:00,28.17,28.17,27.54,27.54,27.55,29.74,21.93,27.55,32.49,27.55,21.93,34.36,26.32,27.54,19.19,27.55,32.49
2019-09-14 00:00:00+00:00,26.72,26.72,26.27,26.27,26.51,28.54,21.44,26.51,31.11,26.51,21.44,35.82,35.31,26.27,18.17,26.51,31.11
2019-09-15 00:00:00+00:00,23.69,23.69,24.86,24.86,25.93,28.24,20.69,25.93,30.12,25.93,20.69,34.2,40.86,24.86,17.82,25.93,30.12
2019-09-16 00:00:00+00:00,24.12,24.12,25.61,25.61,23.6,29.34,22.19,23.6,31.11,23.6,22.19,30.86,57.7,25.61,17.52,23.6,31.11
2019-09-17 00:00:00+00:00,24.94,24.94,25.86,25.86,23.61,29.78,23.11,23.61,31.57,23.61,23.11,37.87,53.89,25.86,18.13,23.61,31.57
2019-09-18 00:00:00+00:00,26.65,26.65,26.3,26.3,24.36,30.56,24.29,24.36,32.06,24.36,24.29,51.17,51.21,26.3,20.79,24.36,32.06
2019-09-19 00:00:00+00:00,29.31,29.31,26.86,26.86,25.29,31.97,25.35,25.29,32.6,25.29,25.35,60.77,50.35,26.86,25.05,25.29,32.6
2019-09-20 00:00:00+00:00,29.81,29.81,27.59,27.59,24.44,33.17,27.2,24.44,32.88,24.44,27.2,61.51,43.06,27.59,31.12,24.44,32.88
2019-09-21 00:00:00+00:00,30.2,30.2,28.8,28.8,23.33,33.75,29.23,23.33,33.47,23.33,29.23,62.5,41.67,28.8,31.65,23.33,33.47
2019-09-22 00:00:00+00:00,31.2,31.2,29.6,29.6,20.6,33.84,30.18,20.6,34.09,20.6,30.18,36.19,52.25,29.6,31.71,20.6,34.09
2019-09-23 00:00:00+00:00,31.88,31.88,30.78,30.78,19.23,34.34,30.94,19.23,34.61,19.23,30.94,22.33,59.19,30.78,31.79,19.23,34.61
2019-09-24 00:00:00+00:00,33.4,33.4,32.2,32.2,20.39,35.03,31.62,20.39,35.18,20.39,31.62,24.92,63.68,32.2,32.0,20.39,35.18
2019-09-25 00:00:00+00:00,34.57,34.57,33.48,33.48,21.86,35.79,32.29,21.86,35.86,21.86,32.29,32.13,62.37,33.48,32.42,21.86,35.86
2019-09-26 00:00:00+00:00,35.42,35.42,35.14,35.14,21.7,36.12,32.91,21.7,36.32,21.7,32.91,32.56,61.94,35.14,32.78,21.7,36.32
2019-09-27 00:00:00+00:00,36.42,36.42,36.53,36.53,22.63,35.68,33.71,22.63,36.71,22.63,33.71,0.01,66.3,36.53,30.09,22.63,36.71
2019-09-28 00:00:00+00:00,37.49,37.49,37.45,37.45,21.82,35.37,34.64,21.82,37.87,21.82,34.64,36.07,67.44,37.45,18.85,21.82,37.87
2019-09-29 00:00:00+00:00,39.42,39.42,39.04,39.04,20.83,35.77,36.02,20.83,38.73,20.83,36.02,33.53,63.39,39.04,15.65,20.83,38.73
2019-09-30 00:00:00+00:00,42.28,42.28,40.02,40.02,21.09,36.9,37.43,21.09,39.41,21.09,37.43,30.75,50.4,40.02,20.99,21.09,39.41
2019-10-01 00:00:00+00:00,46.39,46.39,41.96,41.96,23.5,39.3,39.4,23.5,40.93,23.5,39.4,47.39,49.37,41.96,24.69,23.5,40.93
2019-10-02 00:00:00+00:00,49.94,49.94,42.58,42.58,23.19,40.93,40.73,23.19,41.4,23.19,40.73,46.87,52.54,42.58,24.26,23.19,41.4
2019-10-03 00:00:00+00:00,53.43,53.43,42.51,42.51,23.1,41.34,41.92,23.1,41.87,23.1,41.92,35.26,59.95,42.51,22.82,23.1,41.87
2019-10-04 00:00:00+00:00,57.12,57.12,41.74,41.74,26.05,41.24,42.18,26.05,41.84,26.05,42.18,34.78,62.61,41.74,32.03,26.05,41.84
2019-10-05 00:00:00+00:00,59.02,59.02,40.84,40.84,27.92,40.95,41.91,27.92,41.77,27.92,41.91,73.38,47.04,40.84,35.51,27.92,41.77
2019-10-06 00:00:00+00:00,57.87,57.87,40.83,40.83,29.6,41.06,41.63,29.6,42.35,29.6,41.63,72.74,37.26,40.83,33.4,29.6,42.35
2019-10-07 00:00:00+00:00,57.88,57.88,40.14,40.14,33.74,41.46,41.55,33.74,43.49,33.74,41.55,37.87,35.17,40.14,31.72,33.74,43.49
2019-10-08 00:00:00+00:00,55.7,55.7,38.3,38.3,35.31,40.65,40.55,35.31,43.14,35.31,40.55,23.53,33.74,38.3,30.27,35.31,43.14
2019-10-09 00:00:00+00:00,55.0,55.0,36.58,36.58,39.23,41.32,40.37,39.23,43.24,39.23,40.37,21.74,33.53,36.58,28.34,39.23,43.24
2019-10-10 00:00:00+00:00,54.97,54.97,34.71,34.71,39.34,41.91,40.1,39.34,43.36,39.34,40.1,31.54,33.64,34.71,26.72,39.34,43.36
2019-10-11 00:00:00+00:00,54.94,54.94,31.02,31.02,39.81,41.53,40.24,39.81,42.93,39.81,40.24,38.24,30.78,31.02,25.14,39.81,42.93
2019-10-12 00:00:00+00:00,55.38,55.38,30.35,30.35,39.8,40.93,40.78,39.8,42.22,39.8,40.78,48.27,27.86,30.35,25.48,39.8,42.22
2019-10-13 00:00:00+00:00,56.2,56.2,29.24,29.24,39.07,40.21,41.25,39.07,41.75,39.07,41.25,54.1,18.19,29.24,26.7,39.07,41.75
2019-10-14 00:00:00+00:00,57.26,57.26,29.14,29.14,40.82,39.5,41.71,40.82,41.36,40.82,41.71,69.56,2.87,29.14,24.4,40.82,41.36
2019-10-15 00:00:00+00:00,57.85,57.85,31.79,31.79,44.6,38.75,42.25,44.6,40.91,44.6,42.25,44.08,0.01,31.79,18.41,44.6,40.91
2019-10-16 00:00:00+00:00,57.9,57.9,34.86,34.86,50.6,38.34,42.49,50.6,40.57,50.6,42.49,38.73,0.01,34.86,9.2,50.6,40.57
2019-10-17 00:00:00+00:00,58.55,58.55,37.41,37.41,52.85,38.09,42.63,52.85,40.0,52.85,42.63,30.2,0.01,37.41,4.05,52.85,40.0
2019-10-18 00:00:00+00:00,59.17,59.17,38.82,38.82,43.29,37.5,42.72,43.29,39.53,43.29,42.72,40.87,0.01,38.82,1.16,43.29,39.53
2019-10-19 00:00:00+00:00,60.29,60.29,39.59,39.59,37.17,33.52,42.4,37.17,38.26,37.17,42.4,54.62,0.01,39.59,0.52,37.17,38.26
2019-10-20 00:00:00+00:00,62.44,62.44,39.95,39.95,36.24,32.35,42.45,36.24,38.73,36.24,42.45,48.5,0.01,39.95,5.12,36.24,38.73
2019-10-21 00:00:00+00:00,70.34,70.34,40.52,40.52,38.02,37.38,42.64,38.02,39.38,38.02,42.64,24.64,0.01,40.52,8.0,38.02,39.38
2019-10-22 00:00:00+00:00,75.07,75.07,41.46,41.46,39.85,37.76,42.79,39.85,39.84,39.85,42.79,11.03,0.01,41.46,10.63,39.85,39.84
2019-10-23 00:00:00+00:00,75.62,75.62,42.07,42.07,39.83,38.0,42.92,39.83,39.62,39.83,42.92,7.31,0.01,42.07,11.17,39.83,39.62
2019-10-24 00:00:00+00:00,76.25,76.25,42.19,42.19,38.56,35.12,42.79,38.56,39.47,38.56,42.79,30.68,1.39,42.19,8.72,38.56,39.47
2019-10-25 00:00:00+00:00,76.91,76.91,41.69,41.69,33.88,19.71,42.31,33.88,39.05,33.88,42.31,45.15,6.41,41.69,11.76,33.88,39.05
2019-10-26 00:00:00+00:00,73.92,73.92,41.36,41.36,31.8,12.47,42.18,31.8,38.69,31.8,42.18,52.96,19.72,41.36,11.89,31.8,38.69
2019-10-27 00:00:00+00:00,70.0,70.0,41.26,41.26,32.46,12.25,42.17,32.46,38.17,32.46,42.17,55.2,32.51,41.26,11.08,32.46,38.17
2019-10-28 00:00:00+00:00,68.72,68.72,41.47,41.47,36.37,13.66,42.33,36.37,38.14,36.37,42.33,52.05,33.4,41.47,10.02,36.37,38.14
2019-10-29 00:00:00+00:00,68.77,68.77,42.43,42.43,39.85,15.09,42.51,39.85,38.32,39.85,42.51,52.16,26.8,42.43,7.31,39.85,38.32
2019-10-30 00:00:00+00:00,69.5,69.5,43.11,43.11,40.68,15.83,43.04,40.68,38.94,40.68,43.04,58.36,31.42,43.11,7.1,40.68,38.94
2019-10-31 00:00:00+00:00,73.12,73.12,44.7,44.7,42.36,19.41,45.09,42.36,40.73,42.36,45.09,58.43,37.76,44.7,8.75,42.36,40.73
2019-11-01 00:00:00+00:00,75.2,75.2,45.08,45.08,42.84,23.3,46.07,42.84,41.83,42.84,46.07,61.95,42.27,45.08,12.46,42.84,41.83
2019-11-02 00:00:00+00:00,77.7,77.7,44.77,44.77,44.3,27.77,47.47,44.3,43.32,44.3,47.47,53.25,70.34,44.77,14.7,44.3,43.32
2019-11-03 00:00:00+00:00,78.68,78.68,44.39,44.39,46.68,35.36,48.2,46.68,43.87,46.68,48.2,42.19,65.45,44.39,14.32,46.68,43.87
2019-11-04 00:00:00+00:00,79.5,79.5,45.56,45.56,48.86,43.85,49.09,48.86,44.97,48.86,49.09,47.44,56.84,45.56,16.94,48.86,44.97
2019-11-05 00:00:00+00:00,79.79,79.79,46.65,46.65,50.09,45.23,49.88,50.09,45.68,50.09,49.88,67.35,58.41,46.65,20.18,50.09,45.68
2019-11-06 00:00:00+00:00,79.72,79.72,47.36,47.36,50.11,45.61,50.32,50.11,45.96,50.11,50.32,67.49,71.9,47.36,22.7,50.11,45.96
2019-11-07 00:00:00+00:00,78.44,78.44,47.21,47.21,49.17,44.96,49.87,49.17,43.14,49.17,49.87,87.95,83.07,47.21,24.4,49.17,43.14
2019-11-08 00:00:00+00:00,79.16,79.16,48.35,48.35,49.01,45.29,50.7,49.01,40.86,49.01,50.7,88.12,88.12,48.35,27.72,49.01,40.86
2019-11-09 00:00:00+00:00,78.25,78.25,47.3,47.3,48.22,45.26,50.38,48.22,40.41,48.22,50.38,86.55,86.55,47.3,32.19,48.22,40.41
2019-11-10 00:00:00+00:00,78.49,78.49,46.83,46.83,47.95,48.01,50.79,47.95,40.59,47.95,50.79,73.25,86.21,46.83,34.93,47.95,40.59
2019-11-11 00:00:00+00:00,78.53,78.53,46.58,46.58,47.92,48.06,51.4,47.92,40.65,47.92,51.4,49.36,79.76,46.58,36.08,47.92,40.65
2019-11-12 00:00:00+00:00,78.45,78.45,46.42,46.42,47.84,48.02,51.93,47.84,40.96,47.84,51.93,43.98,79.99,46.42,37.18,47.84,40.96
2019-11-13 00:00:00+00:00,78.35,78.35,47.19,47.19,47.37,48.01,52.37,47.37,41.08,47.37,52.37,41.03,79.52,47.19,37.33,47.37,41.08
2019-11-14 00:00:00+00:00,78.31,78.31,48.18,48.18,47.5,47.97,52.36,47.5,41.26,47.5,52.36,38.92,74.49,48.18,37.46,47.5,41.26
2019-11-15 00:00:00+00:00,77.74,77.74,45.13,45.13,48.7,46.84,51.64,48.7,41.24,48.7,51.64,44.79,78.69,45.13,38.21,48.7,41.24
2019-11-16 00:00:00+00:00,78.06,78.06,42.24,42.24,49.39,46.09,51.44,49.39,41.11,49.39,51.44,67.98,81.31,42.24,39.32,49.39,41.11
2019-11-17 00:00:00+00:00,78.07,78.07,40.94,40.94,49.26,45.87,51.29,49.26,40.95,49.26,51.29,56.13,82.19,40.94,38.72,49.26,40.95
2019-11-18 00:00:00+00:00,78.14,78.14,41.6,41.6,49.53,46.22,51.34,49.53,41.51,49.53,51.34,41.72,81.79,41.6,37.9,49.53,41.51
2019-11-19 00:00:00+00:00,78.84,78.84,41.23,41.23,51.03,47.07,51.83,51.03,42.37,51.03,51.83,44.6,82.01,41.23,39.36,51.03,42.37
2019-11-20 00:00:00+00:00,80.43,80.43,42.32,42.32,51.18,47.88,52.74,51.18,44.58,51.18,52.74,47.71,45.3,42.32,41.69,51.18,44.58
2019-11-21 00:00:00+00:00,80.48,80.48,41.86,41.86,50.16,47.49,52.45,50.16,48.88,50.16,52.45,35.35,37.45,41.86,41.69,50.16,48.88
2019-11-22 00:00:00+00:00,81.07,81.07,40.32,40.32,49.69,46.7,52.1,49.69,45.92,49.69,52.1,56.81,31.26,40.32,42.02,49.69,45.92
2019-11-23 00:00:00+00:00,82.16,82.16,36.72,36.72,49.61,45.84,51.8,49.61,48.63,49.61,51.8,52.04,25.64,36.72,42.63,49.61,48.63
2019-11-24 00:00:00+00:00,83.67,83.67,34.66,34.66,50.09,46.35,52.27,50.09,53.8,50.09,52.27,45.89,25.61,34.66,43.4,50.09,53.8
2019-11-25 00:00:00+00:00,84.21,84.21,38.96,38.96,50.85,47.5,53.65,50.85,56.66,50.85,53.65,12.99,27.0,38.96,43.88,50.85,56.66
2019-11-26 00:00:00+00:00,84.55,84.55,42.54,42.54,52.1,48.48,53.06,52.1,57.84,52.1,53.06,19.57,23.27,42.54,44.26,52.1,57.84
2019-11-27 00:00:00+00:00,84.67,84.67,44.27,44.27,53.11,49.28,53.21,53.11,56.93,53.11,53.21,43.59,17.34,44.27,44.58,53.11,56.93
2019-11-28 00:00:00+00:00,84.42,84.42,44.51,44.51,53.72,49.76,52.91,53.72,54.37,53.72,52.91,46.38,16.14,44.51,44.53,53.72,54.37
2019-11-29 00:00:00+00:00,83.97,83.97,44.5,44.5,53.83,50.17,52.7,53.83,51.01,53.83,52.7,75.92,20.99,44.5,44.47,53.83,51.01
2019-11-30 00:00:00+00:00,82.93,82.93,44.17,44.17,53.47,49.98,51.97,53.47,46.28,53.47,51.97,68.44,28.25,44.17,44.11,53.47,46.28
2019-12-01 00:00:00+00:00,81.71,81.71,43.08,43.08,52.98,49.6,51.27,52.98,49.01,52.98,51.27,44.67,28.99,43.08,43.31,52.98,49.01
2019-12-02 00:00:00+00:00,80.67,80.67,42.45,42.45,53.05,49.1,50.77,53.05,52.73,53.05,50.77,42.48,27.76,42.45,42.88,53.05,52.73
2019-12-03 00:00:00+00:00,79.16,79.16,41.49,41.49,52.74,48.24,49.87,52.74,51.47,52.74,49.87,50.54,25.54,41.49,41.91,52.74,51.47
2019-12-04 00:00:00+00:00,78.17,78.17,40.39,40.39,52.44,47.33,49.21,52.44,48.73,52.44,49.21,49.64,28.58,40.39,41.51,52.44,48.73
2019-12-05 00:00:00+00:00,77.35,77.35,39.18,39.18,51.85,45.8,48.79,51.85,44.84,51.85,48.79,60.77,29.01,39.18,41.59,51.85,44.84
2019-12-06 00:00:00+00:00,77.2,77.2,38.35,38.35,51.4,44.66,48.86,51.4,42.89,51.4,48.86,76.32,36.16,38.35,42.22,51.4,42.89
2019-12-07 00:00:00+00:00,77.05,77.05,37.97,37.97,50.83,44.15,48.77,50.83,40.62,50.83,48.77,70.76,45.6,37.97,42.98,50.83,40.62
2019-12-08 00:00:00+00:00,76.87,76.87,37.99,37.99,50.57,44.02,47.73,50.57,38.43,50.57,47.73,61.09,45.22,37.99,43.61,50.57,38.43
2019-12-09 00:00:00+00:00,76.55,76.55,38.36,38.36,50.24,43.52,46.78,50.24,38.85,50.24,46.78,38.96,41.08,38.36,43.81,50.24,38.85
2019-12-10 00:00:00+00:00,76.86,76.86,38.97,38.97,50.25,42.95,46.82,50.25,39.95,50.25,46.82,39.43,39.37,38.97,44.27,50.25,39.95
2019-12-11 00:00:00+00:00,76.08,76.08,38.31,38.31,49.27,41.87,46.17,49.27,39.63,49.27,46.17,40.92,32.37,38.31,44.05,49.27,39.63
2019-12-12 00:00:00+00:00,76.18,76.18,38.19,38.19,49.01,41.3,46.03,49.01,40.23,49.01,46.03,33.06,35.76,38.19,44.35,49.01,40.23
2019-12-13 00:00:00+00:00,75.8,75.8,37.82,37.82,48.49,40.39,45.5,48.49,39.69,48.49,45.5,42.54,35.26,37.82,44.63,48.49,39.69
2019-12-14 00:00:00+00:00,75.63,75.63,37.82,37.82,47.54,39.31,45.23,47.54,39.11,47.54,45.23,67.62,28.81,37.82,45.19,47.54,39.11
2019-12-15 00:00:00+00:00,75.4,75.4,37.86,37.86,46.51,38.41,44.96,46.51,38.75,46.51,44.96,67.79,19.33,37.86,45.55,46.51,38.75
2019-12-16 00:00:00+00:00,75.51,75.51,39.86,39.86,45.99,38.06,45.09,45.99,38.92,45.99,45.09,51.09,5.67,39.86,45.79,45.99,38.92
2019-12-17 00:00:00+00:00,74.73,74.73,40.45,40.45,44.78,37.77,44.75,44.78,38.78,44.78,44.75,44.84,6.23,40.45,45.37,44.78,38.78
2019-12-18 00:00:00+00:00,74.13,74.13,39.67,39.67,44.23,37.73,44.21,44.23,39.71,44.23,44.21,44.05,6.95,39.67,45.21,44.23,39.71
2019-12-19 00:00:00+00:00,73.37,73.37,38.87,38.87,43.35,36.9,43.85,43.35,40.7,43.35,43.85,59.22,9.78,38.87,45.76,43.35,40.7
2019-12-20 00:00:00+00:00,73.18,73.18,38.08,38.08,42.91,36.05,43.63,42.91,40.66,42.91,43.63,73.18,4.07,38.08,46.59,42.91,40.66
2019-12-21 00:00:00+00:00,73.47,73.47,37.38,37.38,42.89,36.24,43.83,42.89,40.26,42.89,43.83,55.94,31.49,37.38,47.21,42.89,40.26
2019-12-22 00:00:00+00:00,73.12,73.12,36.65,36.65,42.43,36.31,43.81,42.43,40.38,42.43,43.81,39.47,36.56,36.65,47.45,42.43,40.38
2019-12-23 00:00:00+00:00,72.14,72.14,36.01,36.01,42.07,35.93,43.29,42.07,39.92,42.07,43.29,40.07,36.81,36.01,47.15,42.07,39.92
2019-12-24 00:00:00+00:00,71.23,71.23,35.79,35.79,42.01,34.98,42.69,42.01,39.38,42.01,42.69,37.79,35.61,35.79,46.87,42.01,39.38
2019-12-25 00:00:00+00:00,70.17,70.17,35.65,35.65,41.66,34.07,41.9,41.66,38.87,41.66,41.9,40.36,26.06,35.65,46.77,41.66,38.87
2019-12-26 00:00:00+00:00,68.69,68.69,35.28,35.28,40.81,34.04,41.13,40.81,38.31,40.81,41.13,24.8,22.9,35.28,46.63,40.81,38.31
2019-12-27 00:00:00+00:00,66.95,66.95,34.48,34.48,39.99,34.46,40.17,39.99,38.23,39.99,40.17,25.08,14.56,34.48,46.37,39.99,38.23
2019-12-28 00:00:00+00:00,64.48,64.48,32.69,32.69,38.9,33.45,41.41,38.9,37.41,38.9,41.41,32.98,18.42,32.69,45.34,38.9,37.41
2019-12-29 00:00:00+00:00,62.83,62.83,29.2,29.2,38.36,32.58,40.06,38.36,36.06,38.36,40.06,35.0,19.84,29.2,43.63,38.36,36.06
2019-12-30 00:00:00+00:00,62.01,62.01,23.91,23.91,37.94,31.91,39.37,37.94,34.43,37.94,39.37,14.12,31.76,23.91,42.46,37.94,34.43
2019-12-31 00:00:00+00:00,61.07,61.07,20.2,20.2,37.81,30.94,38.61,37.81,33.75,37.81,38.61,29.9,26.87,20.2,42.04,37.81,33.75
2020-01-01 00:00:00+00:00,60.08,60.08,17.89,17.89,34.87,29.97,37.47,34.87,34.42,34.87,37.47,55.89,16.02,17.89,41.95,34.87,34.42
2020-01-02 00:00:00+00:00,58.89,58.89,15.46,15.46,31.88,22.65,36.99,31.88,32.44,31.88,36.99,53.79,10.39,15.46,41.78,31.88,32.44
2020-01-03 00:00:00+00:00,57.97,57.97,14.1,14.1,31.24,21.17,36.31,31.24,31.22,31.24,36.31,51.05,15.34,14.1,41.9,31.24,31.22
2020-01-04 00:00:00+00:00,57.64,57.64,14.97,14.97,30.8,20.5,36.15,30.8,31.09,30.8,36.15,37.87,23.06,14.97,42.01,30.8,31.09
2020-01-05 00:00:00+00:00,56.52,56.52,15.68,15.68,30.0,19.77,35.5,30.0,30.58,30.0,35.5,39.19,25.12,15.68,41.16,30.0,30.58
2020-01-06 00:00:00+00:00,54.85,54.85,15.39,15.39,28.75,18.16,34.12,28.75,29.49,28.75,34.12,38.61,19.46,15.39,40.01,28.75,29.49
2020-01-07 00:00:00+00:00,52.51,52.51,13.38,13.38,28.05,15.77,33.12,28.05,28.14,28.05,33.12,34.35,17.95,13.38,38.9,28.05,28.14
2020-01-08 00:00:00+00:00,49.1,49.1,11.66,11.66,27.08,13.62,31.92,27.08,26.88,27.08,31.92,29.61,20.66,11.66,37.1,27.08,26.88
2020-01-09 00:00:00+00:00,46.74,46.74,12.26,12.26,26.58,12.79,31.44,26.58,26.37,26.58,31.44,13.09,32.09,12.26,36.12,26.58,26.37
2020-01-10 00:00:00+00:00,44.15,44.15,11.86,11.86,25.98,11.62,30.61,25.98,25.84,25.98,30.61,6.48,23.9,11.86,34.9,25.98,25.84
2020-01-11 00:00:00+00:00,41.5,41.5,9.92,9.92,25.2,9.52,29.6,25.2,25.22,25.2,29.6,17.62,24.97,9.92,33.59,25.2,25.22
2020-01-12 00:00:00+00:00,39.49,39.49,9.64,9.64,24.8,8.02,29.12,24.8,24.94,24.8,29.12,6.97,33.69,9.64,32.37,24.8,24.94
2020-01-13 00:00:00+00:00,37.69,37.69,9.52,9.52,24.54,7.23,28.52,24.54,24.63,24.54,28.52,0.01,29.03,9.52,31.1,24.54,24.63
2020-01-14 00:00:00+00:00,35.44,35.44,9.21,9.21,23.65,6.63,27.64,23.65,23.79,23.65,27.64,17.18,23.2,9.21,29.48,23.65,23.79
2020-01-15 00:00:00+00:00,33.45,33.45,9.39,9.39,22.88,6.32,26.97,22.88,22.93,22.88,26.97,23.95,24.23,9.39,28.11,22.88,22.93
2020-01-16 00:00:00+00:00,31.67,31.67,8.9,8.9,22.24,5.89,26.44,22.24,22.66,22.24,26.44,25.9,29.21,8.9,27.22,22.24,22.66
2020-01-17 00:00:00+00:00,29.69,29.69,6.49,6.49,21.61,5.07,25.72,21.61,21.81,21.61,25.72,44.8,28.34,6.49,26.54,21.61,21.81
2020-01-18 00:00:00+00:00,27.91,27.91,2.4,2.4,21.14,3.67,24.86,21.14,21.0,21.14,24.86,43.54,24.61,2.4,26.44,21.14,21.0
2020-01-19 00:00:00+00:00,26.79,26.79,0.01,0.01,20.94,2.48,24.32,20.94,20.85,20.94,24.32,35.5,14.26,0.01,26.42,20.94,20.85
2020-01-20 00:00:00+00:00,25.33,25.33,0.01,0.01,20.58,1.25,23.69,20.58,20.49,20.58,23.69,25.9,11.98,0.01,25.98,20.58,20.49
2020-01-21 00:00:00+00:00,24.24,24.24,0.01,0.01,20.39,0.01,23.17,20.39,20.05,20.39,23.17,25.12,12.01,0.01,25.58,20.39,20.05
2020-01-22 00:00:00+00:00,23.53,23.53,0.01,0.01,20.42,0.01,22.96,20.42,20.15,20.42,22.96,28.19,17.11,0.01,25.6,20.42,20.15
2020-01-23 00:00:00+00:00,22.74,22.74,0.01,0.01,20.49,0.01,22.63,20.49,19.99,20.49,22.63,27.04,12.52,0.01,26.06,20.49,19.99
2020-01-24 00:00:00+00:00,22.12,22.12,0.01,0.01,20.58,0.01,22.45,20.58,19.92,20.58,22.45,23.18,15.0,0.01,26.98,20.58,19.92
2020-01-25 00:00:00+00:00,21.51,21.51,0.01,0.01,20.4,0.01,22.05,20.4,19.81,20.4,22.05,26.82,14.86,0.01,27.63,20.4,19.81
2020-01-26 00:00:00+00:00,20.83,20.83,0.01,0.01,19.74,0.01,21.26,19.74,19.27,19.74,21.26,27.49,12.19,0.01,27.52,19.74,19.27
2020-01-27 00:00:00+00:00,20.02,20.02,0.01,0.01,18.81,0.01,20.74,18.81,18.79,18.81,20.74,10.98,8.62,0.01,27.57,18.81,18.79
2020-01-28 00:00:00+00:00,19.59,19.59,2.38,2.38,18.41,0.01,20.4,18.41,18.29,18.41,20.4,0.01,4.44,2.38,27.76,18.41,18.29
2020-01-29 00:00:00+00:00,19.1,19.1,7.41,7.41,17.96,0.01,20.07,17.96,17.92,17.96,20.07,19.16,6.83,7.41,27.62,17.96,17.92
2020-01-30 00:00:00+00:00,18.39,18.39,10.13,10.13,17.26,0.01,19.4,17.26,17.44,17.26,19.4,21.58,9.99,10.13,26.97,17.26,17.44
2020-01-31 00:00:00+00:00,17.6,17.6,8.93,8.93,16.65,0.01,18.56,16.65,16.62,16.65,18.56,20.52,12.46,8.93,25.9,16.65,16.62
2020-02-01 00:00:00+00:00,17.16,17.16,7.69,7.69,16.3,0.01,18.0,16.3,16.12,16.3,18.0,30.49,13.03,7.69,25.07,16.3,16.12
2020-02-02 00:00:00+00:00,16.8,16.8,8.68,8.68,15.9,0.01,17.54,15.9,15.84,15.9,17.54,33.63,12.98,8.68,24.37,15.9,15.84
2020-02-03 00:00:00+00:00,15.89,15.89,9.51,9.51,14.64,0.01,16.65,14.64,14.98,14.64,16.65,32.0,5.97,9.51,23.17,14.64,14.98
2020-02-04 00:00:00+00:00,15.01,15.01,9.47,9.47,13.1,0.01,15.62,13.1,13.99,13.1,15.62,30.07,0.01,9.47,21.77,13.1,13.99
2020-02-05 00:00:00+00:00,14.34,14.34,9.86,9.86,11.35,0.01,14.67,11.35,13.19,11.35,14.67,28.33,4.05,9.86,20.52,11.35,13.19
2020-02-06 00:00:00+00:00,14.02,14.02,10.46,10.46,10.1,0.01,14.11,10.1,12.69,10.1,14.11,18.09,7.68,10.46,19.72,10.1,12.69
2020-02-07 00:00:00+00:00,13.82,13.82,8.37,8.37,9.54,0.01,13.61,9.54,12.53,9.54,13.61,9.01,13.2,8.37,18.98,9.54,12.53
2020-02-08 00:00:00+00:00,13.66,13.66,3.73,3.73,9.34,0.01,13.06,9.34,12.28,9.34,13.06,15.98,13.15,3.73,18.18,9.34,12.28
2020-02-09 00:00:00+00:00,13.91,13.91,0.01,0.01,9.12,0.01,12.57,9.12,11.79,9.12,12.57,24.52,11.53,0.01,17.52,9.12,11.79
2020-02-10 00:00:00+00:00,13.91,13.91,0.01,0.01,8.85,0.01,12.11,8.85,11.15,8.85,12.11,24.33,11.59,0.01,16.92,8.85,11.15
2020-02-11 00:00:00+00:00,14.23,14.23,0.01,0.01,8.75,0.01,11.82,8.75,10.88,8.75,11.82,19.79,10.54,0.01,16.44,8.75,10.88
2020-02-12 00:00:00+00:00,14.47,14.47,0.04,0.04,8.49,0.01,11.5,8.49,10.55,8.49,11.5,16.5,8.95,0.04,15.9,8.49,10.55
2020-02-13 00:00:00+00:00,14.65,14.65,0.24,0.24,8.27,0.01,11.19,8.27,10.47,8.27,11.19,4.41,9.5,0.24,15.3,8.27,10.47
2020-02-14 00:00:00+00:00,14.43,14.43,0.01,0.01,8.02,0.01,10.63,8.02,10.44,8.02,10.63,2.02,9.58,0.01,14.4,8.02,10.44
2020-02-15 00:00:00+00:00,13.94,13.94,0.01,0.01,7.56,0.01,9.91,7.56,10.01,7.56,9.91,13.29,10.73,0.01,13.42,7.56,10.01
2020-02-16 00:00:00+00:00,13.53,13.53,0.01,0.01,7.07,0.01,9.31,7.07,9.41,7.07,9.31,19.37,12.77,0.01,12.52,7.07,9.41
2020-02-17 00:00:00+00:00,13.52,13.52,0.01,0.01,6.68,0.01,9.19,6.68,9.27,6.68,9.19,8.8,10.86,0.01,12.21,6.68,9.27
2020-02-18 00:00:00+00:00,13.46,13.46,0.01,0.01,6.46,0.01,8.98,6.46,9.23,6.46,8.98,4.38,7.35,0.01,11.83,6.46,9.23
2020-02-19 00:00:00+00:00,13.46,13.46,0.84,0.84,6.29,0.01,8.81,6.29,9.25,6.29,8.81,4.37,6.13,0.84,11.48,6.29,9.25
2020-02-20 00:00:00+00:00,13.6,13.6,1.84,1.84,6.04,0.01,8.71,6.04,9.26,6.04,8.71,6.18,5.84,1.84,11.17,6.04,9.26
2020-02-21 00:00:00+00:00,14.08,14.08,2.71,2.71,5.8,0.01,8.8,5.8,9.43,5.8,8.8,8.22,5.72,2.71,11.07,5.8,9.43
2020-02-22 00:00:00+00:00,14.87,14.87,3.56,3.56,5.67,0.01,9.04,5.67,9.75,5.67,9.04,11.19,5.12,3.56,11.15,5.67,9.75
2020-02-23 00:00:00+00:00,15.75,15.75,4.33,4.33,5.69,0.01,9.29,5.69,10.17,5.69,9.29,4.81,0.01,4.33,11.27,5.69,10.17
2020-02-24 00:00:00+00:00,16.37,16.37,4.97,4.97,5.69,0.01,9.44,5.69,10.56,5.69,9.44,0.01,0.01,4.97,11.22,5.69,10.56
2020-02-25 00:00:00+00:00,16.95,16.95,5.51,5.51,5.75,0.01,9.51,5.75,10.66,5.75,9.51,4.21,0.01,5.51,11.06,5.75,10.66
2020-02-26 00:00:00+00:00,17.3,17.3,5.97,5.97,5.75,0.01,9.52,5.75,10.69,5.75,9.52,11.64,0.01,5.97,10.97,5.75,10.69
2020-02-27 00:00:00+00:00,17.22,17.22,6.49,6.49,5.68,0.01,9.46,5.68,10.7,5.68,9.46,20.01,0.01,6.49,10.95,5.68,10.7
2020-02-28 00:00:00+00:00,16.79,16.79,6.93,6.93,5.58,0.01,9.42,5.58,10.84,5.58,9.42,19.87,0.01,6.93,10.88,5.58,10.84
2020-02-29 00:00:00+00:00,17.02,17.02,7.77,7.77,5.61,0.89,9.66,5.61,11.15,5.61,9.66,17.5,1.31,7.77,11.07,5.61,11.15
2020-03-01 00:00:00+00:00,16.76,16.76,8.16,8.16,5.64,0.01,9.58,5.64,11.18,5.64,9.58,11.86,0.01,8.16,11.12,5.64,11.18
2020-03-02 00:00:00+00:00,16.62,16.62,8.58,8.58,5.62,0.01,9.59,5.62,11.16,5.62,9.59,17.49,0.01,8.58,10.9,5.62,11.16
2020-03-03 00:00:00+00:00,16.38,16.38,8.86,8.86,5.58,0.21,9.59,5.58,11.28,5.58,9.59,16.04,0.01,8.86,10.58,5.58,11.28
2020-03-04 00:00:00+00:00,16.03,16.03,9.12,9.12,5.52,0.81,9.55,5.52,11.39,5.52,9.55,9.79,4.77,9.12,10.37,5.52,11.39
2020-03-05 00:00:00+00:00,15.68,15.68,9.39,9.39,5.49,0.91,9.43,5.49,11.32,5.49,9.43,6.68,4.71,9.39,10.2,5.49,11.32
2020-03-06 00:00:00+00:00,15.14,15.14,9.54,9.54,5.46,0.83,9.19,5.46,11.19,5.46,9.19,0.01,7.32,9.54,9.92,5.46,11.19
2020-03-07 00:00:00+00:00,14.25,14.25,9.32,9.32,5.18,0.62,8.74,5.18,10.81,5.18,8.74,8.55,8.54,9.32,9.44,5.18,10.81
2020-03-08 00:00:00+00:00,13.62,13.62,9.11,9.11,4.95,0.65,8.45,4.95,10.55,4.95,8.45,18.05,6.02,9.11,9.13,4.95,10.55
2020-03-09 00:00:00+00:00,12.88,12.88,8.8,8.8,4.72,1.53,8.11,4.72,10.36,4.72,8.11,12.48,1.08,8.8,8.7,4.72,10.36
2020-03-10 00:00:00+00:00,12.28,12.28,8.59,8.59,4.54,3.38,7.87,4.54,10.15,4.54,7.87,12.19,0.01,8.59,8.14,4.54,10.15
2020-03-11 00:00:00+00:00,11.59,11.59,8.42,8.42,4.3,4.72,7.58,4.3,9.73,4.3,7.58,12.41,0.01,8.42,7.65,4.3,9.73
2020-03-12 00:00:00+00:00,10.88,10.88,8.27,8.27,4.1,5.32,7.28,4.1,9.36,4.1,7.28,11.22,0.01,8.27,7.34,4.1,9.36
2020-03-13 00:00:00+00:00,10.36,10.36,8.19,8.19,4.11,5.9,7.08,4.11,9.34,4.11,7.08,3.32,0.01,8.19,7.15,4.11,9.34
2020-03-14 00:00:00+00:00,9.9,9.9,8.25,8.25,4.14,6.25,6.98,4.14,9.43,4.14,6.98,3.17,0.01,8.25,7.1,4.14,9.43
2020-03-15 00:00:00+00:00,9.48,9.48,8.24,8.24,4.11,6.55,6.87,4.11,9.29,4.11,6.87,14.77,0.01,8.24,7.01,4.11,9.29
2020-03-16 00:00:00+00:00,9.3,9.3,8.31,8.31,4.2,6.66,6.83,4.2,9.36,4.2,6.83,6.33,0.01,8.31,6.92,4.2,9.36
2020-03-17 00:00:00+00:00,9.54,9.54,8.29,8.29,4.23,6.41,6.73,4.23,9.35,4.23,6.73,2.85,0.01,8.29,6.64,4.23,9.35
2020-03-18 00:00:00+00:00,10.44,10.44,8.22,8.22,4.16,6.54,6.66,4.16,9.22,4.16,6.66,2.25,0.01,8.22,6.4,4.16,9.22
2020-03-19 00:00:00+00:00,11.82,11.82,8.17,8.17,4.16,7.01,6.62,4.16,9.26,4.16,6.62,0.01,0.68,8.17,6.19,4.16,9.26
2020-03-20 00:00:00+00:00,12.71,12.71,8.12,8.12,4.28,7.12,6.57,4.28,9.41,4.28,6.57,0.01,1.05,8.12,5.99,4.28,9.41
2020-03-21 00:00:00+00:00,12.67,12.67,8.0,8.0,4.2,6.93,6.37,4.2,9.39,4.2,6.37,0.01,0.01,8.0,5.64,4.2,9.39
2020-03-22 00:00:00+00:00,12.02,12.02,7.7,7.7,4.01,6.59,6.06,4.01,9.09,4.01,6.06,1.84,0.01,7.7,5.27,4.01,9.09
2020-03-23 00:00:00+00:00,11.42,11.42,7.47,7.47,3.94,6.61,5.83,3.94,8.81,3.94,5.83,4.88,0.01,7.47,5.13,3.94,8.81
2020-03-24 00:00:00+00:00,11.0,11.0,7.32,7.32,3.89,6.77,5.67,3.89,8.67,3.89,5.67,8.16,0.01,7.32,4.78,3.89,8.67
2020-03-25 00:00:00+00:00,10.52,10.52,7.07,7.07,3.79,6.9,5.43,3.79,8.39,3.79,5.43,7.76,0.01,7.07,4.57,3.79,8.39
2020-03-26 00:00:00+00:00,10.04,10.04,6.81,6.81,3.79,7.24,5.2,3.79,7.99,3.79,5.2,3.35,0.01,6.81,4.37,3.79,7.99
2020-03-27 00:00:00+00:00,9.59,9.59,6.48,6.48,3.83,7.62,4.91,3.83,7.44,3.83,4.91,2.17,0.01,6.48,4.17,3.83,7.44
2020-03-28 00:00:00+00:00,9.09,9.09,6.17,6.17,3.79,7.91,4.64,3.79,7.0,3.79,4.64,6.59,0.01,6.17,4.05,3.79,7.0
2020-03-29 00:00:00+00:00,8.93,8.93,6.1,6.1,3.84,8.08,4.55,3.84,6.84,3.84,4.55,6.62,0.01,6.1,4.21,3.84,6.84
2020-03-30 00:00:00+00:00,8.81,8.81,6.04,6.04,3.93,7.56,4.48,3.93,6.8,3.93,4.48,3.0,0.4,6.04,4.12,3.93,6.8
2020-03-31 00:00:00+00:00,8.31,8.31,5.72,5.72,3.77,6.14,4.21,3.77,6.5,3.77,4.21,0.01,0.96,5.72,3.92,3.77,6.5
2020-04-01 00:00:00+00:00,8.15,8.15,5.63,5.63,3.77,5.16,4.11,3.77,6.47,3.77,4.11,0.01,3.37,5.63,3.87,3.77,6.47
2020-04-02 00:00:00+00:00,8.03,8.03,5.59,5.59,3.79,4.31,4.06,3.79,6.48,3.79,4.06,0.01,3.12,5.59,3.84,3.79,6.48
2020-04-03 00:00:00+00:00,8.21,8.21,5.69,5.69,3.91,3.97,4.08,3.91,6.61,3.91,4.08,0.01,2.62,5.69,3.89,3.91,6.61
2020-04-04 00:00:00+00:00,8.69,8.69,5.91,5.91,4.1,3.86,4.19,4.1,6.94,4.1,4.19,0.01,3.26,5.91,4.03,4.1,6.94
2020-04-05 00:00:00+00:00,9.12,9.12,6.05,6.05,4.21,3.9,4.23,4.21,7.12,4.21,4.23,0.15,3.88,6.05,4.11,4.21,7.12
2020-04-06 00:00:00+00:00,9.03,9.03,6.02,6.02,4.17,3.9,4.16,4.17,7.1,4.17,4.16,0.65,3.15,6.02,4.07,4.17,7.1
2020-04-07 00:00:00+00:00,8.53,8.53,5.75,5.75,4.0,3.64,3.93,4.0,6.78,4.0,3.93,0.01,2.98,5.75,3.87,4.0,6.78
2020-04-08 00:00:00+00:00,8.58,8.58,5.86,5.86,4.16,3.65,3.96,4.16,6.94,4.16,3.96,0.01,3.35,5.86,3.9,4.16,6.94
2020-04-09 00:00:00+00:00,8.56,8.56,5.93,5.93,4.27,4.14,3.95,4.27,7.1,4.27,3.95,1.76,3.34,5.93,3.91,4.27,7.1
2020-04-10 00:00:00+00:00,8.55,8.55,6.05,6.05,4.26,5.13,3.95,4.26,7.23,4.26,3.95,1.83,2.91,6.05,3.93,4.26,7.23
2020-04-11 00:00:00+00:00,8.55,8.55,6.23,6.23,4.23,5.42,3.97,4.23,7.35,4.23,3.97,4.31,3.16,6.23,3.96,4.23,7.35
2020-04-12 00:00:00+00:00,8.59,8.59,6.43,6.43,4.19,4.18,4.01,4.19,7.52,4.19,4.01,8.59,3.29,6.43,4.1,4.19,7.52
2020-04-13 00:00:00+00:00,8.9,8.9,6.75,6.75,4.27,4.12,4.19,4.27,7.89,4.27,4.19,6.29,4.13,6.75,4.38,4.27,7.89
2020-04-14 00:00:00+00:00,9.6,9.6,7.29,7.29,4.57,4.46,4.54,4.57,8.47,4.57,4.54,5.51,5.2,7.29,4.92,4.57,8.47
2020-04-15 00:00:00+00:00,9.58,9.58,7.25,7.25,4.51,4.43,4.56,4.51,8.4,4.51,4.56,5.4,5.8,7.25,5.07,4.51,8.4
2020-04-16 00:00:00+00:00,9.79,9.79,7.44,7.44,4.66,4.41,4.69,4.66,8.6,4.66,4.69,2.54,6.12,7.44,5.26,4.66,8.6
2020-04-17 00:00:00+00:00,9.88,9.88,7.63,7.63,4.72,4.58,4.76,4.72,8.71,4.72,4.76,4.18,6.15,7.63,5.37,4.72,8.71
2020-04-18 00:00:00+00:00,9.85,9.85,7.75,7.75,4.69,5.11,4.79,4.69,8.77,4.69,4.79,7.7,6.29,7.75,5.41,4.69,8.77
2020-04-19 00:00:00+00:00,9.8,9.8,7.73,7.73,4.59,5.79,4.82,4.59,8.76,4.59,4.82,9.05,6.8,7.73,5.41,4.59,8.76
2020-04-20 00:00:00+00:00,9.82,9.82,7.55,7.55,4.59,6.83,4.88,4.59,8.84,4.59,4.88,9.63,6.7,7.55,5.4,4.59,8.84
2020-04-21 00:00:00+00:00,9.9,9.9,7.44,7.44,4.62,7.82,4.95,4.62,8.98,4.62,4.95,7.87,6.38,7.44,5.43,4.62,8.98
2020-04-22 00:00:00+00:00,10.15,10.15,7.54,7.54,4.72,7.27,5.11,4.72,9.22,4.72,5.11,7.22,5.85,7.54,5.66,4.72,9.22
2020-04-23 00:00:00+00:00,10.18,10.18,7.28,7.28,4.76,7.19,5.15,4.76,9.28,4.76,5.15,8.12,5.21,7.28,5.95,4.76,9.28
2020-04-24 00:00:00+00:00,10.25,10.25,6.9,6.9,4.73,7.33,5.22,4.73,9.37,4.73,5.22,8.22,5.08,6.9,6.39,4.73,9.37
2020-04-25 00:00:00+00:00,10.33,10.33,6.62,6.62,4.61,6.83,5.29,4.61,9.48,4.61,5.29,8.36,4.83,6.62,6.85,4.61,9.48
2020-04-26 00:00:00+00:00,10.58,10.58,6.68,6.68,4.61,6.3,5.44,4.61,9.74,4.61,5.44,5.6,5.11,6.68,7.2,4.61,9.74
2020-04-27 00:00:00+00:00,10.87,10.87,6.94,6.94,4.67,6.22,5.63,4.67,10.01,4.67,5.63,5.15,5.21,6.94,7.49,4.67,10.01
2020-04-28 00:00:00+00:00,11.26,11.26,7.32,7.32,4.93,6.66,5.88,4.93,10.31,4.93,5.88,6.74,5.55,7.32,7.8,4.93,10.31
2020-04-29 00:00:00+00:00,11.69,11.69,7.8,7.8,5.27,7.67,6.16,5.27,10.65,5.27,6.16,5.1,6.22,7.8,8.25,5.27,10.65
2020-04-30 00:00:00+00:00,12.15,12.15,8.5,8.5,5.62,9.48,6.46,5.62,11.0,5.62,6.46,6.22,6.8,8.5,8.8,5.62,11.0
2020-05-01 00:00:00+00:00,12.14,12.14,9.12,9.12,6.07,9.36,6.95,6.07,11.66,6.07,6.95,9.22,7.67,9.12,9.46,6.07,11.66
2020-05-02 00:00:00+00:00,11.93,11.93,9.93,9.93,6.48,7.04,7.44,6.48,12.37,6.48,7.44,13.0,8.59,9.93,10.19,6.48,12.37
2020-05-03 00:00:00+00:00,11.06,11.06,10.76,10.76,6.8,7.1,7.87,6.8,13.05,6.8,7.87,9.5,10.43,10.76,10.7,6.8,13.05
2020-05-04 00:00:00+00:00,9.36,9.36,11.45,11.45,7.14,7.27,8.17,7.14,13.43,7.14,8.17,4.06,11.46,11.45,10.73,7.14,13.43
2020-05-05 00:00:00+00:00,8.86,8.86,12.18,12.18,7.66,7.58,8.53,7.66,13.79,7.66,8.53,5.94,11.71,12.18,10.76,7.66,13.79
2020-05-06 00:00:00+00:00,8.66,8.66,13.08,13.08,9.22,9.95,9.22,9.22,14.57,9.22,9.22,8.43,13.86,13.08,11.38,9.22,14.57
2020-05-07 00:00:00+00:00,9.24,9.24,15.21,15.21,11.91,12.36,10.64,11.91,16.47,11.91,10.64,9.75,18.48,15.21,12.93,11.91,16.47
2020-05-08 00:00:00+00:00,10.15,10.15,17.09,17.09,14.34,14.37,12.01,14.34,18.15,14.34,12.01,7.39,20.31,17.09,14.51,14.34,18.15
2020-05-09 00:00:00+00:00,10.91,10.91,19.25,19.25,15.99,17.99,13.27,15.99,19.34,15.99,13.27,11.3,21.65,19.25,15.81,15.99,19.34
2020-05-10 00:00:00+00:00,11.12,11.12,20.37,20.37,16.94,21.04,14.0,16.94,19.88,16.94,14.0,12.91,22.0,20.37,16.54,16.94,19.88
2020-05-11 00:00:00+00:00,11.73,11.73,21.33,21.33,19.07,22.61,14.84,19.07,21.05,19.07,14.84,12.88,21.98,21.33,17.6,19.07,21.05
2020-05-12 00:00:00+00:00,13.99,13.99,23.98,23.98,21.54,24.04,16.12,21.54,23.43,21.54,16.12,11.22,24.04,23.98,19.26,21.54,23.43
2020-05-13 00:00:00+00:00,16.05,16.05,24.57,24.57,22.8,24.57,16.84,22.8,24.57,22.8,16.84,8.01,22.12,24.57,20.21,22.8,24.57
2020-05-14 00:00:00+00:00,17.37,17.37,23.29,23.29,22.41,23.29,16.27,22.41,23.29,22.41,16.27,11.46,16.16,23.29,19.68,22.41,23.29
2020-05-15 00:00:00+00:00,17.75,17.75,21.61,21.61,21.61,21.61,15.4,21.61,21.61,21.61,15.4,14.47,12.51,21.61,18.85,21.61,21.61
2020-05-16 00:00:00+00:00,18.85,18.85,20.01,20.01,20.01,20.01,14.64,20.01,20.01,20.01,14.64,10.85,11.9,20.01,17.79,20.01,20.01
2020-05-17 00:00:00+00:00,17.85,17.85,18.42,18.42,18.42,18.42,14.0,18.42,18.42,18.42,14.0,10.94,10.13,18.42,16.59,18.42,18.42
2020-05-18 00:00:00+00:00,15.96,15.96,16.41,16.41,16.41,16.41,12.92,16.41,16.41,16.41,12.92,8.1,9.38,16.41,14.95,16.41,16.41
2020-05-19 00:00:00+00:00,13.59,13.59,13.95,13.95,13.95,13.95,11.33,13.95,13.95,13.95,11.33,5.11,9.97,13.95,12.79,13.95,13.95
2020-05-20 00:00:00+00:00,10.57,10.57,10.87,10.87,10.87,10.87,9.1,10.87,10.87,10.87,9.1,4.44,6.26,10.87,9.99,10.87,10.87
2020-05-21 00:00:00+00:00,8.27,8.27,8.52,8.52,8.52,8.52,7.3,8.52,8.52,8.52,7.3,4.51,4.42,8.52,7.78,8.52,8.52
2020-05-22 00:00:00+00:00,6.39,6.39,6.69,6.69,6.69,6.69,5.86,6.69,6.69,6.69,5.86,3.26,3.05,6.69,5.98,6.69,6.69
2020-05-23 00:00:00+00:00,4.94,4.94,5.39,5.39,5.39,5.39,4.81,5.39,5.39,5.39,4.81,2.51,1.91,5.39,4.72,5.39,5.39
2020-05-24 00:00:00+00:00,4.29,4.29,4.95,4.95,4.95,4.95,4.48,4.95,4.95,4.95,4.48,2.78,0.94,4.95,4.27,4.95,4.95
2020-05-25 00:00:00+00:00,3.91,3.91,4.73,4.73,4.73,4.58,4.32,4.73,4.73,4.73,4.32,2.48,0.44,4.73,4.02,4.73,4.73
2020-05-26 00:00:00+00:00,3.1,3.1,3.91,3.91,3.91,3.62,3.6,3.91,3.91,3.91,3.6,2.02,0.44,3.91,3.28,3.91,3.91
2020-05-27 00:00:00+00:00,3.0,3.0,3.9,3.9,3.9,3.5,3.6,3.9,3.9,3.9,3.6,1.77,0.58,3.9,3.21,3.9,3.9
2020-05-28 00:00:00+00:00,2.83,2.83,3.8,3.8,3.8,3.35,3.51,3.8,3.8,3.8,3.51,2.12,1.03,3.8,3.04,3.8,3.8
2020-05-29 00:00:00+00:00,2.62,2.62,3.66,3.66,3.66,3.16,3.39,3.66,3.66,3.66,3.39,1.77,1.09,3.66,2.86,3.66,3.66
2020-05-30 00:00:00+00:00,2.34,2.34,3.4,3.4,3.4,2.86,3.13,3.4,3.4,3.4,3.13,1.84,1.03,3.4,2.6,3.4,3.4
2020-05-31 00:00:00+00:00,2.12,2.12,3.16,3.16,3.16,2.58,2.87,3.16,3.16,3.16,2.87,1.99,1.06,3.16,2.36,3.16,3.16
2020-06-01 00:00:00+00:00,2.08,2.08,3.16,3.16,3.16,2.5,2.83,3.16,3.14,3.16,2.83,2.27,1.06,3.16,2.32,3.16,3.14
2020-06-02 00:00:00+00:00,2.06,2.06,3.14,3.14,3.14,2.42,2.77,3.14,3.02,3.14,2.77,3.14,0.94,3.14,2.26,3.14,3.02
2020-06-03 00:00:00+00:00,2.09,2.09,3.2,3.2,3.2,2.42,2.77,3.2,3.0,3.2,2.77,1.6,1.06,3.2,2.22,3.2,3.0
2020-06-04 00:00:00+00:00,2.16,2.16,3.24,3.24,3.31,2.43,2.78,3.31,3.02,3.31,2.78,0.84,1.37,3.24,2.15,3.31,3.02
2020-06-05 00:00:00+00:00,2.23,2.23,3.21,3.21,3.34,2.35,2.73,3.34,2.93,3.34,2.73,1.21,1.31,3.21,2.03,3.34,2.93
2020-06-06 00:00:00+00:00,2.28,2.28,3.12,3.12,3.3,2.32,2.65,3.3,2.8,3.3,2.65,1.87,0.66,3.12,1.93,3.3,2.8
2020-06-07 00:00:00+00:00,2.33,2.33,3.07,3.07,3.28,2.31,2.61,3.28,2.72,3.28,2.61,1.49,0.24,3.07,1.85,3.28,2.72
2020-06-08 00:00:00+00:00,2.3,2.3,2.92,2.92,3.15,2.24,2.49,3.15,2.6,3.15,2.49,2.08,0.54,2.92,1.73,3.15,2.6
2020-06-09 00:00:00+00:00,2.27,2.27,2.83,2.83,3.06,2.19,2.41,3.06,2.55,3.06,2.41,2.47,1.01,2.83,1.67,3.06,2.55
2020-06-10 00:00:00+00:00,2.24,2.24,2.71,2.71,2.99,2.14,2.34,2.99,2.51,2.99,2.34,2.81,0.97,2.71,1.61,2.99,2.51
2020-06-11 00:00:00+00:00,2.24,2.24,2.59,2.59,2.95,2.07,2.26,2.95,2.49,2.95,2.26,2.95,1.22,2.59,1.56,2.95,2.49
2020-06-12 00:00:00+00:00,2.2,2.2,2.47,2.47,2.88,1.92,2.16,2.88,2.42,2.88,2.16,2.41,1.28,2.47,1.49,2.88,2.42
2020-06-13 00:00:00+00:00,2.19,2.19,2.43,2.43,2.89,1.82,2.11,2.89,2.42,2.89,2.11,1.49,1.11,2.43,1.47,2.89,2.42
2020-06-14 00:00:00+00:00,2.2,2.2,2.4,2.4,2.92,1.76,2.09,2.92,2.44,2.92,2.09,2.88,1.0,2.4,1.47,2.92,2.44
2020-06-15 00:00:00+00:00,2.19,2.19,2.37,2.37,2.94,1.76,2.06,2.94,2.44,2.94,2.06,2.94,0.87,2.37,1.45,2.94,2.44
2020-06-16 00:00:00+00:00,2.14,2.14,2.32,2.32,2.92,1.74,2.01,2.92,2.39,2.92,2.01,2.19,0.01,2.32,1.39,2.92,2.39
2020-06-17 00:00:00+00:00,2.06,2.06,2.27,2.27,2.91,1.71,1.95,2.91,2.34,2.91,1.95,2.91,1.41,2.27,1.36,2.91,2.34
2020-06-18 00:00:00+00:00,1.97,1.97,2.18,2.18,2.86,1.64,1.88,2.86,2.28,2.86,1.88,2.86,1.65,2.18,1.26,2.86,2.28
2020-06-19 00:00:00+00:00,1.91,1.91,2.12,2.12,2.66,1.59,1.83,2.66,2.23,2.66,1.83,2.84,1.97,2.12,1.1,2.66,2.23
2020-06-20 00:00:00+00:00,1.8,1.8,2.06,2.06,2.19,1.5,1.75,2.19,2.17,2.19,1.75,2.11,2.19,2.06,0.78,2.19,2.17
2020-06-21 00:00:00+00:00,1.63,1.63,1.94,1.94,1.61,1.39,1.6,1.61,1.99,1.61,1.6,1.94,1.82,1.94,0.41,1.61,1.99
2020-06-22 00:00:00+00:00,1.52,1.52,1.84,1.84,1.32,1.32,1.5,1.32,1.87,1.32,1.5,2.47,0.81,1.84,0.3,1.32,1.87
2020-06-23 00:00:00+00:00,1.47,1.47,1.74,1.74,1.18,1.28,1.41,1.18,1.8,1.18,1.41,0.59,0.28,1.74,0.27,1.18,1.8
2020-06-24 00:00:00+00:00,1.4,1.4,1.63,1.63,1.14,1.24,1.31,1.14,1.74,1.14,1.31,0.01,0.01,1.63,0.29,1.14,1.74
2020-06-25 00:00:00+00:00,1.35,1.35,1.52,1.52,1.13,1.2,1.22,1.13,1.7,1.13,1.22,0.12,0.01,1.52,0.32,1.13,1.7
2020-06-26 00:00:00+00:00,1.33,1.33,1.44,1.44,1.12,1.18,1.17,1.12,1.72,1.12,1.17,0.01,0.01,1.44,0.3,1.12,1.72
2020-06-27 00:00:00+00:00,1.27,1.27,1.36,1.36,1.01,1.12,1.08,1.01,1.7,1.01,1.08,0.42,0.01,1.36,0.18,1.01,1.7
2020-06-28 00:00:00+00:00,1.27,1.27,1.38,1.38,0.82,0.67,1.06,0.82,1.8,0.82,1.06,1.61,0.01,1.38,0.11,0.82,1.8
2020-06-29 00:00:00+00:00,1.24,1.24,1.35,1.35,0.67,0.34,1.02,0.67,1.82,0.67,1.02,1.42,0.01,1.35,0.09,0.67,1.82
2020-06-30 00:00:00+00:00,1.23,1.23,1.3,1.3,0.56,0.14,0.97,0.56,1.82,0.56,0.97,0.01,0.01,1.3,0.08,0.56,1.82
2020-07-01 00:00:00+00:00,1.25,1.25,1.27,1.27,0.45,0.14,0.96,0.45,1.9,0.45,0.96,0.73,0.01,1.27,0.12,0.45,1.9
2020-07-02 00:00:00+00:00,1.32,1.32,1.27,1.27,0.36,0.32,0.98,0.36,2.01,0.36,0.98,1.24,0.01,1.27,0.18,0.36,2.01
2020-07-03 00:00:00+00:00,1.4,1.4,1.27,1.27,0.04,0.45,1.0,0.04,2.1,0.04,1.0,0.8,0.8,1.27,0.28,0.04,2.1
2020-07-04 00:00:00+00:00,1.48,1.48,1.29,1.29,0.01,0.31,1.01,0.01,2.19,0.01,1.01,0.8,1.07,1.29,0.2,0.01,2.19
2020-07-05 00:00:00+00:00,1.49,1.49,1.32,1.32,0.01,0.05,1.01,0.01,2.24,0.01,1.01,1.33,1.16,1.32,0.06,0.01,2.24
2020-07-06 00:00:00+00:00,1.59,1.59,1.46,1.46,0.01,0.01,1.06,0.01,2.42,0.01,1.06,1.58,0.88,1.46,0.13,0.01,2.42
2020-07-07 00:00:00+00:00,1.74,1.74,1.59,1.59,0.01,0.06,1.12,0.01,2.57,0.01,1.12,2.08,0.37,1.59,0.4,0.01,2.57
2020-07-08 00:00:00+00:00,1.87,1.87,1.65,1.65,0.01,0.22,1.17,0.01,2.68,0.01,1.17,2.57,0.65,1.65,0.64,0.01,2.68
2020-07-09 00:00:00+00:00,1.93,1.93,1.64,1.64,0.01,0.44,1.2,0.01,2.74,0.01,1.2,0.94,0.87,1.64,0.8,0.01,2.74
2020-07-10 00:00:00+00:00,1.94,1.94,1.6,1.6,0.01,0.58,1.19,0.01,2.76,0.01,1.19,1.13,0.47,1.6,0.83,0.01,2.76
2020-07-11 00:00:00+00:00,1.94,1.94,1.56,1.56,0.01,0.77,1.19,0.01,2.78,0.01,1.19,1.97,1.25,1.56,0.86,0.01,2.78
2020-07-12 00:00:00+00:00,1.9,1.9,1.51,1.51,0.01,0.9,1.18,0.01,2.75,0.01,1.18,2.6,1.14,1.51,0.87,0.01,2.75
2020-07-13 00:00:00+00:00,1.84,1.84,1.45,1.45,0.01,0.92,1.17,0.01,2.74,0.01,1.17,2.44,1.2,1.45,0.84,0.01,2.74
2020-07-14 00:00:00+00:00,1.75,1.75,1.38,1.38,0.01,0.9,1.14,0.01,2.71,0.01,1.14,1.94,1.29,1.38,0.79,0.01,2.71
2020-07-15 00:00:00+00:00,1.7,1.7,1.31,1.31,0.01,0.88,1.12,0.01,2.71,0.01,1.12,2.4,1.52,1.31,0.88,0.01,2.71
2020-07-16 00:00:00+00:00,1.63,1.63,1.25,1.25,0.01,0.82,1.1,0.01,2.71,0.01,1.1,1.44,1.93,1.25,1.05,0.01,2.71
2020-07-17 00:00:00+00:00,1.52,1.52,1.18,1.18,0.01,0.67,1.06,0.01,2.7,0.01,1.06,1.36,1.83,1.18,0.99,0.01,2.7
2020-07-18 00:00:00+00:00,1.39,1.39,1.1,1.1,0.01,0.45,1.0,0.01,2.67,0.01,1.0,1.67,2.03,1.1,0.77,0.01,2.67
2020-07-19 00:00:00+00:00,1.3,1.3,1.06,1.06,0.01,0.23,0.96,0.01,2.66,0.01,0.96,1.14,1.77,1.06,0.67,0.01,2.66
2020-07-20 00:00:00+00:00,1.27,1.27,0.98,0.98,0.01,0.08,0.94,0.01,2.64,0.01,0.94,0.47,1.95,0.98,0.65,0.01,2.64
2020-07-21 00:00:00+00:00,1.28,1.28,0.88,0.88,0.01,0.01,0.92,0.01,2.64,0.01,0.92,0.01,2.54,0.88,0.67,0.01,2.64
2020-07-22 00:00:00+00:00,1.27,1.27,0.79,0.79,0.01,0.01,0.9,0.01,2.62,0.01,0.9,0.28,2.72,0.79,0.63,0.01,2.62
2020-07-23 00:00:00+00:00,1.24,1.24,0.71,0.71,0.01,0.01,0.86,0.01,2.55,0.01,0.86,0.57,2.67,0.71,0.59,0.01,2.55
2020-07-24 00:00:00+00:00,1.21,1.21,0.62,0.62,0.01,0.02,0.83,0.01,2.5,0.01,0.83,0.77,2.18,0.62,0.6,0.01,2.5
2020-07-25 00:00:00+00:00,1.13,1.13,0.54,0.54,0.01,0.01,0.77,0.01,2.47,0.01,0.77,1.25,2.19,0.54,0.27,0.01,2.47
2020-07-26 00:00:00+00:00,0.94,0.94,0.44,0.44,0.01,0.01,0.65,0.01,2.31,0.01,0.65,1.88,1.28,0.44,0.01,0.01,2.31
2020-07-27 00:00:00+00:00,0.79,0.79,0.33,0.33,0.01,0.01,0.53,0.01,2.17,0.01,0.53,1.74,0.67,0.33,0.01,0.01,2.17
2020-07-28 00:00:00+00:00,0.7,0.7,0.24,0.24,0.01,0.01,0.43,0.01,2.05,0.01,0.43,2.13,0.06,0.24,0.01,0.01,2.05
2020-07-29 00:00:00+00:00,0.66,0.66,0.19,0.19,0.01,0.01,0.39,0.01,1.96,0.01,0.39,2.4,0.01,0.19,0.01,0.01,1.96
2020-07-30 00:00:00+00:00,0.69,0.69,0.12,0.12,0.01,0.01,0.36,0.01,1.94,0.01,0.36,2.4,0.01,0.12,0.01,0.01,1.94
2020-07-31 00:00:00+00:00,0.78,0.78,0.02,0.02,0.01,0.01,0.34,0.01,1.93,0.01,0.34,2.09,0.01,0.02,0.01,0.01,1.93
2020-08-01 00:00:00+00:00,0.82,0.82,0.01,0.01,0.11,0.01,0.31,0.11,1.9,0.11,0.31,1.89,0.01,0.01,0.01,0.11,1.9
2020-08-02 00:00:00+00:00,0.83,0.83,0.01,0.01,0.19,0.01,0.29,0.19,1.97,0.19,0.29,1.96,0.01,0.01,0.01,0.19,1.97
2020-08-03 00:00:00+00:00,0.92,0.92,0.01,0.01,0.23,0.01,0.3,0.23,2.08,0.23,0.3,2.43,0.43,0.01,0.11,0.23,2.08
2020-08-04 00:00:00+00:00,1.05,1.05,0.01,0.01,0.22,0.01,0.3,0.22,2.18,0.22,0.3,2.42,1.28,0.01,0.27,0.22,2.18
2020-08-05 00:00:00+00:00,1.18,1.18,0.01,0.01,0.2,0.01,0.32,0.2,2.36,0.2,0.32,2.25,1.61,0.01,0.39,0.2,2.36
2020-08-06 00:00:00+00:00,1.28,1.28,0.01,0.01,0.14,0.1,0.34,0.14,2.56,0.14,0.34,1.88,1.72,0.01,0.49,0.14,2.56
2020-08-07 00:00:00+00:00,1.43,1.43,0.07,0.07,0.2,0.23,0.37,0.2,2.82,0.2,0.37,1.07,1.91,0.07,0.62,0.2,2.82
2020-08-08 00:00:00+00:00,1.71,1.71,0.44,0.44,0.14,0.37,0.44,0.14,3.2,0.14,0.44,1.12,1.84,0.44,0.83,0.14,3.2
2020-08-09 00:00:00+00:00,1.99,1.99,0.77,0.77,0.12,0.57,0.51,0.12,3.63,0.12,0.51,3.62,1.47,0.77,1.18,0.12,3.63
2020-08-10 00:00:00+00:00,2.44,2.44,1.06,1.06,0.42,0.84,0.6,0.42,4.16,0.42,0.6,4.98,0.01,1.06,2.04,0.42,4.16
2020-08-11 00:00:00+00:00,2.77,2.77,1.54,1.54,0.71,1.24,0.72,0.71,4.78,0.71,0.72,4.58,0.01,1.54,2.8,0.71,4.78
2020-08-12 00:00:00+00:00,3.07,3.07,2.23,2.23,0.86,1.62,0.88,0.86,5.43,0.86,0.88,0.9,0.01,2.23,3.66,0.86,5.43
2020-08-13 00:00:00+00:00,3.31,3.31,2.87,2.87,0.86,1.9,1.02,0.86,5.97,0.86,1.02,0.01,1.23,2.87,4.69,0.86,5.97
2020-08-14 00:00:00+00:00,3.47,3.47,3.05,3.05,0.66,1.98,1.12,0.66,6.31,0.66,1.12,0.37,2.23,3.05,5.62,0.66,6.31
2020-08-15 00:00:00+00:00,3.78,3.78,3.02,3.02,0.58,2.17,1.23,0.58,6.64,0.58,1.23,1.5,2.58,3.02,6.86,0.58,6.64
2020-08-16 00:00:00+00:00,3.92,3.92,3.15,3.15,0.9,2.38,1.32,0.9,6.83,0.9,1.32,1.12,2.03,3.15,7.62,0.9,6.83
2020-08-17 00:00:00+00:00,3.93,3.93,3.38,3.38,1.01,2.49,1.4,1.01,6.8,1.01,1.4,3.76,3.1,3.38,7.74,1.01,6.8
2020-08-18 00:00:00+00:00,3.92,3.92,3.33,3.33,0.9,2.61,1.46,0.9,6.67,0.9,1.46,3.46,4.64,3.33,7.59,0.9,6.67
2020-08-19 00:00:00+00:00,3.92,3.92,3.06,3.06,0.93,2.8,1.47,0.93,6.55,0.93,1.47,3.42,5.92,3.06,7.53,0.93,6.55
2020-08-20 00:00:00+00:00,4.09,4.09,2.88,2.88,0.84,2.95,1.43,0.84,6.83,0.84,1.43,4.79,7.87,2.88,7.47,0.84,6.83
2020-08-21 00:00:00+00:00,4.45,4.45,2.59,2.59,0.65,2.98,1.48,0.65,7.55,0.65,1.48,5.34,7.92,2.59,7.81,0.65,7.55
2020-08-22 00:00:00+00:00,4.96,4.96,2.16,2.16,0.01,3.02,1.65,0.01,8.7,0.01,1.65,7.48,7.86,2.16,8.79,0.01,8.7
2020-08-23 00:00:00+00:00,5.58,5.58,1.99,1.99,0.01,3.07,1.93,0.01,10.36,0.01,1.93,7.61,9.64,1.99,10.55,0.01,10.36
2020-08-24 00:00:00+00:00,6.92,6.92,1.72,1.72,0.01,3.6,2.51,0.01,12.74,0.01,2.51,6.48,13.6,1.72,13.22,0.01,12.74
2020-08-25 00:00:00+00:00,8.86,8.86,0.01,0.01,0.01,4.58,3.27,0.01,15.7,0.01,3.27,8.22,17.85,0.01,16.24,0.01,15.7
2020-08-26 00:00:00+00:00,10.57,10.57,0.01,0.01,1.14,5.33,4.13,1.14,19.18,1.14,4.13,12.0,21.67,0.01,19.72,1.14,19.18
2020-08-27 00:00:00+00:00,12.09,12.09,0.01,0.01,2.81,5.7,4.77,2.81,22.2,2.81,4.77,21.41,25.3,0.01,22.97,2.81,22.2
2020-08-28 00:00:00+00:00,13.7,13.7,0.01,0.01,4.23,6.22,5.27,4.23,24.63,4.23,5.27,19.76,28.23,0.01,25.11,4.23,24.63
2020-08-29 00:00:00+00:00,15.06,15.06,0.01,0.01,2.43,7.15,5.67,2.43,26.38,2.43,5.67,30.43,30.43,0.01,26.06,2.43,26.38
2020-08-30 00:00:00+00:00,16.02,16.02,0.01,0.01,0.01,8.0,5.79,0.01,27.17,0.01,5.79,31.54,31.54,0.01,26.01,0.01,27.17
2020-08-31 00:00:00+00:00,16.48,16.48,0.01,0.01,0.66,8.73,5.73,0.66,27.05,0.66,5.73,22.28,31.61,0.01,25.08,0.66,27.05
2020-09-01 00:00:00+00:00,16.29,16.29,2.77,2.77,8.63,9.79,5.59,8.63,26.26,8.63,5.59,17.59,30.87,2.77,23.57,8.63,26.26
2020-09-02 00:00:00+00:00,15.38,15.38,5.21,5.21,11.81,9.94,5.26,11.81,24.68,11.81,5.26,22.4,10.18,5.21,21.34,11.81,24.68
2020-09-03 00:00:00+00:00,14.33,14.33,6.48,6.48,13.29,9.39,4.8,13.29,23.07,13.29,4.8,26.66,11.98,6.48,19.17,13.29,23.07
2020-09-04 00:00:00+00:00,13.42,13.42,7.18,7.18,14.12,8.93,4.57,14.12,21.65,14.12,4.57,16.19,12.81,7.18,17.13,14.12,21.65
2020-09-05 00:00:00+00:00,12.71,12.71,7.8,7.8,13.9,9.12,4.46,13.9,20.53,13.9,4.46,14.88,20.12,7.8,15.84,13.9,20.53
2020-09-06 00:00:00+00:00,12.26,12.26,7.84,7.84,13.43,9.47,4.5,13.43,19.91,13.43,4.5,16.93,23.99,7.84,14.94,13.43,19.91
2020-09-07 00:00:00+00:00,11.83,11.83,6.64,6.64,13.6,9.26,4.42,13.6,19.56,13.6,4.42,16.0,23.45,6.64,14.93,13.6,19.56
2020-09-08 00:00:00+00:00,11.82,11.82,5.44,5.44,13.15,9.1,4.32,13.15,19.28,13.15,4.32,11.78,15.58,5.44,15.0,13.15,19.28
2020-09-09 00:00:00+00:00,11.76,11.76,4.78,4.78,13.1,10.75,4.42,13.1,19.31,13.1,4.42,11.76,22.21,4.78,14.68,13.1,19.31
2020-09-10 00:00:00+00:00,11.71,11.71,4.22,4.22,12.97,11.39,5.01,12.97,19.07,12.97,5.01,11.58,20.59,4.22,14.18,12.97,19.07
2020-09-11 00:00:00+00:00,11.13,11.13,3.5,3.5,12.33,10.92,5.37,12.33,18.58,12.33,5.37,5.07,18.21,3.5,13.39,12.33,18.58
2020-09-12 00:00:00+00:00,10.21,10.21,2.55,2.55,11.0,9.94,5.27,11.0,17.51,11.0,5.27,6.11,13.36,2.55,12.61,11.0,17.51
2020-09-13 00:00:00+00:00,9.03,9.03,1.5,1.5,10.22,8.7,4.91,10.22,16.01,10.22,4.91,10.45,13.31,1.5,11.85,10.22,16.01
2020-09-14 00:00:00+00:00,8.79,8.79,1.45,1.45,9.94,7.73,4.66,9.94,14.9,9.94,4.66,10.64,9.38,1.45,11.57,9.94,14.9
2020-09-15 00:00:00+00:00,8.21,8.21,2.27,2.27,9.28,7.74,4.44,9.28,13.7,9.28,4.44,9.52,10.47,2.27,11.14,9.28,13.7
2020-09-16 00:00:00+00:00,7.55,7.55,3.05,3.05,8.05,7.27,4.53,8.05,12.45,8.05,4.53,2.65,10.73,3.05,10.42,8.05,12.45
2020-09-17 00:00:00+00:00,6.91,6.91,2.98,2.98,6.9,6.85,4.42,6.9,11.37,6.9,4.42,1.27,14.15,2.98,9.76,6.9,11.37
2020-09-18 00:00:00+00:00,6.41,6.41,2.58,2.58,5.79,6.72,4.27,5.79,10.31,5.79,4.27,3.31,13.44,2.58,9.16,5.79,10.31
2020-09-19 00:00:00+00:00,6.29,6.29,2.49,2.49,4.71,6.39,4.1,4.71,9.49,4.71,4.1,3.31,12.39,2.49,8.62,4.71,9.49
2020-09-20 00:00:00+00:00,5.76,5.76,2.44,2.44,4.33,5.97,3.96,4.33,8.58,4.33,3.96,4.07,11.28,2.44,8.05,4.33,8.58
2020-09-21 00:00:00+00:00,5.19,5.19,2.3,2.3,4.35,5.38,3.73,4.35,7.7,4.35,3.73,6.32,10.13,2.3,7.25,4.35,7.7
2020-09-22 00:00:00+00:00,4.57,4.57,2.02,2.02,4.09,4.64,3.22,4.09,6.63,4.09,3.22,5.31,8.0,2.02,6.21,4.09,6.63
2020-09-23 00:00:00+00:00,3.78,3.78,1.75,1.75,3.68,3.92,2.55,3.68,5.58,3.68,2.55,1.83,3.7,1.75,5.15,3.68,5.58
2020-09-24 00:00:00+00:00,2.99,2.99,1.44,1.44,3.1,3.17,1.92,3.1,4.52,3.1,1.92,1.98,2.76,1.44,4.11,3.1,4.52
2020-09-25 00:00:00+00:00,2.48,2.48,1.28,1.28,2.67,2.66,1.55,2.67,3.79,2.67,1.55,2.57,2.03,1.28,3.4,2.67,3.79
2020-09-26 00:00:00+00:00,2.29,2.29,1.31,1.31,2.4,2.44,1.42,2.4,3.48,2.4,1.42,2.3,2.18,1.31,3.14,2.4,3.48
2020-09-27 00:00:00+00:00,2.36,2.36,1.5,1.5,2.51,2.49,1.47,2.51,3.57,2.51,1.47,3.01,2.28,1.5,3.31,2.51,3.57
2020-09-28 00:00:00+00:00,2.68,2.68,1.94,1.94,2.9,2.81,1.73,2.9,4.05,2.9,1.73,4.11,2.83,1.94,3.81,2.9,4.05
2020-09-29 00:00:00+00:00,3.26,3.26,2.73,2.73,3.66,3.38,2.26,3.66,4.84,3.66,2.26,3.39,3.36,2.73,4.67,3.66,4.84
2020-09-30 00:00:00+00:00,3.9,3.9,3.51,3.51,4.52,3.94,2.91,4.52,5.65,4.52,2.91,0.01,2.28,3.51,5.55,4.52,5.65
2020-10-01 00:00:00+00:00,4.66,4.66,4.24,4.24,6.1,4.46,3.58,6.1,6.52,6.1,3.58,2.89,2.87,4.24,6.38,6.1,6.52
2020-10-02 00:00:00+00:00,5.62,5.62,4.84,4.84,7.46,3.55,4.12,7.46,7.46,7.46,4.12,8.51,4.39,4.84,7.13,7.46,7.46
2020-10-03 00:00:00+00:00,6.95,6.95,5.48,5.48,8.03,0.12,3.93,8.03,8.56,8.03,3.93,13.07,6.35,5.48,7.49,8.03,8.56
2020-10-04 00:00:00+00:00,8.16,8.16,6.12,6.12,7.73,0.01,2.65,7.73,9.26,7.73,2.65,7.73,7.8,6.12,8.11,7.73,9.26
2020-10-05 00:00:00+00:00,9.62,9.62,7.18,7.18,5.68,0.01,2.51,5.68,10.42,5.68,2.51,7.41,2.44,7.18,6.26,5.68,10.42
2020-10-06 00:00:00+00:00,11.29,11.29,7.63,7.63,3.98,0.01,2.73,3.98,12.06,3.98,2.73,10.22,0.01,7.63,3.58,3.98,12.06
2020-10-07 00:00:00+00:00,12.95,12.95,7.52,7.52,3.6,0.01,3.03,3.6,13.72,3.6,3.03,7.58,0.01,7.52,1.98,3.6,13.72
2020-10-08 00:00:00+00:00,14.49,14.49,8.55,8.55,3.98,0.01,3.28,3.98,15.49,3.98,3.28,2.69,0.01,8.55,0.51,3.98,15.49
2020-10-09 00:00:00+00:00,16.05,16.05,9.53,9.53,3.75,0.01,3.74,3.75,17.23,3.75,3.74,0.01,0.01,9.53,0.01,3.75,17.23
2020-10-10 00:00:00+00:00,18.55,18.55,9.5,9.5,0.56,0.01,4.71,0.56,19.58,0.56,4.71,9.05,0.01,9.5,0.01,0.56,19.58
2020-10-11 00:00:00+00:00,19.82,19.82,7.88,7.88,3.09,0.01,5.87,3.09,20.76,3.09,5.87,5.1,0.01,7.88,0.01,3.09,20.76
2020-10-12 00:00:00+00:00,20.73,20.73,7.29,7.29,0.01,0.01,6.89,0.01,20.63,0.01,6.89,18.96,0.01,7.29,0.01,0.01,20.63
2020-10-13 00:00:00+00:00,23.15,23.15,8.55,8.55,0.01,2.21,8.52,0.01,21.57,0.01,8.52,20.65,0.01,8.55,0.42,0.01,21.57
2020-10-14 00:00:00+00:00,23.94,23.94,10.4,10.4,0.01,4.34,9.58,0.01,21.47,0.01,9.58,5.4,0.01,10.4,0.43,0.01,21.47
2020-10-15 00:00:00+00:00,24.3,24.3,12.3,12.3,0.01,5.06,10.26,0.01,20.83,0.01,10.26,7.27,6.89,12.3,0.91,0.01,20.83
2020-10-16 00:00:00+00:00,23.93,23.93,13.77,13.77,0.01,5.78,10.92,0.01,19.71,0.01,10.92,7.79,14.31,13.77,2.07,0.01,19.71
2020-10-17 00:00:00+00:00,23.53,23.53,14.3,14.3,1.59,7.24,11.18,1.59,18.76,1.59,11.18,17.82,17.1,14.3,3.83,1.59,18.76
2020-10-18 00:00:00+00:00,23.26,23.26,14.82,14.82,2.63,9.53,11.2,2.63,17.99,2.63,11.2,18.66,16.2,14.82,4.61,2.63,17.99
2020-10-19 00:00:00+00:00,22.48,22.48,14.69,14.69,5.19,12.2,10.98,5.19,16.7,5.19,10.98,14.94,14.83,14.69,4.6,5.19,16.7
2020-10-20 00:00:00+00:00,21.01,21.01,13.2,13.2,8.05,14.71,10.36,8.05,14.94,8.05,10.36,13.01,11.53,13.2,4.83,8.05,14.94
2020-10-21 00:00:00+00:00,21.22,21.22,12.23,12.23,8.92,14.64,10.18,8.92,13.76,8.92,10.18,15.4,10.63,12.23,4.25,8.92,13.76
2020-10-22 00:00:00+00:00,19.45,19.45,11.88,11.88,9.14,12.72,9.32,9.14,12.64,9.14,9.32,14.22,8.64,11.88,3.37,9.14,12.64
2020-10-23 00:00:00+00:00,17.48,17.48,11.94,11.94,10.91,12.57,8.83,10.91,12.4,10.91,8.83,15.12,3.06,11.94,2.66,10.91,12.4
2020-10-24 00:00:00+00:00,14.08,14.08,10.32,10.32,10.56,7.91,7.21,10.56,10.9,10.56,7.21,12.16,0.01,10.32,0.01,10.56,10.9
2020-10-25 00:00:00+00:00,11.72,11.72,8.64,8.64,8.75,0.54,5.31,8.75,9.33,8.75,5.31,6.97,0.01,8.64,0.01,8.75,9.33
2020-10-26 00:00:00+00:00,10.66,10.66,8.01,8.01,8.87,0.01,4.04,8.87,8.06,8.87,4.04,7.41,0.01,8.01,0.01,8.87,8.06
2020-10-27 00:00:00+00:00,9.1,9.1,7.09,7.09,8.8,0.01,3.05,8.8,6.47,8.8,3.05,9.45,0.01,7.09,0.01,8.8,6.47
2020-10-28 00:00:00+00:00,8.14,8.14,6.45,6.45,7.94,0.01,2.64,7.94,5.58,7.94,2.64,6.86,0.01,6.45,0.01,7.94,5.58
2020-10-29 00:00:00+00:00,7.88,7.88,6.37,6.37,6.33,0.01,2.46,6.33,4.87,6.33,2.46,1.77,0.01,6.37,0.01,6.33,4.87
2020-10-30 00:00:00+00:00,6.95,6.95,5.12,5.12,5.27,0.01,2.13,5.27,3.85,5.27,2.13,2.98,0.01,5.12,0.33,5.27,3.85
2020-10-31 00:00:00+00:00,6.27,6.27,4.08,4.08,4.86,0.01,1.8,4.86,3.17,4.86,1.8,5.56,0.01,4.08,0.28,4.86,3.17
2020-11-01 00:00:00+00:00,5.26,5.26,2.93,2.93,3.29,0.01,1.31,3.29,2.46,3.29,1.31,8.45,0.01,2.93,0.01,3.29,2.46
2020-11-02 00:00:00+00:00,5.04,5.04,1.88,1.88,2.0,0.01,1.13,2.0,2.43,2.0,1.13,8.78,0.01,1.88,0.01,2.0,2.43
2020-11-03 00:00:00+00:00,5.45,5.45,1.54,1.54,0.77,0.01,1.2,0.77,2.99,0.77,1.2,7.32,0.67,1.54,0.01,0.77,2.99
2020-11-04 00:00:00+00:00,5.74,5.74,1.47,1.47,0.13,0.01,1.24,0.13,3.84,0.13,1.24,5.01,1.73,1.47,0.01,0.13,3.84
2020-11-05 00:00:00+00:00,5.88,5.88,0.96,0.96,0.01,0.01,1.19,0.01,4.82,0.01,1.19,0.01,3.01,0.96,0.01,0.01,4.82
2020-11-06 00:00:00+00:00,5.96,5.96,0.01,0.01,0.49,0.04,1.1,0.49,5.94,0.49,1.1,1.16,5.08,0.01,0.01,0.49,5.94
2020-11-07 00:00:00+00:00,5.48,5.48,0.01,0.01,0.55,0.54,0.95,0.55,6.24,0.55,0.95,1.51,4.92,0.01,0.01,0.55,6.24
2020-11-08 00:00:00+00:00,5.3,5.3,0.01,0.01,1.39,1.03,0.85,1.39,6.83,1.39,0.85,0.01,5.45,0.01,0.01,1.39,6.83
2020-11-09 00:00:00+00:00,4.93,4.93,0.01,0.01,4.26,1.33,0.75,4.26,7.15,4.26,0.75,0.22,4.98,0.01,0.01,4.26,7.15
2020-11-10 00:00:00+00:00,4.38,4.38,0.28,0.28,4.4,1.89,0.68,4.4,6.54,4.4,0.68,0.78,4.3,0.28,0.01,4.4,6.54
2020-11-11 00:00:00+00:00,3.5,3.5,0.6,0.6,3.34,1.58,0.64,3.34,5.39,3.34,0.64,2.87,3.53,0.6,0.42,3.34,5.39
2020-11-12 00:00:00+00:00,2.49,2.49,0.69,0.69,2.21,1.18,0.56,2.21,4.14,2.21,0.56,2.49,2.92,0.69,0.59,2.21,4.14
2020-11-13 00:00:00+00:00,1.78,1.78,0.56,0.56,1.56,0.75,0.46,1.56,3.12,1.56,0.46,1.06,2.19,0.56,0.37,1.56,3.12
2020-11-14 00:00:00+00:00,1.52,1.52,0.41,0.41,1.35,0.37,0.4,1.35,2.61,1.35,0.4,0.81,1.75,0.41,0.06,1.35,2.61
2020-11-15 00:00:00+00:00,1.3,1.3,0.27,0.27,1.08,0.01,0.31,1.08,2.05,1.08,0.31,1.24,1.21,0.27,0.01,1.08,2.05
2020-11-16 00:00:00+00:00,1.24,1.24,0.4,0.4,1.06,0.01,0.26,1.06,1.77,1.06,0.26,1.55,0.7,0.4,0.01,1.06,1.77
2020-11-17 00:00:00+00:00,1.23,1.23,0.58,0.58,1.31,0.01,0.21,1.31,1.67,1.31,0.21,1.32,0.01,0.58,0.01,1.31,1.67
2020-11-18 00:00:00+00:00,0.93,0.93,0.75,0.75,1.52,0.01,0.13,1.52,1.48,1.52,0.13,0.46,0.01,0.75,0.01,1.52,1.48
2020-11-19 00:00:00+00:00,0.82,0.82,0.91,0.91,1.73,0.01,0.06,1.73,1.6,1.73,0.06,0.52,0.01,0.91,0.01,1.73,1.6
2020-11-20 00:00:00+00:00,1.19,1.19,1.38,1.38,2.23,0.01,0.01,2.23,2.03,2.23,0.01,0.68,0.01,1.38,0.01,2.23,2.03
2020-11-21 00:00:00+00:00,1.98,1.98,2.2,2.2,3.26,0.01,0.01,3.26,2.95,3.26,0.01,0.01,0.01,2.2,0.01,3.26,2.95
2020-11-22 00:00:00+00:00,3.2,3.2,3.58,3.58,4.84,0.01,0.01,4.84,4.56,4.84,0.01,0.37,0.01,3.58,0.01,4.84,4.56
2020-11-23 00:00:00+00:00,4.51,4.51,5.28,5.28,6.72,0.01,0.01,6.72,6.48,6.72,0.01,2.5,0.01,5.28,0.01,6.72,6.48
2020-11-24 00:00:00+00:00,5.17,5.17,6.26,6.26,8.43,0.01,0.02,8.43,7.7,8.43,0.02,6.13,0.01,6.26,0.01,8.43,7.7
2020-11-25 00:00:00+00:00,5.46,5.46,6.72,6.72,10.25,0.01,0.04,10.25,8.93,10.25,0.04,4.4,0.01,6.72,0.01,10.25,8.93
2020-11-26 00:00:00+00:00,6.17,6.17,6.71,6.71,12.24,0.01,0.21,12.24,10.5,12.24,0.21,0.95,0.01,6.71,0.01,12.24,10.5
2020-11-27 00:00:00+00:00,7.2,7.2,7.56,7.56,14.06,0.01,0.54,14.06,12.35,14.06,0.54,9.61,0.01,7.56,0.01,14.06,12.35
2020-11-28 00:00:00+00:00,8.29,8.29,8.7,8.7,15.39,0.01,0.96,15.39,13.91,15.39,0.96,18.38,0.01,8.7,0.01,15.39,13.91
2020-11-29 00:00:00+00:00,9.39,9.39,9.28,9.28,16.44,0.01,1.44,16.44,14.86,16.44,1.44,23.88,4.51,9.28,0.01,16.44,14.86
2020-11-30 00:00:00+00:00,10.43,10.43,9.77,9.77,17.08,0.01,1.97,17.08,15.49,17.08,1.97,11.62,9.24,9.77,0.01,17.08,15.49
2020-12-01 00:00:00+00:00,11.53,11.53,10.8,10.8,17.45,0.01,2.5,17.45,16.2,17.45,2.5,1.12,12.31,10.8,0.01,17.45,16.2
2020-12-02 00:00:00+00:00,12.94,12.94,12.32,12.32,17.13,0.01,3.07,17.13,17.62,17.13,3.07,5.67,13.65,12.32,0.01,17.13,17.62
2020-12-03 00:00:00+00:00,15.16,15.16,15.09,15.09,17.23,0.01,3.86,17.23,19.98,17.23,3.86,1.52,18.0,15.09,0.01,17.23,19.98
2020-12-04 00:00:00+00:00,18.0,18.0,19.35,19.35,18.84,0.01,5.02,18.84,23.35,18.84,5.02,1.07,22.47,19.35,0.01,18.84,23.35
2020-12-05 00:00:00+00:00,18.84,18.84,21.34,21.34,18.11,0.01,5.42,18.11,24.04,18.11,5.42,33.36,22.67,21.34,0.01,18.11,24.04
2020-12-06 00:00:00+00:00,19.7,19.7,22.51,22.51,17.59,0.01,5.66,17.59,24.53,17.59,5.66,49.45,17.53,22.51,0.01,17.59,24.53
2020-12-07 00:00:00+00:00,20.52,20.52,23.24,23.24,16.75,0.01,5.85,16.75,25.16,16.75,5.85,30.98,13.49,23.24,0.01,16.75,25.16
2020-12-08 00:00:00+00:00,21.55,21.55,23.95,23.95,16.61,0.01,6.02,16.61,26.46,16.61,6.02,0.01,14.64,23.95,0.72,16.61,26.46
2020-12-09 00:00:00+00:00,22.0,22.0,24.75,24.75,16.42,0.01,6.18,16.42,27.49,16.42,6.18,0.01,16.01,24.75,2.41,16.42,27.49
2020-12-10 00:00:00+00:00,21.12,21.12,24.59,24.59,15.36,0.01,5.9,15.36,27.74,15.36,5.9,0.01,14.19,24.59,4.17,15.36,27.74
2020-12-11 00:00:00+00:00,18.95,18.95,22.18,22.18,13.17,0.88,5.23,13.17,26.03,13.17,5.23,3.23,8.58,22.18,3.79,13.17,26.03
2020-12-12 00:00:00+00:00,18.83,18.83,22.07,22.07,12.38,1.29,5.08,12.38,26.63,12.38,5.08,20.9,6.33,22.07,3.66,12.38,26.63
2020-12-13 00:00:00+00:00,18.19,18.19,21.46,21.46,11.27,1.53,4.79,11.27,26.7,11.27,4.79,33.6,6.97,21.46,3.1,11.27,26.7
2020-12-14 00:00:00+00:00,17.33,17.33,20.39,20.39,9.83,1.48,4.53,9.83,26.26,9.83,4.53,33.32,7.77,20.39,2.24,9.83,26.26
2020-12-15 00:00:00+00:00,16.79,16.79,19.58,19.58,9.06,1.52,4.26,9.06,26.08,9.06,4.26,23.5,6.06,19.58,0.01,9.06,26.08
2020-12-16 00:00:00+00:00,16.04,16.04,19.43,19.43,8.23,1.37,3.94,8.23,25.25,8.23,3.94,12.48,8.43,19.43,0.01,8.23,25.25
2020-12-17 00:00:00+00:00,15.47,15.47,19.23,19.23,7.39,1.39,3.87,7.39,25.07,7.39,3.87,0.01,14.04,19.23,0.01,7.39,25.07
2020-12-18 00:00:00+00:00,14.91,14.91,18.59,18.59,6.96,2.09,3.54,6.96,24.7,6.96,3.54,1.79,14.05,18.59,0.01,6.96,24.7
2020-12-19 00:00:00+00:00,14.96,14.96,18.85,18.85,6.18,3.79,3.15,6.18,25.09,6.18,3.15,13.71,10.28,18.85,0.01,6.18,25.09
2020-12-20 00:00:00+00:00,14.93,14.93,19.57,19.57,4.8,4.87,3.12,4.8,25.63,4.8,3.12,18.66,9.55,19.57,0.01,4.8,25.63
2020-12-21 00:00:00+00:00,13.76,13.76,18.87,18.87,4.25,4.48,2.87,4.25,24.29,4.25,2.87,16.12,0.01,18.87,0.01,4.25,24.29
2020-12-22 00:00:00+00:00,13.65,13.65,19.35,19.35,4.3,4.27,2.68,4.3,24.85,4.3,2.68,18.22,0.01,19.35,4.55,4.3,24.85
2020-12-23 00:00:00+00:00,14.24,14.24,20.49,20.49,4.56,4.27,2.89,4.56,26.57,4.56,2.89,12.06,0.01,20.49,7.8,4.56,26.57
2020-12-24 00:00:00+00:00,14.66,14.66,21.78,21.78,5.12,4.3,3.16,5.12,27.78,5.12,3.16,0.01,0.01,21.78,9.67,5.12,27.78
2020-12-25 00:00:00+00:00,15.4,15.4,23.77,23.77,5.89,4.45,3.45,5.89,30.05,5.89,3.45,0.01,0.01,23.77,11.59,5.89,30.05
2020-12-26 00:00:00+00:00,15.78,15.78,24.35,24.35,5.95,4.34,3.55,5.95,31.75,5.95,3.55,0.01,0.01,24.35,12.53,5.95,31.75
2020-12-27 00:00:00+00:00,16.44,16.44,25.42,25.42,5.48,4.58,3.67,5.48,33.87,5.48,3.67,0.01,0.01,25.42,13.26,5.48,33.87
2020-12-28 00:00:00+00:00,18.05,18.05,28.91,28.91,6.31,5.37,4.18,6.31,38.01,6.31,4.18,14.7,11.44,28.91,14.48,6.31,38.01
2020-12-29 00:00:00+00:00,20.29,20.29,33.35,33.35,7.18,6.63,5.31,7.18,43.5,7.18,5.31,28.06,0.01,33.35,16.23,7.18,43.5
2020-12-30 00:00:00+00:00,22.77,22.77,37.79,37.79,7.23,8.53,6.98,7.23,49.91,7.23,6.98,41.58,0.01,37.79,18.15,7.23,49.91
2020-12-31 00:00:00+00:00,24.76,24.76,41.27,41.27,7.97,10.29,8.55,7.97,55.35,7.97,8.55,42.71,0.01,41.27,19.45,7.97,55.35
2021-01-01 00:00:00+00:00,28.86,28.86,48.97,48.97,8.62,13.16,10.87,8.62,66.61,8.62,10.87,39.41,0.01,48.97,22.96,8.62,66.61
2021-01-02 00:00:00+00:00,34.38,34.38,57.54,57.54,10.06,13.41,14.55,10.06,77.54,10.06,14.55,29.79,0.01,57.54,27.06,10.06,77.54
2021-01-03 00:00:00+00:00,36.83,36.83,62.73,62.73,11.61,15.32,17.19,11.61,82.32,11.61,17.19,17.12,0.01,62.73,29.37,11.61,82.32
2021-01-04 00:00:00+00:00,38.27,38.27,65.97,65.97,12.66,16.5,19.39,12.66,83.48,12.66,19.39,0.01,0.01,65.97,30.75,12.66,83.48
2021-01-05 00:00:00+00:00,37.96,37.96,66.2,66.2,13.24,16.81,20.74,13.24,80.99,13.24,20.74,0.01,0.01,66.2,31.19,13.24,80.99
2021-01-06 00:00:00+00:00,37.46,37.46,66.51,66.51,14.25,17.55,21.43,14.25,78.68,14.25,21.43,14.13,0.01,66.51,30.64,14.25,78.68
2021-01-07 00:00:00+00:00,37.3,37.3,67.17,67.17,15.57,18.41,22.62,15.57,77.11,15.57,22.62,30.16,6.4,67.17,29.76,15.57,77.11
2021-01-08 00:00:00+00:00,37.42,37.42,68.25,68.25,17.18,19.55,23.69,17.18,76.83,17.18,23.69,42.82,9.68,68.25,29.36,17.18,76.83
2021-01-09 00:00:00+00:00,36.85,36.85,68.52,68.52,17.78,20.21,24.48,17.78,74.95,17.78,24.48,69.31,13.52,68.52,28.95,17.78,74.95
2021-01-10 00:00:00+00:00,35.99,35.99,70.01,70.01,18.31,20.95,25.3,18.31,73.99,18.31,25.3,105.29,13.16,70.01,28.28,18.31,73.99
2021-01-11 00:00:00+00:00,35.42,35.42,73.84,73.84,19.44,22.24,26.72,19.44,75.18,19.44,26.72,108.2,7.73,73.84,28.38,19.44,75.18
2021-01-12 00:00:00+00:00,34.87,34.87,77.94,77.94,20.81,23.91,28.39,20.81,76.77,20.81,28.39,92.26,9.88,77.94,28.75,20.81,76.77
2021-01-13 00:00:00+00:00,33.23,33.23,79.42,79.42,21.75,25.59,28.45,21.75,75.65,21.75,28.45,97.58,22.39,79.42,27.74,21.75,75.65
2021-01-14 00:00:00+00:00,31.07,31.07,79.38,79.38,22.59,27.09,28.28,22.59,73.47,22.59,28.28,76.23,29.68,79.38,26.7,22.59,73.47
2021-01-15 00:00:00+00:00,26.58,26.58,72.5,72.5,21.96,25.87,25.94,21.96,65.18,21.96,25.94,28.25,27.34,72.5,23.55,21.96,65.18
2021-01-16 00:00:00+00:00,22.27,22.27,64.96,64.96,20.68,23.65,23.47,20.68,56.53,20.68,23.47,23.57,38.44,64.96,20.62,20.68,56.53
2021-01-17 00:00:00+00:00,20.17,20.17,62.81,62.81,20.97,22.89,23.11,20.97,53.24,20.97,23.11,38.41,36.22,62.81,19.76,20.97,53.24
2021-01-18 00:00:00+00:00,18.9,18.9,63.47,63.47,22.05,22.83,23.43,22.05,51.92,22.05,23.43,17.4,31.87,63.47,19.33,22.05,51.92
2021-01-19 00:00:00+00:00,18.28,18.28,67.52,67.52,23.44,22.56,24.48,23.44,52.0,23.44,24.48,20.43,37.95,67.52,20.2,23.44,52.0
2021-01-20 00:00:00+00:00,17.92,17.92,74.42,74.42,24.4,21.9,26.14,24.4,53.84,24.4,26.14,51.91,37.35,74.42,22.13,24.4,53.84
2021-01-21 00:00:00+00:00,18.01,18.01,82.35,82.35,25.11,21.61,28.46,25.11,57.32,25.11,28.46,93.74,47.79,82.35,24.71,25.11,57.32
2021-01-22 00:00:00+00:00,18.1,18.1,90.85,90.85,25.42,23.11,31.24,25.42,60.81,25.42,31.24,100.83,55.56,90.85,27.56,25.42,60.81
2021-01-23 00:00:00+00:00,17.82,17.82,98.14,98.14,26.02,26.57,33.65,26.02,63.48,26.02,33.65,106.22,64.81,98.14,29.43,26.02,63.48
2021-01-24 00:00:00+00:00,17.19,17.19,102.45,102.45,27.48,30.3,35.16,27.48,64.72,27.48,35.16,93.32,67.12,102.45,30.09,27.48,64.72
2021-01-25 00:00:00+00:00,16.88,16.88,102.97,102.97,28.98,32.6,35.94,28.98,64.25,28.98,35.94,67.2,68.05,102.97,30.27,28.98,64.25
2021-01-26 00:00:00+00:00,16.74,16.74,102.1,102.1,30.62,34.42,36.55,30.62,63.47,30.62,36.55,0.01,64.63,102.1,30.86,30.62,63.47
2021-01-27 00:00:00+00:00,16.32,16.32,100.23,100.23,31.08,36.28,36.59,31.08,62.02,31.08,36.59,4.04,57.41,100.23,30.79,31.08,62.02
2021-01-28 00:00:00+00:00,16.1,16.1,96.82,96.82,30.7,37.25,36.0,30.7,59.65,30.7,36.0,86.07,50.34,96.82,30.72,30.7,59.65
2021-01-29 00:00:00+00:00,16.5,16.5,95.9,95.9,30.77,38.35,36.45,30.77,58.91,30.77,36.45,102.21,51.1,95.9,31.66,30.77,58.91
2021-01-30 00:00:00+00:00,17.0,17.0,95.89,95.89,31.44,39.7,37.26,31.44,58.49,31.44,37.26,102.55,53.04,95.89,32.6,31.44,58.49
2021-01-31 00:00:00+00:00,16.91,16.91,93.09,93.09,31.22,40.21,36.89,31.22,56.79,31.22,36.89,99.92,54.5,93.09,32.74,31.22,56.79
2021-02-01 00:00:00+00:00,16.62,16.62,90.16,90.16,31.81,40.87,36.41,31.81,55.1,31.81,36.41,46.54,48.55,90.16,32.49,31.81,55.1
2021-02-02 00:00:00+00:00,16.38,16.38,87.97,87.97,32.55,40.7,36.17,32.55,53.46,32.55,36.17,47.82,57.04,87.97,32.54,32.55,53.46
2021-02-03 00:00:00+00:00,16.66,16.66,90.38,90.38,34.36,43.25,37.6,34.36,54.85,34.36,37.6,58.65,55.93,90.38,34.41,34.36,54.85
2021-02-04 00:00:00+00:00,18.13,18.13,97.07,97.07,38.07,48.07,40.94,38.07,58.87,38.07,40.94,55.3,70.39,97.07,38.19,38.07,58.87
2021-02-05 00:00:00+00:00,19.59,19.59,103.63,103.63,41.37,52.14,44.25,41.37,62.7,41.37,44.25,38.84,113.08,103.63,42.72,41.37,62.7
2021-02-06 00:00:00+00:00,19.69,19.69,106.58,106.58,41.98,53.39,45.85,41.98,63.81,41.98,45.85,85.06,116.26,106.58,46.98,41.98,63.81
2021-02-07 00:00:00+00:00,19.65,19.65,110.38,110.38,42.47,55.45,47.84,42.47,65.13,42.47,47.84,97.0,111.53,110.38,51.09,42.47,65.13
2021-02-08 00:00:00+00:00,19.24,19.24,112.43,112.43,43.25,58.36,49.34,43.25,65.39,43.25,49.34,55.54,104.71,112.43,52.18,43.25,65.39
2021-02-09 00:00:00+00:00,18.64,18.64,112.72,112.72,44.46,59.86,49.83,44.46,65.41,44.46,49.83,18.79,99.29,112.72,51.29,44.46,65.41
2021-02-10 00:00:00+00:00,17.58,17.58,110.63,110.63,43.78,58.45,48.84,43.78,63.55,43.78,48.84,0.01,101.49,110.63,48.84,43.78,63.55
2021-02-11 00:00:00+00:00,17.1,17.1,105.53,105.53,41.73,55.51,46.41,41.73,59.75,41.73,46.41,0.01,99.09,105.53,45.59,41.73,59.75
2021-02-12 00:00:00+00:00,16.62,16.62,96.64,96.64,38.11,50.67,42.57,38.11,54.04,38.11,42.57,0.01,95.04,96.64,41.59,38.11,54.04
2021-02-13 00:00:00+00:00,16.94,16.94,92.88,92.88,36.32,48.47,40.92,36.32,50.87,36.32,40.92,45.01,97.91,92.88,39.75,36.32,50.87
2021-02-14 00:00:00+00:00,17.14,17.14,88.35,88.35,33.99,45.85,38.99,33.99,47.35,33.99,38.99,92.91,77.42,88.35,37.82,33.99,47.35
2021-02-15 00:00:00+00:00,17.41,17.41,85.25,85.25,32.54,44.37,38.0,32.54,45.46,32.54,38.0,82.11,47.25,85.25,36.91,32.54,45.46
2021-02-16 00:00:00+00:00,17.57,17.57,82.11,82.11,31.63,43.09,37.23,31.63,44.34,31.63,37.23,43.08,45.71,82.11,36.3,31.63,44.34
2021-02-17 00:00:00+00:00,17.28,17.28,77.63,77.63,29.5,41.05,35.89,29.5,42.37,29.5,35.89,25.42,41.78,77.63,35.04,29.5,42.37
2021-02-18 00:00:00+00:00,16.77,16.77,72.49,72.49,27.65,38.74,33.94,27.65,39.5,27.65,33.94,0.01,39.25,72.49,33.02,27.65,39.5
2021-02-19 00:00:00+00:00,16.33,16.33,69.69,69.69,26.57,37.23,32.55,26.57,37.02,26.57,32.55,22.14,38.43,69.69,32.05,26.57,37.02
2021-02-20 00:00:00+00:00,15.01,15.01,66.46,66.46,24.16,34.93,30.55,24.16,33.82,24.16,30.55,46.8,38.72,66.46,30.8,24.16,33.82
2021-02-21 00:00:00+00:00,14.7,14.7,67.53,67.53,23.01,35.4,30.61,23.01,33.52,23.01,30.61,40.77,38.04,67.53,31.21,23.01,33.52
2021-02-22 00:00:00+00:00,14.79,14.79,67.95,67.95,22.76,36.19,30.62,22.76,33.26,22.76,30.62,22.21,35.06,67.95,30.9,22.76,33.26
2021-02-23 00:00:00+00:00,14.59,14.59,67.22,67.22,22.37,35.19,30.02,22.37,31.6,22.37,30.02,7.4,24.13,67.22,30.73,22.37,31.6
2021-02-24 00:00:00+00:00,14.06,14.06,69.24,69.24,21.63,33.41,30.33,21.63,30.38,21.63,30.33,10.02,33.74,69.24,32.27,21.63,30.38
2021-02-25 00:00:00+00:00,13.46,13.46,73.12,73.12,21.46,31.4,31.37,21.46,30.16,21.46,31.37,0.01,48.75,73.12,34.75,21.46,30.16
2021-02-26 00:00:00+00:00,12.82,12.82,75.85,75.85,21.95,29.47,32.15,21.95,30.01,21.95,32.15,0.01,66.36,75.85,36.79,21.95,30.01
2021-02-27 00:00:00+00:00,12.42,12.42,80.94,80.94,23.1,29.22,33.84,23.1,30.81,23.1,33.84,0.01,80.94,80.94,39.43,23.1,30.81
2021-02-28 00:00:00+00:00,11.46,11.46,81.22,81.22,23.64,29.0,33.74,23.64,28.94,23.64,33.74,68.91,73.1,81.22,39.96,23.64,28.94
2021-03-01 00:00:00+00:00,8.77,8.77,82.17,82.17,25.09,25.72,33.35,25.09,28.19,25.09,33.35,40.76,44.02,82.17,40.46,25.09,28.19
2021-03-02 00:00:00+00:00,7.95,7.95,87.65,87.65,28.01,26.45,35.49,28.01,29.07,28.01,35.49,30.6,25.04,87.65,42.65,28.01,29.07
2021-03-03 00:00:00+00:00,6.81,6.81,91.41,91.41,30.31,27.47,37.04,30.31,28.79,30.31,37.04,19.54,19.59,91.41,43.79,30.31,28.79
2021-03-04 00:00:00+00:00,5.32,5.32,91.59,91.59,31.56,27.93,37.13,31.56,27.5,31.56,37.13,0.01,0.01,91.59,43.86,31.56,27.5
2021-03-05 00:00:00+00:00,3.71,3.71,89.63,89.63,32.04,27.07,36.33,32.04,25.75,32.04,36.33,0.01,0.01,89.63,43.28,32.04,25.75
2021-03-06 00:00:00+00:00,2.18,2.18,86.09,86.09,29.59,24.07,34.85,29.59,23.93,29.59,34.85,63.09,5.38,86.09,41.94,29.59,23.93
2021-03-07 00:00:00+00:00,0.92,0.92,86.01,86.01,27.76,23.39,34.83,27.76,22.92,27.76,34.83,59.54,43.0,86.01,42.12,27.76,22.92
2021-03-08 00:00:00+00:00,0.01,0.01,85.82,85.82,26.93,25.01,34.8,26.93,22.1,26.93,34.8,33.17,41.32,85.82,42.02,26.93,22.1
2021-03-09 00:00:00+00:00,0.01,0.01,82.01,82.01,25.15,26.33,33.25,25.15,21.16,25.15,33.25,13.52,35.88,82.01,40.72,25.15,21.16
2021-03-10 00:00:00+00:00,0.01,0.01,79.74,79.74,23.77,24.63,32.1,23.77,21.09,23.77,32.1,42.42,21.75,79.74,40.58,23.77,21.09
2021-03-11 00:00:00+00:00,0.01,0.01,81.89,81.89,22.96,19.18,32.53,22.96,22.33,22.96,32.53,66.08,13.65,81.89,43.07,22.96,22.33
2021-03-12 00:00:00+00:00,0.01,0.01,84.76,84.76,21.91,15.77,33.25,21.91,23.7,21.91,33.25,80.12,29.34,84.76,45.94,21.91,23.7
2021-03-13 00:00:00+00:00,0.01,0.01,86.62,86.62,20.36,13.54,33.72,20.36,24.37,20.36,33.72,62.72,28.87,86.62,48.15,20.36,24.37
2021-03-14 00:00:00+00:00,0.01,0.01,87.03,87.03,19.1,12.16,33.82,19.1,24.37,19.1,33.82,53.63,39.3,87.03,49.07,19.1,24.37
2021-03-15 00:00:00+00:00,0.01,0.01,86.94,86.94,19.38,9.98,33.78,19.38,24.26,19.38,33.78,18.58,42.3,86.94,49.41,19.38,24.26
2021-03-16 00:00:00+00:00,0.01,0.01,86.59,86.59,20.91,7.46,33.69,20.91,24.43,20.91,33.69,0.01,31.49,86.59,49.57,20.91,24.43
2021-03-17 00:00:00+00:00,0.01,0.01,85.14,85.14,21.93,6.5,33.11,21.93,24.24,21.93,33.11,0.01,33.7,85.14,48.23,21.93,24.24
2021-03-18 00:00:00+00:00,0.01,0.01,81.92,81.92,21.69,8.15,31.84,21.69,23.05,21.69,31.84,0.01,29.97,81.92,45.61,21.69,23.05
2021-03-19 00:00:00+00:00,0.01,0.01,80.62,80.62,21.03,9.83,31.23,21.03,22.51,21.03,31.23,17.39,40.31,80.62,44.1,21.03,22.51
2021-03-20 00:00:00+00:00,0.01,0.01,79.51,79.51,19.35,5.79,30.67,19.35,22.62,19.35,30.67,45.52,44.02,79.51,42.96,19.35,22.62
2021-03-21 00:00:00+00:00,0.01,0.01,79.22,79.22,18.19,4.4,30.45,18.19,22.58,18.19,30.45,28.81,44.01,79.22,41.79,18.19,22.58
2021-03-22 00:00:00+00:00,0.01,0.01,79.37,79.37,18.18,4.35,30.43,18.18,22.84,18.18,30.43,0.01,46.69,79.37,40.84,18.18,22.84
2021-03-23 00:00:00+00:00,0.01,0.01,77.59,77.59,18.12,5.34,29.68,18.12,22.39,18.12,29.68,0.01,37.93,77.59,40.0,18.12,22.39
2021-03-24 00:00:00+00:00,0.01,0.01,76.48,76.48,17.55,7.27,29.15,17.55,21.53,17.55,29.15,0.01,36.23,76.48,37.0,17.55,21.53
2021-03-25 00:00:00+00:00,0.01,0.01,76.64,76.64,17.03,10.86,29.08,17.03,21.9,17.03,29.08,33.66,38.32,76.64,36.29,17.03,21.9
2021-03-26 00:00:00+00:00,0.01,0.01,76.47,76.47,16.74,15.74,28.72,16.74,21.99,16.74,28.72,76.47,31.86,76.47,35.47,16.74,21.99
2021-03-27 00:00:00+00:00,0.01,0.01,74.86,74.86,17.41,20.86,27.71,17.41,21.6,17.41,27.71,72.77,28.07,74.86,34.08,17.41,21.6
2021-03-28 00:00:00+00:00,0.01,0.01,74.88,74.88,18.54,25.4,27.3,18.54,21.58,18.54,27.3,68.68,29.12,74.88,33.84,18.54,21.58
2021-03-29 00:00:00+00:00,0.01,0.01,71.57,71.57,17.62,17.12,25.71,17.62,20.36,17.62,25.71,71.57,18.56,71.57,31.65,17.62,20.36
2021-03-30 00:00:00+00:00,0.01,0.01,66.35,66.35,15.41,0.01,23.59,15.41,17.78,15.41,23.59,66.42,33.21,66.35,25.58,15.41,17.78
2021-03-31 00:00:00+00:00,0.01,0.01,64.8,64.8,14.17,0.01,22.88,14.17,16.49,14.17,22.88,37.79,0.01,64.8,22.65,14.17,16.49
2021-04-01 00:00:00+00:00,0.01,0.01,64.39,64.39,13.05,0.01,22.46,13.05,15.7,13.05,22.46,5.97,0.01,64.39,21.38,13.05,15.7
2021-04-02 00:00:00+00:00,0.01,0.01,64.13,64.13,11.87,0.01,21.97,11.87,15.26,11.87,21.97,15.05,0.01,64.13,20.63,11.87,15.26
2021-04-03 00:00:00+00:00,0.01,0.01,65.25,65.25,11.24,0.01,21.85,11.24,15.2,11.24,21.85,30.22,8.99,65.25,20.37,11.24,15.2
2021-04-04 00:00:00+00:00,0.01,0.01,66.58,66.58,10.55,0.01,21.78,10.55,15.44,10.55,21.78,12.04,13.94,66.58,20.42,10.55,15.44
2021-04-05 00:00:00+00:00,0.01,0.01,71.36,71.36,10.37,0.01,22.86,10.37,15.98,10.37,22.86,5.78,33.42,71.36,21.69,10.37,15.98
2021-04-06 00:00:00+00:00,0.01,0.01,79.0,79.0,10.43,0.01,25.05,10.43,17.31,10.43,25.05,25.8,41.94,79.0,24.32,10.43,17.31
2021-04-07 00:00:00+00:00,0.01,0.01,81.78,81.78,10.57,0.01,25.78,10.57,17.3,10.57,25.78,30.09,43.81,81.78,25.76,10.57,17.3
2021-04-08 00:00:00+00:00,0.01,0.01,86.6,86.6,11.25,0.01,27.07,11.25,18.02,11.25,27.07,44.56,45.84,86.6,27.73,11.25,18.02
2021-04-09 00:00:00+00:00,0.01,0.01,92.1,92.1,11.88,0.01,28.66,11.88,19.14,11.88,28.66,37.02,47.68,92.1,30.01,11.88,19.14
2021-04-10 00:00:00+00:00,0.01,0.01,96.4,96.4,12.65,0.01,29.99,12.65,20.19,12.65,29.99,37.49,50.08,96.4,31.81,12.65,20.19
2021-04-11 00:00:00+00:00,0.01,0.01,98.47,98.47,12.63,0.01,30.73,12.63,20.73,12.63,30.73,48.64,49.23,98.47,33.05,12.63,20.73
2021-04-12 00:00:00+00:00,0.01,0.01,100.61,100.61,12.66,0.01,31.58,12.66,21.07,12.66,31.58,33.92,48.63,100.61,35.2,12.66,21.07
2021-04-13 00:00:00+00:00,0.01,0.01,101.55,101.55,12.98,0.43,32.07,12.98,21.47,12.98,32.07,15.55,47.1,101.55,37.23,12.98,21.47
2021-04-14 00:00:00+00:00,0.01,0.01,102.15,102.15,13.77,4.99,32.49,13.77,21.46,13.77,32.49,0.01,43.21,102.15,38.74,13.77,21.46
2021-04-15 00:00:00+00:00,0.01,0.01,98.06,98.06,13.81,6.15,31.33,13.81,20.5,13.81,31.33,18.26,49.03,98.06,38.24,13.81,20.5
2021-04-16 00:00:00+00:00,0.01,0.01,92.95,92.95,13.43,7.65,29.81,13.43,19.78,13.43,29.81,55.98,48.8,92.95,36.8,13.43,19.78
2021-04-17 00:00:00+00:00,0.01,0.01,91.15,91.15,13.49,9.15,29.35,13.49,19.6,13.49,29.35,52.41,55.04,91.15,36.26,13.49,19.6
2021-04-18 00:00:00+00:00,0.01,0.01,90.49,90.49,14.06,10.36,29.26,14.06,19.66,14.06,29.26,36.71,46.8,90.49,36.03,14.06,19.66
2021-04-19 00:00:00+00:00,0.01,0.01,89.05,89.05,14.01,10.42,28.9,14.01,19.4,14.01,28.9,41.15,36.22,89.05,35.27,14.01,19.4
2021-04-20 00:00:00+00:00,0.01,0.01,91.78,91.78,13.41,10.94,29.9,13.41,20.39,13.41,29.9,55.94,28.52,91.78,36.02,13.41,20.39
2021-04-21 00:00:00+00:00,0.01,0.01,93.89,93.89,10.85,10.93,30.56,10.85,21.75,10.85,30.56,63.16,33.19,93.89,36.94,10.85,21.75
2021-04-22 00:00:00+00:00,0.01,0.01,98.33,98.33,7.98,20.26,32.04,7.98,22.77,7.98,32.04,98.33,43.8,98.33,39.64,7.98,22.77
2021-04-23 00:00:00+00:00,0.01,0.01,101.82,101.82,5.88,28.56,33.26,5.88,24.4,5.88,33.26,101.82,50.44,101.82,42.54,5.88,24.4
2021-04-24 00:00:00+00:00,0.01,0.01,104.71,104.71,3.6,31.56,34.25,3.6,26.47,3.6,34.25,104.71,53.77,104.71,45.84,3.6,26.47
2021-04-25 00:00:00+00:00,0.01,0.01,106.14,106.14,1.31,32.78,34.79,1.31,28.88,1.31,34.79,106.14,43.5,106.14,47.74,1.31,28.88
2021-04-26 00:00:00+00:00,0.01,0.01,106.93,106.93,1.06,36.25,35.15,1.06,31.94,1.06,35.15,55.79,39.64,106.93,47.82,1.06,31.94
2021-04-27 00:00:00+00:00,0.01,0.01,107.79,107.79,2.28,44.75,35.52,2.28,36.94,2.28,35.52,55.88,32.56,107.79,47.35,2.28,36.94
2021-04-28 00:00:00+00:00,0.01,0.01,105.28,105.28,13.68,47.81,34.8,13.68,36.94,13.68,34.8,39.48,33.17,105.28,45.46,13.68,36.94
2021-04-29 00:00:00+00:00,0.01,0.01,103.01,103.01,22.11,48.45,34.18,22.11,35.87,22.11,34.18,7.91,35.28,103.01,44.16,22.11,35.87
2021-04-30 00:00:00+00:00,0.01,0.01,105.99,105.99,29.65,50.93,35.41,29.65,37.08,29.65,35.41,0.01,40.38,105.99,46.26,29.65,37.08
2021-05-01 00:00:00+00:00,0.01,0.01,104.36,104.36,35.0,52.17,36.62,35.0,39.3,35.0,36.62,25.48,38.74,104.36,48.19,35.0,39.3
2021-05-02 00:00:00+00:00,0.01,0.01,102.42,102.42,38.18,52.38,36.93,38.18,42.12,38.18,36.93,10.24,34.16,102.42,49.82,38.18,42.12
2021-05-03 00:00:00+00:00,0.01,0.01,101.74,101.74,40.38,51.75,36.62,40.38,44.92,40.38,36.62,21.13,45.4,101.74,50.42,40.38,44.92
2021-05-04 00:00:00+00:00,0.01,0.01,101.8,101.8,40.77,49.63,36.02,40.77,47.53,40.77,36.02,32.51,45.53,101.8,50.24,40.77,47.53
2021-05-05 00:00:00+00:00,0.01,0.01,104.25,104.25,43.14,50.94,37.45,43.14,50.46,43.14,37.45,40.6,55.01,104.25,52.85,43.14,50.46
2021-05-06 00:00:00+00:00,0.01,0.01,101.77,101.77,45.92,54.65,38.52,45.92,48.5,45.92,38.52,31.3,66.64,101.77,57.0,45.92,48.5
2021-05-07 00:00:00+00:00,0.01,0.01,96.7,96.7,48.33,70.77,37.84,48.33,45.29,48.33,37.84,62.13,75.73,96.7,58.51,48.33,45.29
2021-05-08 00:00:00+00:00,0.01,0.01,92.3,92.3,49.19,80.31,36.97,49.19,43.13,49.19,36.97,79.65,72.68,92.3,59.58,49.19,43.13
2021-05-09 00:00:00+00:00,0.01,0.01,91.65,91.65,49.31,97.28,37.44,49.31,42.76,49.31,37.44,100.18,74.6,91.65,62.01,49.31,42.76
2021-05-10 00:00:00+00:00,0.01,0.01,88.63,88.63,49.06,98.9,37.97,49.06,43.54,49.06,37.97,57.16,86.79,88.63,63.29,49.06,43.54
2021-05-11 00:00:00+00:00,0.01,0.01,87.97,87.97,50.83,80.49,39.01,50.83,45.19,50.83,39.01,62.68,80.26,87.97,65.06,50.83,45.19
2021-05-12 00:00:00+00:00,0.01,0.01,90.45,90.45,52.58,66.93,39.46,52.58,46.69,52.58,39.46,81.71,53.82,90.45,65.31,52.58,46.69
2021-05-13 00:00:00+00:00,0.01,0.01,88.66,88.66,51.19,57.18,39.46,51.19,47.58,51.19,39.46,78.37,45.81,88.66,63.0,51.19,47.58
2021-05-14 00:00:00+00:00,0.01,0.01,89.03,89.03,48.49,50.9,39.01,48.49,47.67,48.49,39.01,56.75,36.87,89.03,58.91,48.49,47.67
2021-05-15 00:00:00+00:00,0.01,0.01,84.63,84.63,43.43,45.47,36.14,43.43,44.27,43.43,36.14,8.23,19.8,84.63,53.92,43.43,44.27
2021-05-16 00:00:00+00:00,0.01,0.01,75.38,75.38,37.57,38.56,32.49,37.57,39.13,37.57,32.49,0.01,12.53,75.38,48.21,37.57,39.13
2021-05-17 00:00:00+00:00,0.01,0.01,71.44,71.44,36.03,38.62,32.34,36.03,36.86,36.03,32.34,29.99,10.01,71.44,46.72,36.03,36.86
2021-05-18 00:00:00+00:00,0.01,0.01,68.13,68.13,34.37,37.64,32.16,34.37,36.95,34.37,32.16,25.36,0.01,68.13,44.97,34.37,36.95
2021-05-19 00:00:00+00:00,0.01,0.01,66.58,66.58,32.6,37.13,32.56,32.6,38.07,32.6,32.56,8.97,19.91,66.58,44.11,32.6,38.07
2021-05-20 00:00:00+00:00,0.01,0.01,65.47,65.47,32.58,37.44,33.19,32.58,39.56,32.58,33.19,32.12,25.41,65.47,43.65,32.58,39.56
2021-05-21 00:00:00+00:00,0.01,0.01,64.76,64.76,33.75,38.03,33.9,33.75,40.2,33.75,33.9,17.53,30.46,64.76,43.49,33.75,40.2
2021-05-22 00:00:00+00:00,0.01,0.01,69.08,69.08,38.53,41.7,37.13,38.53,43.46,38.53,37.13,12.07,39.54,69.08,47.02,38.53,43.46
2021-05-23 00:00:00+00:00,0.01,0.01,76.94,76.94,43.56,47.76,41.48,43.56,47.89,43.56,41.48,15.99,50.91,76.94,52.66,43.56,47.89
2021-05-24 00:00:00+00:00,0.01,0.01,81.54,81.54,44.65,50.39,43.51,44.65,49.23,44.65,43.51,40.94,48.25,81.54,54.22,44.65,49.23
2021-05-25 00:00:00+00:00,0.01,0.01,85.7,85.7,43.15,51.37,45.73,43.15,50.95,43.15,45.73,31.28,29.55,85.7,55.37,43.15,50.95
2021-05-26 00:00:00+00:00,0.01,0.01,87.46,87.46,39.07,52.22,47.32,39.07,52.05,39.07,47.32,48.73,33.56,87.46,55.55,39.07,52.05
2021-05-27 00:00:00+00:00,0.01,0.01,88.23,88.23,34.98,52.67,48.93,34.98,53.07,34.98,48.93,100.32,39.49,88.23,55.51,34.98,53.07
2021-05-28 00:00:00+00:00,0.01,0.01,88.04,88.04,34.19,51.88,49.99,34.19,52.65,34.19,49.99,100.64,46.1,88.04,55.01,34.19,52.65
2021-05-29 00:00:00+00:00,0.01,0.01,88.62,88.62,33.8,52.01,51.03,33.8,53.09,33.8,51.03,42.6,51.1,88.62,55.14,33.8,53.09
2021-05-30 00:00:00+00:00,0.01,0.01,87.67,87.67,32.39,53.56,52.32,32.39,54.09,32.39,52.32,65.3,59.18,87.67,56.43,32.39,54.09
2021-05-31 00:00:00+00:00,0.01,0.01,86.22,86.22,30.71,56.58,54.64,30.71,55.96,30.71,54.64,108.49,71.77,86.22,59.24,30.71,55.96
2021-06-01 00:00:00+00:00,0.01,0.01,79.23,79.23,27.35,56.92,54.79,27.35,56.33,27.35,54.79,90.24,61.41,79.23,60.4,27.35,56.33
2021-06-02 00:00:00+00:00,0.01,0.01,73.61,73.61,19.72,56.3,54.87,19.72,56.66,19.72,54.87,45.54,73.32,73.61,60.74,19.72,56.66
2021-06-03 00:00:00+00:00,0.01,0.01,69.92,69.92,14.12,56.2,55.27,14.12,57.09,14.12,55.27,40.82,84.23,69.92,60.65,14.12,57.09
2021-06-04 00:00:00+00:00,0.01,0.01,66.55,66.55,7.48,55.07,55.98,7.48,57.85,7.48,55.98,95.73,99.52,66.55,60.92,7.48,57.85
2021-06-05 00:00:00+00:00,0.01,0.01,62.72,62.72,1.59,53.04,55.96,1.59,57.89,1.59,55.96,93.46,69.3,62.72,60.58,1.59,57.89
2021-06-06 00:00:00+00:00,0.01,0.01,56.93,56.93,6.07,54.05,54.04,6.07,55.48,6.07,54.04,101.48,61.66,56.93,58.03,6.07,55.48
2021-06-07 00:00:00+00:00,0.01,0.01,50.44,50.44,8.1,50.04,50.63,8.1,51.22,8.1,50.63,70.61,57.05,50.44,53.31,8.1,51.22
2021-06-08 00:00:00+00:00,0.01,0.01,48.4,48.4,5.01,49.85,50.26,5.01,50.72,5.01,50.26,41.96,53.22,48.4,52.03,5.01,50.72
2021-06-09 00:00:00+00:00,0.01,0.01,47.18,47.18,2.02,49.77,50.05,2.02,50.24,2.02,50.05,81.3,47.77,47.18,50.62,2.02,50.24
2021-06-10 00:00:00+00:00,0.01,0.01,46.0,46.0,5.57,48.71,49.44,5.57,49.21,5.57,49.44,93.47,43.23,46.0,49.15,5.57,49.21
2021-06-11 00:00:00+00:00,0.01,0.01,44.65,44.65,7.73,47.28,48.62,7.73,48.37,7.73,48.62,73.63,43.17,44.65,48.14,7.73,48.37
2021-06-12 00:00:00+00:00,0.01,0.01,43.36,43.36,8.68,46.14,48.08,8.68,47.81,8.68,48.08,39.18,45.12,43.36,48.01,8.68,47.81
2021-06-13 00:00:00+00:00,0.01,0.01,44.89,44.89,8.57,47.98,50.54,8.57,50.41,8.57,50.54,18.95,65.42,44.89,51.34,8.57,50.41
2021-06-14 00:00:00+00:00,0.01,0.01,47.75,47.75,7.25,50.71,54.4,7.25,54.31,7.25,54.4,8.06,74.71,47.75,55.38,7.25,54.31
2021-06-15 00:00:00+00:00,0.01,0.01,47.43,47.43,5.3,48.29,54.83,5.3,54.81,5.3,54.83,59.85,75.01,47.43,55.8,5.3,54.81
2021-06-16 00:00:00+00:00,0.01,0.01,46.81,46.81,4.8,47.51,55.47,4.8,55.35,4.8,55.47,86.32,93.16,46.81,56.95,4.8,55.35
2021-06-17 00:00:00+00:00,0.01,0.01,46.71,46.71,4.78,46.6,56.33,4.78,56.48,4.78,56.33,62.75,105.09,46.71,58.91,4.78,56.48
2021-06-18 00:00:00+00:00,0.01,0.01,47.04,47.04,3.7,44.47,57.7,3.7,58.37,3.7,57.7,41.99,96.74,47.04,60.88,3.7,58.37
2021-06-19 00:00:00+00:00,0.01,0.01,46.87,46.87,3.19,38.59,58.69,3.19,59.82,3.19,58.69,15.6,62.61,46.87,61.89,3.19,59.82
2021-06-20 00:00:00+00:00,0.01,0.01,46.97,46.97,15.7,30.97,59.44,15.7,60.54,15.7,59.44,37.81,56.71,46.97,63.18,15.7,60.54
2021-06-21 00:00:00+00:00,0.01,0.01,46.87,46.87,18.14,24.57,59.86,18.14,60.9,18.14,59.86,31.48,56.21,46.87,64.72,18.14,60.9
2021-06-22 00:00:00+00:00,0.01,0.01,46.92,46.92,24.3,18.44,61.52,24.3,61.83,24.3,61.52,0.01,52.41,46.92,68.38,24.3,61.83
2021-06-23 00:00:00+00:00,0.01,0.01,45.64,45.64,33.25,13.81,62.53,33.25,62.66,33.25,62.53,17.87,38.09,45.64,72.62,33.25,62.66
2021-06-24 00:00:00+00:00,0.01,0.01,44.21,44.21,42.44,13.53,63.16,42.44,63.39,42.44,63.16,62.47,27.38,44.21,77.76,42.44,63.39
2021-06-25 00:00:00+00:00,0.01,0.01,42.32,42.32,49.98,18.69,62.83,49.98,63.07,49.98,62.83,30.58,26.11,42.32,82.81,49.98,63.07
2021-06-26 00:00:00+00:00,0.01,0.01,40.45,40.45,53.65,24.11,62.67,53.65,63.53,53.65,62.67,63.17,30.68,40.45,87.89,53.65,63.53
2021-06-27 00:00:00+00:00,0.01,0.01,38.85,38.85,55.08,28.85,62.29,55.08,63.73,55.08,62.29,111.96,23.83,38.85,94.92,55.08,63.73
2021-06-28 00:00:00+00:00,0.01,0.01,37.69,37.69,55.52,34.34,63.08,55.52,65.08,55.52,63.08,112.62,26.69,37.69,112.79,55.52,65.08
2021-06-29 00:00:00+00:00,0.01,0.01,35.69,35.69,55.56,39.46,62.94,55.56,65.07,55.56,62.94,72.67,17.68,35.69,119.39,55.56,65.07
2021-06-30 00:00:00+00:00,0.01,0.01,33.64,33.64,63.8,49.19,62.79,63.8,64.68,63.8,62.79,53.34,46.37,33.64,118.49,63.8,64.68
2021-07-01 00:00:00+00:00,0.01,0.01,31.71,31.71,88.08,52.75,62.74,88.08,64.19,88.08,62.74,24.13,67.99,31.71,117.44,88.08,64.19
2021-07-02 00:00:00+00:00,0.01,0.01,32.39,32.39,109.46,53.27,63.19,109.46,63.13,109.46,63.19,30.16,82.09,32.39,113.32,109.46,63.13
2021-07-03 00:00:00+00:00,0.01,0.01,35.04,35.04,113.78,52.75,63.75,113.78,62.84,113.78,63.75,22.96,71.58,35.04,115.43,113.78,62.84
2021-07-04 00:00:00+00:00,0.01,0.01,37.75,37.75,110.54,49.28,64.23,110.54,61.54,110.54,64.23,29.17,79.83,37.75,116.69,110.54,61.54
2021-07-05 00:00:00+00:00,0.01,0.01,41.43,41.43,106.65,41.97,64.86,106.65,60.36,106.65,64.86,28.56,71.69,41.43,111.78,106.65,60.36
2021-07-06 00:00:00+00:00,0.01,0.01,46.03,46.03,101.32,27.6,65.1,101.32,59.5,101.32,65.1,71.58,65.75,46.03,106.93,101.32,59.5
2021-07-07 00:00:00+00:00,0.01,0.01,50.6,50.6,103.73,13.53,65.0,103.73,58.94,103.73,65.0,116.7,51.05,50.6,103.54,103.73,58.94
2021-07-08 00:00:00+00:00,0.01,0.01,53.89,53.89,100.43,4.27,64.43,100.43,57.36,100.43,64.43,117.49,55.65,53.89,100.35,100.43,57.36
2021-07-09 00:00:00+00:00,0.01,0.01,55.74,55.74,100.15,0.01,63.82,100.15,54.23,100.15,63.82,53.84,59.09,55.74,95.73,100.15,54.23
2021-07-10 00:00:00+00:00,0.01,0.01,57.86,57.86,95.9,0.01,63.82,95.9,51.77,95.9,63.82,30.82,29.79,57.86,91.85,95.9,51.77
2021-07-11 00:00:00+00:00,0.01,0.01,59.26,59.26,79.01,6.23,63.42,79.01,50.3,79.01,63.42,0.01,35.57,59.26,90.6,79.01,50.3
2021-07-12 00:00:00+00:00,0.01,0.01,57.78,57.78,55.76,10.12,60.82,55.76,48.43,55.76,60.82,33.65,47.73,57.78,88.24,55.76,48.43
2021-07-13 00:00:00+00:00,0.01,0.01,59.37,59.37,52.97,12.97,61.57,52.97,47.98,52.97,61.57,0.01,49.6,59.37,91.89,52.97,47.98
2021-07-14 00:00:00+00:00,0.01,0.01,61.08,61.08,53.07,18.3,62.49,53.07,45.98,53.07,62.49,5.89,54.19,61.08,94.63,53.07,45.98
2021-07-15 00:00:00+00:00,0.01,0.01,62.74,62.74,51.76,24.51,63.47,51.76,43.67,51.76,63.47,0.01,57.18,62.74,99.55,51.76,43.67
2021-07-16 00:00:00+00:00,2.29,2.29,64.08,64.08,53.23,27.17,63.85,53.23,41.71,53.23,63.85,63.56,72.47,64.08,102.27,53.23,41.71
2021-07-17 00:00:00+00:00,5.79,5.79,65.38,65.38,49.31,28.78,63.78,49.31,41.05,49.31,63.78,113.52,68.11,65.38,103.32,49.31,41.05
2021-07-18 00:00:00+00:00,4.98,4.98,67.95,67.95,49.18,32.76,65.17,49.18,40.96,49.18,65.17,84.46,81.29,67.95,107.86,49.18,40.96
2021-07-19 00:00:00+00:00,5.11,5.11,72.41,72.41,57.23,38.09,68.26,57.23,40.52,57.23,68.26,52.94,100.09,72.41,115.49,57.23,40.52
2021-07-20 00:00:00+00:00,6.69,6.69,74.32,74.32,58.18,39.62,68.44,58.18,39.76,58.18,68.44,50.08,85.47,74.32,118.34,58.18,39.76
2021-07-21 00:00:00+00:00,8.45,8.45,74.9,74.9,58.17,41.59,68.63,58.17,39.15,58.17,68.63,45.33,98.41,74.9,118.1,58.17,39.15
2021-07-22 00:00:00+00:00,10.46,10.46,75.67,75.67,72.28,44.31,68.54,72.28,38.17,72.28,68.54,46.78,95.08,75.67,117.46,72.28,38.17
2021-07-23 00:00:00+00:00,11.55,11.55,76.15,76.15,99.65,45.38,67.35,99.65,37.31,99.65,67.35,44.96,76.5,76.15,114.76,99.65,37.31
2021-07-24 00:00:00+00:00,12.8,12.8,75.41,75.41,112.89,46.69,66.77,112.89,38.38,112.89,66.77,87.81,54.27,75.41,112.89,112.89,38.38
2021-07-25 00:00:00+00:00,17.12,17.12,74.32,74.32,108.6,47.8,65.14,108.6,36.88,108.6,65.14,108.6,47.52,74.32,108.6,108.6,36.88
2021-07-26 00:00:00+00:00,23.06,23.06,75.81,75.81,108.88,50.22,66.01,108.88,36.32,108.88,66.01,103.03,42.22,75.81,108.88,108.88,36.32
2021-07-27 00:00:00+00:00,28.29,28.29,76.47,76.47,108.39,51.45,66.6,108.39,35.71,108.39,66.6,92.72,48.17,76.47,108.39,108.39,35.71
2021-07-28 00:00:00+00:00,27.94,27.94,77.61,77.61,108.33,50.89,67.03,108.33,34.19,108.33,67.03,64.08,57.78,77.61,108.33,108.33,34.19
2021-07-29 00:00:00+00:00,26.18,26.18,79.57,79.57,109.23,49.27,67.84,109.23,32.85,109.23,67.84,55.08,65.54,79.57,98.95,109.23,32.85
2021-07-30 00:00:00+00:00,26.27,26.27,83.92,83.92,108.83,49.53,70.4,108.83,33.66,108.83,70.4,75.05,60.98,83.92,105.39,108.83,33.66
2021-07-31 00:00:00+00:00,26.94,26.94,90.33,90.33,95.52,50.98,72.37,95.52,34.53,95.52,72.37,103.6,55.72,90.33,110.94,95.52,34.53
2021-08-01 00:00:00+00:00,30.95,30.95,99.85,99.85,98.46,53.82,75.79,98.46,36.33,98.46,75.79,95.26,62.54,99.85,118.84,98.46,36.33
2021-08-02 00:00:00+00:00,33.13,33.13,101.94,101.94,93.37,52.41,74.44,93.37,35.46,93.37,74.44,87.92,57.23,101.94,114.46,93.37,35.46
2021-08-03 00:00:00+00:00,36.48,36.48,109.93,109.93,91.48,53.46,77.63,91.48,36.57,91.48,77.63,60.81,57.94,109.93,115.88,91.48,36.57
2021-08-04 00:00:00+00:00,40.31,40.31,118.78,118.78,100.78,59.72,82.03,100.78,38.37,100.78,82.03,23.74,60.99,118.78,118.78,100.78,38.37
2021-08-05 00:00:00+00:00,44.1,44.1,121.89,121.89,106.15,62.52,86.47,106.15,40.43,106.15,86.47,24.75,62.91,121.89,121.89,106.15,40.43
2021-08-06 00:00:00+00:00,47.04,47.04,125.01,125.01,114.59,64.75,90.54,114.59,41.26,114.59,90.54,71.42,67.72,125.01,125.01,114.59,41.26
2021-08-07 00:00:00+00:00,48.82,48.82,128.12,128.12,124.99,66.33,93.88,124.99,40.6,124.99,93.88,82.19,76.88,128.12,128.12,124.99,40.6
2021-08-08 00:00:00+00:00,52.51,52.51,130.38,130.38,113.38,67.61,96.81,113.38,41.1,113.38,96.81,90.73,69.02,130.38,130.38,113.38,41.1
2021-08-09 00:00:00+00:00,58.18,58.18,137.32,137.32,108.1,71.55,103.46,108.1,43.54,108.1,103.46,58.23,86.72,137.32,137.32,108.1,43.54
2021-08-10 00:00:00+00:00,66.42,66.42,139.22,139.22,126.93,73.02,106.27,126.93,49.1,126.93,106.27,3.04,80.32,139.22,139.22,126.93,49.1
2021-08-11 00:00:00+00:00,67.75,67.75,137.71,137.71,137.71,74.03,106.53,137.71,50.61,137.71,106.53,76.99,85.06,137.71,137.71,137.71,50.61
2021-08-12 00:00:00+00:00,68.69,68.69,137.51,137.51,89.38,75.02,107.9,89.38,52.14,89.38,107.9,122.87,80.89,137.51,137.51,89.38,52.14
2021-08-13 00:00:00+00:00,69.18,69.18,138.14,138.14,103.61,75.99,109.26,103.61,52.38,103.61,109.26,76.96,78.28,138.14,138.14,103.61,52.38
2021-08-14 00:00:00+00:00,69.86,69.86,140.27,140.27,126.24,77.79,111.1,126.24,53.46,126.24,111.1,83.75,80.15,140.27,140.27,126.24,53.46
2021-08-15 00:00:00+00:00,73.93,73.93,143.46,143.46,127.95,80.32,114.31,127.95,57.54,127.95,114.31,92.16,78.25,143.46,143.46,127.95,57.54
2021-08-16 00:00:00+00:00,76.74,76.74,146.33,146.33,128.41,83.29,117.47,128.41,63.98,128.41,117.47,105.59,76.65,146.33,146.33,128.41,63.98
2021-08-17 00:00:00+00:00,79.01,79.01,148.9,148.9,129.24,86.67,120.99,129.24,69.05,129.24,120.99,107.55,111.68,148.9,145.26,129.24,69.05
2021-08-18 00:00:00+00:00,83.31,83.31,153.58,153.58,125.14,91.16,126.86,125.14,72.53,125.14,126.86,96.42,153.58,153.58,149.6,125.14,72.53
2021-08-19 00:00:00+00:00,87.1,87.1,155.19,155.19,111.33,93.54,130.05,111.33,73.78,111.33,130.05,93.14,155.19,155.19,155.19,111.33,73.78
2021-08-20 00:00:00+00:00,91.48,91.48,157.53,157.53,105.02,96.32,133.81,105.02,75.34,105.02,133.81,105.28,157.53,157.53,157.53,105.02,75.34
2021-08-21 00:00:00+00:00,95.36,95.36,159.63,159.63,106.43,98.54,137.3,106.43,77.21,106.43,137.3,92.58,159.63,159.63,159.63,106.43,77.21
2021-08-22 00:00:00+00:00,98.47,98.47,161.04,161.04,80.52,100.06,140.2,80.52,78.35,80.52,140.2,97.05,112.04,161.04,161.04,80.52,78.35
2021-08-23 00:00:00+00:00,102.27,102.27,163.22,163.22,81.61,102.23,143.87,81.61,80.28,81.61,143.87,130.94,87.88,163.22,163.22,81.61,80.28
2021-08-24 00:00:00+00:00,108.99,108.99,169.83,169.83,86.22,106.98,151.45,86.22,86.66,86.22,151.45,169.83,84.92,169.83,169.83,86.22,86.66
2021-08-25 00:00:00+00:00,115.14,115.14,177.38,177.38,85.23,111.98,159.93,85.23,92.86,85.23,159.93,67.56,93.9,177.38,177.38,85.23,92.86
2021-08-26 00:00:00+00:00,119.61,119.61,185.54,185.54,85.44,117.47,169.7,85.44,99.07,85.44,169.7,8.72,136.72,185.54,185.54,85.44,99.07
2021-08-27 00:00:00+00:00,122.55,122.55,190.51,190.51,90.72,121.2,176.71,90.72,102.93,90.72,176.71,29.31,155.06,190.51,190.51,90.72,102.93
2021-08-28 00:00:00+00:00,125.06,125.06,192.83,192.83,83.56,123.7,180.98,83.56,104.91,83.56,180.98,76.7,162.38,192.83,192.83,83.56,104.91
2021-08-29 00:00:00+00:00,128.41,128.41,196.98,196.98,100.78,127.94,185.87,100.78,107.94,100.78,185.87,86.18,135.43,196.98,196.98,100.78,107.94
2021-08-30 00:00:00+00:00,132.54,132.54,200.81,200.81,118.29,132.44,190.24,118.29,111.14,118.29,190.24,47.43,98.18,200.81,200.81,118.29,111.14
2021-08-31 00:00:00+00:00,137.43,137.43,204.85,204.85,145.88,137.31,194.7,145.88,114.24,145.88,194.7,6.14,78.04,204.85,204.85,145.88,114.24
2021-09-01 00:00:00+00:00,139.51,139.51,205.32,205.32,180.54,139.76,195.78,180.54,115.33,180.54,195.78,0.01,57.03,205.32,205.32,180.54,115.33
2021-09-02 00:00:00+00:00,141.04,141.04,205.17,205.17,205.17,141.81,196.42,205.17,116.75,205.17,196.42,0.01,92.32,205.17,205.17,205.17,116.75
2021-09-03 00:00:00+00:00,144.84,144.84,206.92,206.92,206.92,145.22,199.06,206.92,120.02,206.92,199.06,22.5,206.92,206.92,206.92,206.92,120.02
2021-09-04 00:00:00+00:00,151.23,151.23,210.61,210.61,194.71,149.39,203.57,194.71,123.68,194.71,203.57,32.92,210.61,210.61,210.61,194.71,123.68
2021-09-05 00:00:00+00:00,156.42,156.42,212.95,212.95,179.0,153.47,206.78,179.0,127.63,179.0,206.78,103.03,212.95,212.95,212.95,179.0,127.63
2021-09-06 00:00:00+00:00,158.8,158.8,213.39,213.39,170.71,155.79,208.09,170.71,130.88,170.71,208.09,106.7,167.67,213.39,213.39,170.71,130.88
2021-09-07 00:00:00+00:00,158.03,158.03,210.04,210.04,170.47,154.49,205.66,170.47,134.89,170.47,205.66,101.67,150.03,210.04,210.04,170.47,134.89
2021-09-08 00:00:00+00:00,163.0,163.0,212.09,212.09,169.68,157.36,208.49,169.68,137.03,169.68,208.49,62.46,123.72,212.09,212.09,169.68,137.03
2021-09-09 00:00:00+00:00,168.61,168.61,214.62,214.62,180.47,162.48,211.8,180.47,141.22,180.47,211.8,0.01,96.84,214.62,214.62,180.47,141.22
2021-09-10 00:00:00+00:00,175.11,175.11,218.99,218.99,197.57,167.9,216.82,197.57,147.85,197.57,216.82,0.01,85.02,218.99,218.99,197.57,147.85
2021-09-11 00:00:00+00:00,178.94,178.94,222.79,222.79,202.12,171.97,221.41,202.12,153.53,202.12,221.41,98.05,71.4,222.79,222.79,202.12,153.53
2021-09-12 00:00:00+00:00,183.75,183.75,223.98,223.98,202.44,174.87,223.8,202.44,157.28,202.44,223.8,139.68,82.95,223.98,223.98,202.44,157.28
2021-09-13 00:00:00+00:00,187.63,187.63,222.48,222.48,202.78,176.55,222.48,202.78,159.53,202.78,222.48,121.97,88.03,222.48,222.48,202.78,159.53
2021-09-14 00:00:00+00:00,194.64,194.64,225.58,225.58,210.79,181.4,225.58,210.79,164.37,210.79,225.58,105.98,92.89,225.58,225.58,210.79,164.37
2021-09-15 00:00:00+00:00,198.63,198.63,226.02,226.02,217.89,185.17,226.02,217.89,167.57,217.89,226.02,84.79,106.21,226.02,226.02,217.89,167.57
2021-09-16 00:00:00+00:00,201.03,201.03,225.64,225.64,222.55,186.99,225.64,222.55,168.91,222.55,225.64,101.99,110.92,225.64,225.64,222.55,168.91
2021-09-17 00:00:00+00:00,196.89,196.89,218.65,218.65,218.65,182.57,218.65,218.65,164.74,218.65,218.65,85.38,108.56,218.65,218.65,218.65,164.74
2021-09-18 00:00:00+00:00,193.81,193.81,212.44,212.44,212.44,178.2,212.44,212.44,161.19,212.44,212.44,55.56,113.81,212.44,212.44,212.44,161.19
2021-09-19 00:00:00+00:00,196.55,196.55,212.08,212.08,212.08,179.32,212.08,212.08,161.2,212.08,212.08,34.31,133.3,212.08,212.08,212.08,161.2
2021-09-20 00:00:00+00:00,202.78,202.78,216.25,216.25,216.25,184.86,216.25,216.25,165.05,216.25,216.25,48.03,156.78,216.25,216.25,216.25,165.05
2021-09-21 00:00:00+00:00,203.02,203.02,213.93,213.93,213.93,184.16,213.93,213.93,163.7,213.93,213.93,78.59,142.63,213.93,213.93,213.93,163.7
2021-09-22 00:00:00+00:00,202.72,202.72,211.87,211.87,211.87,182.46,211.87,211.87,163.26,211.87,211.87,107.01,141.24,211.87,211.87,211.87,163.26
2021-09-23 00:00:00+00:00,199.9,199.9,208.64,208.64,208.64,179.35,208.64,208.64,161.51,208.64,208.64,139.84,104.32,208.64,208.64,208.64,161.51
2021-09-24 00:00:00+00:00,199.69,199.69,207.64,207.64,207.64,178.82,207.64,207.64,161.44,207.64,207.64,110.2,145.34,207.64,207.64,207.64,161.44
2021-09-25 00:00:00+00:00,196.48,196.48,202.54,202.54,202.54,174.92,202.54,202.54,159.03,202.54,202.54,169.86,107.23,202.54,202.54,202.54,159.03
2021-09-26 00:00:00+00:00,192.24,192.24,194.83,194.83,194.83,167.51,194.83,194.83,154.14,194.83,194.83,194.83,92.62,194.83,194.83,194.83,154.14
2021-09-27 00:00:00+00:00,178.25,178.25,179.97,179.97,179.97,152.88,179.97,179.97,142.66,179.97,179.97,122.55,74.7,179.97,179.97,179.97,142.66
2021-09-28 00:00:00+00:00,176.02,176.02,178.42,178.42,178.42,150.97,178.42,178.42,142.31,178.42,178.42,0.01,56.77,178.42,178.42,178.42,142.31
2021-09-29 00:00:00+00:00,175.3,175.3,176.6,176.6,176.6,148.44,176.6,176.6,140.0,176.6,176.6,49.05,40.37,176.6,176.6,176.6,140.0
2021-09-30 00:00:00+00:00,173.63,173.63,177.94,177.94,177.94,147.77,177.94,177.94,140.36,177.94,177.94,144.23,41.86,177.94,177.94,177.94,140.36
2021-10-01 00:00:00+00:00,176.36,176.36,186.23,186.23,186.23,151.63,186.23,186.23,146.07,186.23,186.23,186.23,58.63,186.23,185.97,186.23,146.07
2021-10-02 00:00:00+00:00,181.2,181.2,197.74,197.74,197.74,153.35,197.74,197.74,150.87,197.74,197.74,197.74,71.19,197.74,185.1,197.74,150.87
2021-10-03 00:00:00+00:00,187.58,187.58,208.78,208.78,208.78,150.53,208.78,208.78,153.86,208.78,208.78,195.36,87.69,208.78,177.77,208.78,153.86
2021-10-04 00:00:00+00:00,208.76,208.76,226.91,226.91,226.91,157.62,226.91,226.91,163.21,226.91,226.91,99.27,68.37,226.91,190.22,226.91,163.21
2021-10-05 00:00:00+00:00,212.35,212.35,228.83,228.83,228.83,156.26,228.83,228.83,163.71,228.83,228.83,48.03,67.3,228.83,191.0,228.83,163.71
2021-10-06 00:00:00+00:00,207.18,207.18,232.78,232.78,232.78,160.42,232.78,232.78,168.79,232.78,232.78,104.21,93.89,232.78,199.18,232.78,168.79
2021-10-07 00:00:00+00:00,212.26,212.26,239.37,239.37,212.44,167.57,239.37,212.44,178.85,212.44,239.37,109.51,102.59,239.37,212.21,212.44,178.85
2021-10-08 00:00:00+00:00,201.7,201.7,232.39,232.39,176.81,162.14,232.39,176.81,178.0,176.81,232.39,118.12,100.7,232.39,208.49,176.81,178.0
2021-10-09 00:00:00+00:00,188.99,188.99,222.78,222.78,159.4,156.75,222.78,159.4,173.9,159.4,222.78,123.59,106.68,222.78,199.97,159.4,173.9
2021-10-10 00:00:00+00:00,181.79,181.79,216.82,216.82,143.41,154.56,216.82,143.41,172.78,143.41,216.82,116.2,119.25,216.82,192.89,143.41,172.78
2021-10-11 00:00:00+00:00,176.43,176.43,214.95,214.95,135.51,153.65,214.95,135.51,174.47,135.51,214.95,85.67,198.38,214.95,189.77,135.51,174.47
2021-10-12 00:00:00+00:00,178.64,178.64,222.45,222.45,138.07,159.65,222.45,138.07,182.83,138.07,222.45,106.71,214.51,222.45,195.35,138.07,182.83
2021-10-13 00:00:00+00:00,182.02,182.02,229.99,229.99,141.66,164.44,229.99,141.66,191.42,141.66,229.99,71.0,216.06,229.99,202.51,141.66,191.42
2021-10-14 00:00:00+00:00,168.99,168.99,216.82,216.82,141.02,153.07,216.82,141.02,182.92,141.02,216.82,88.03,190.38,216.82,194.9,141.02,182.92
2021-10-15 00:00:00+00:00,161.85,161.85,212.41,212.41,145.22,146.85,212.41,145.22,184.03,145.22,212.41,145.82,161.27,212.41,200.71,145.22,184.03
2021-10-16 00:00:00+00:00,160.49,160.49,212.27,212.27,145.93,145.65,212.27,145.93,189.8,145.93,212.27,190.91,138.43,212.27,210.06,145.93,189.8
2021-10-17 00:00:00+00:00,163.78,163.78,214.86,214.86,146.49,149.75,214.86,146.49,199.76,146.49,214.86,214.86,146.73,214.86,214.86,146.49,199.76
2021-10-18 00:00:00+00:00,157.27,157.27,207.53,207.53,120.59,147.79,207.53,120.59,199.92,120.59,207.53,207.53,119.9,207.53,207.53,120.59,199.92
2021-10-19 00:00:00+00:00,146.8,146.8,198.16,198.16,107.7,141.06,198.16,107.7,195.65,107.7,198.16,198.16,97.99,198.16,198.16,107.7,195.65
2021-10-20 00:00:00+00:00,133.24,133.24,185.46,185.46,94.48,129.87,185.46,94.48,185.46,94.48,185.46,185.46,83.95,185.46,185.46,94.48,185.46
2021-10-21 00:00:00+00:00,138.84,138.84,184.88,184.88,83.84,127.87,184.88,83.84,184.88,83.84,184.88,184.88,77.39,184.88,184.88,83.84,184.88
2021-10-22 00:00:00+00:00,139.02,139.02,183.22,183.22,83.47,126.64,183.22,83.47,183.22,83.47,183.22,183.22,75.3,183.22,181.86,83.47,183.22
2021-10-23 00:00:00+00:00,131.81,131.81,181.0,181.0,82.46,125.73,181.0,82.46,181.0,82.46,181.0,181.0,87.02,181.0,179.38,82.46,181.0
2021-10-24 00:00:00+00:00,123.87,123.87,170.99,170.99,83.55,119.68,170.99,83.55,170.99,83.55,170.99,170.99,80.83,170.99,170.99,83.55,170.99
2021-10-25 00:00:00+00:00,125.1,125.1,164.5,164.5,83.09,116.16,164.5,83.09,164.5,83.09,164.5,164.5,84.9,164.5,164.5,83.09,164.5
2021-10-26 00:00:00+00:00,112.42,112.42,155.55,155.55,78.86,108.84,155.55,78.86,155.55,78.86,155.55,155.55,94.2,155.55,151.95,78.86,155.55
2021-10-27 00:00:00+00:00,93.75,93.75,152.92,152.92,75.32,105.25,152.92,75.32,152.92,75.32,152.92,152.92,112.27,152.92,147.34,75.32,152.92
2021-10-28 00:00:00+00:00,82.13,82.13,157.62,157.62,73.55,106.86,157.62,73.55,157.62,73.55,157.62,157.62,147.34,157.62,150.11,73.55,157.62
2021-10-29 00:00:00+00:00,81.72,81.72,165.81,165.81,59.69,109.61,165.81,59.69,165.81,59.69,165.81,165.81,165.81,165.81,154.86,59.69,165.81
2021-10-30 00:00:00+00:00,78.54,78.54,168.32,168.32,23.56,104.8,168.32,23.56,168.32,23.56,168.32,168.32,168.32,168.32,148.55,23.56,168.32
2021-10-31 00:00:00+00:00,73.4,73.4,169.54,169.54,0.01,96.21,169.54,0.01,163.97,0.01,169.54,169.54,169.54,169.54,136.19,0.01,163.97
2021-11-01 00:00:00+00:00,70.63,70.63,171.5,171.5,0.01,88.75,171.5,0.01,156.52,0.01,171.5,123.35,110.25,171.5,124.33,0.01,156.52
2021-11-02 00:00:00+00:00,74.5,74.5,186.76,186.76,0.01,88.99,186.76,0.01,166.44,0.01,186.76,62.25,32.81,186.76,124.83,0.01,166.44
2021-11-03 00:00:00+00:00,70.53,70.53,184.78,184.78,0.01,89.34,184.78,0.01,168.75,0.01,184.78,0.01,0.01,184.78,118.05,0.01,168.75
2021-11-04 00:00:00+00:00,66.32,66.32,182.52,182.52,0.01,91.49,182.52,0.01,179.96,0.01,182.52,105.57,0.01,182.52,117.77,0.01,179.96
2021-11-05 00:00:00+00:00,64.34,64.34,174.98,174.98,0.01,86.37,178.02,0.01,178.02,0.01,178.02,178.02,6.93,174.98,115.31,0.01,178.02
2021-11-06 00:00:00+00:00,68.47,68.47,171.44,171.44,0.01,81.76,179.07,0.01,179.07,0.01,179.07,179.07,45.22,171.44,115.75,0.01,179.07
2021-11-07 00:00:00+00:00,72.91,72.91,170.91,170.91,0.01,81.21,183.22,0.01,183.22,0.01,183.22,120.64,49.0,170.91,118.16,0.01,183.22
2021-11-08 00:00:00+00:00,79.78,79.78,172.55,172.55,0.01,84.24,191.04,0.01,191.04,0.01,191.04,85.74,56.68,172.55,123.04,0.01,191.04
2021-11-09 00:00:00+00:00,78.29,78.29,160.22,160.22,29.14,81.11,183.58,29.14,183.58,29.14,183.58,127.78,56.77,160.22,117.9,29.14,183.58
2021-11-10 00:00:00+00:00,82.53,82.53,157.66,157.66,34.06,96.12,187.34,34.06,187.34,34.06,187.34,187.34,60.27,157.66,119.04,34.06,187.34
2021-11-11 00:00:00+00:00,84.39,84.39,153.32,153.32,30.85,95.84,187.48,30.85,187.48,30.85,187.48,187.48,57.54,153.32,117.38,30.85,187.48
2021-11-12 00:00:00+00:00,82.02,82.02,153.02,153.02,29.7,95.4,187.35,29.7,187.35,29.7,187.35,152.27,57.65,153.02,115.87,29.7,187.35
2021-11-13 00:00:00+00:00,79.04,79.04,155.0,155.0,26.44,93.97,185.08,26.44,185.08,26.44,185.08,18.48,62.96,155.0,113.34,26.44,185.08
2021-11-14 00:00:00+00:00,80.15,80.15,157.71,157.71,22.53,93.23,183.96,22.53,183.96,22.53,183.96,14.15,67.68,157.71,111.87,22.53,183.96
2021-11-15 00:00:00+00:00,81.04,81.04,156.82,156.82,19.05,92.47,182.91,19.05,182.91,19.05,182.91,19.17,70.21,156.82,110.2,19.05,182.91
2021-11-16 00:00:00+00:00,83.72,83.72,159.96,159.96,21.94,96.34,190.15,21.94,190.15,21.94,190.15,19.3,80.87,159.96,113.46,21.94,190.15
2021-11-17 00:00:00+00:00,92.46,92.46,157.51,157.51,33.96,98.58,194.05,33.96,194.05,33.96,194.05,17.43,84.55,157.51,114.02,33.96,194.05
2021-11-18 00:00:00+00:00,93.8,93.8,156.4,156.4,40.51,98.64,199.43,40.51,199.43,40.51,199.43,97.02,87.75,156.4,115.72,40.51,199.43
2021-11-19 00:00:00+00:00,90.86,90.86,154.49,154.49,41.84,91.42,205.86,41.84,205.86,41.84,205.86,193.26,90.27,154.49,120.26,41.84,205.86
2021-11-20 00:00:00+00:00,91.52,91.52,156.22,156.22,41.65,83.08,215.19,41.65,215.19,41.65,215.19,215.19,94.69,156.22,127.81,41.65,215.19
2021-11-21 00:00:00+00:00,96.85,96.85,167.84,167.84,34.82,79.88,232.17,34.82,232.17,34.82,232.17,232.17,102.74,167.84,140.31,34.82,232.17
2021-11-22 00:00:00+00:00,106.11,106.11,188.95,188.95,28.36,81.51,257.46,28.36,257.46,28.36,257.46,257.46,104.29,188.95,157.96,28.36,257.46
2021-11-23 00:00:00+00:00,119.42,119.42,214.46,214.46,27.12,89.96,293.35,27.12,293.35,27.12,293.35,293.35,118.83,214.46,180.9,27.12,293.35
2021-11-24 00:00:00+00:00,117.07,117.07,218.65,218.65,17.82,98.39,300.34,17.82,300.34,17.82,300.34,300.34,132.8,218.65,185.79,17.82,300.34
2021-11-25 00:00:00+00:00,113.17,113.17,223.71,223.71,16.06,107.06,302.42,16.06,302.42,16.06,302.42,302.42,150.06,223.71,188.61,16.06,302.42
2021-11-26 00:00:00+00:00,116.42,116.42,245.65,245.65,3.3,122.64,323.42,3.3,323.42,3.3,323.42,230.21,205.1,245.65,203.14,3.3,323.42
2021-11-27 00:00:00+00:00,116.01,116.01,262.99,262.99,0.01,137.22,331.86,0.01,331.86,0.01,331.86,243.19,285.55,262.99,209.54,0.01,331.86
2021-11-28 00:00:00+00:00,111.87,111.87,266.65,266.65,0.01,147.65,327.47,0.01,327.47,0.01,327.47,154.7,270.15,266.65,207.31,0.01,327.47
2021-11-29 00:00:00+00:00,104.96,104.96,254.31,254.31,0.01,148.02,312.1,0.01,312.1,0.01,312.1,156.05,222.08,254.31,199.04,0.01,312.1
2021-11-30 00:00:00+00:00,95.84,95.84,228.04,228.04,0.01,139.65,288.49,0.01,288.49,0.01,288.49,247.28,200.18,228.04,185.16,0.01,288.49
2021-12-01 00:00:00+00:00,98.41,98.41,231.99,231.99,0.01,147.66,298.64,0.01,298.64,0.01,298.64,191.18,245.54,231.99,191.91,0.01,298.64
2021-12-02 00:00:00+00:00,99.9,99.9,238.03,238.03,0.01,152.19,302.83,0.01,302.83,0.01,302.83,28.34,269.78,238.03,194.84,0.01,302.83
2021-12-03 00:00:00+00:00,96.09,96.09,229.74,229.74,0.01,146.27,287.44,0.01,268.23,0.01,287.44,119.26,287.44,229.74,184.59,0.01,268.23
2021-12-04 00:00:00+00:00,97.78,97.78,232.76,232.76,0.01,146.67,288.24,0.01,235.83,0.01,288.24,210.36,288.24,232.76,186.91,0.01,235.83
2021-12-05 00:00:00+00:00,105.27,105.27,241.96,241.96,0.01,149.82,296.08,0.01,225.41,0.01,296.08,296.08,296.08,241.96,194.27,0.01,225.41
2021-12-06 00:00:00+00:00,112.41,112.41,247.11,247.11,0.01,151.77,297.3,0.01,216.23,0.01,297.3,290.45,297.3,247.11,196.89,0.01,216.23
2021-12-07 00:00:00+00:00,113.44,113.44,240.65,240.65,0.01,150.27,288.6,0.01,199.4,0.01,288.6,288.6,288.6,240.65,193.39,0.01,199.4
2021-12-08 00:00:00+00:00,120.18,120.18,248.1,248.1,0.01,159.23,298.54,0.01,201.51,0.01,298.54,298.54,298.54,248.1,202.94,0.01,201.51
2021-12-09 00:00:00+00:00,123.39,123.39,247.34,247.34,0.01,160.58,297.75,0.01,195.54,0.01,297.75,248.96,297.75,247.34,203.82,0.01,195.54
2021-12-10 00:00:00+00:00,130.07,130.07,250.04,250.04,0.01,164.3,303.84,0.01,199.91,0.01,303.84,92.01,303.84,250.04,209.82,0.01,199.91
2021-12-11 00:00:00+00:00,137.64,137.64,250.67,250.67,0.01,168.61,312.7,0.01,204.1,0.01,312.7,0.01,312.7,250.67,218.1,0.01,204.1
2021-12-12 00:00:00+00:00,140.31,140.31,240.38,240.38,0.01,167.64,310.99,0.01,200.93,0.01,310.99,0.01,310.99,240.38,218.6,0.01,200.93
2021-12-13 00:00:00+00:00,145.8,145.8,235.05,235.05,0.01,173.47,315.42,0.01,201.45,0.01,315.42,75.93,315.42,235.05,222.85,0.01,201.45
2021-12-14 00:00:00+00:00,166.23,166.23,262.47,262.47,0.01,202.24,364.85,0.01,233.14,0.01,364.85,135.14,364.85,262.47,258.38,0.01,233.14
2021-12-15 00:00:00+00:00,185.79,185.79,291.79,291.79,0.01,229.66,416.9,0.01,262.51,0.01,416.9,206.16,391.24,291.79,295.58,0.01,262.51
2021-12-16 00:00:00+00:00,206.17,206.17,317.64,317.64,0.01,248.4,454.1,0.01,284.05,0.01,454.1,195.5,405.93,317.64,322.46,0.01,284.05
2021-12-17 00:00:00+00:00,221.41,221.41,330.31,330.31,0.01,260.16,479.51,0.01,298.95,0.01,479.51,265.32,412.9,330.31,341.86,0.01,298.95
2021-12-18 00:00:00+00:00,225.04,225.04,324.23,324.23,0.01,260.62,485.74,0.01,306.5,0.01,485.74,485.74,384.55,324.23,350.05,0.01,306.5
2021-12-19 00:00:00+00:00,235.58,235.58,329.19,329.19,0.01,267.43,498.63,0.01,314.21,0.01,498.63,463.65,349.04,329.19,365.7,0.01,314.21
2021-12-20 00:00:00+00:00,244.12,244.12,342.74,342.74,0.01,280.08,509.5,0.01,323.25,0.01,509.5,407.51,301.08,342.74,377.35,0.01,323.25
2021-12-21 00:00:00+00:00,228.59,228.59,326.71,326.71,10.14,271.1,472.26,10.14,302.44,10.14,472.26,232.37,246.7,326.71,350.73,10.14,302.44
2021-12-22 00:00:00+00:00,196.61,196.61,284.09,284.09,16.19,240.21,403.49,16.19,258.45,16.19,403.49,163.81,201.75,284.09,300.19,16.19,258.45
2021-12-23 00:00:00+00:00,184.34,184.34,268.79,268.79,13.86,230.79,377.39,13.86,242.09,13.86,377.39,226.92,192.55,268.79,281.83,13.86,242.09
2021-12-24 00:00:00+00:00,170.6,170.6,251.87,251.87,13.43,215.65,348.11,13.43,222.96,13.43,348.11,214.42,203.06,251.87,261.11,13.43,222.96
2021-12-25 00:00:00+00:00,162.4,162.4,239.74,239.74,15.71,206.9,329.15,15.71,212.07,15.71,329.15,206.53,188.08,239.74,249.34,15.71,212.07
2021-12-26 00:00:00+00:00,153.25,153.25,224.24,224.24,15.46,198.23,308.35,15.46,199.78,15.46,308.35,203.93,130.81,224.24,237.5,15.46,199.78
2021-12-27 00:00:00+00:00,144.06,144.06,207.36,207.36,16.08,188.89,287.93,16.08,186.44,16.08,287.93,270.91,37.57,207.36,227.08,16.08,186.44
2021-12-28 00:00:00+00:00,137.67,137.67,196.56,196.56,20.49,181.29,274.08,20.49,176.61,20.49,274.08,186.92,0.01,196.56,220.74,20.49,176.61
2021-12-29 00:00:00+00:00,137.8,137.8,195.94,195.94,27.08,183.77,274.32,27.08,176.71,27.08,274.32,57.49,57.77,195.94,224.03,27.08,176.71
2021-12-30 00:00:00+00:00,132.53,132.53,185.09,185.09,32.5,180.06,264.7,32.5,170.26,32.5,264.7,63.69,126.6,185.09,223.13,32.5,170.26
2021-12-31 00:00:00+00:00,138.31,138.31,189.51,189.51,41.74,190.61,278.04,41.74,180.26,41.74,278.04,111.22,148.72,189.51,242.97,41.74,180.26
2022-01-01 00:00:00+00:00,138.33,138.33,187.22,187.22,41.96,195.11,284.79,41.96,189.01,41.96,284.79,176.62,142.4,187.22,254.91,41.96,189.01
2022-01-02 00:00:00+00:00,142.6,142.6,184.12,184.12,43.7,187.3,289.96,43.7,188.6,43.7,289.96,113.51,127.93,184.12,267.62,43.7,188.6
2022-01-03 00:00:00+00:00,146.85,146.85,187.85,187.85,50.09,191.77,298.08,50.09,193.83,50.09,298.08,0.01,149.04,187.85,283.74,50.09,193.83
2022-01-04 00:00:00+00:00,155.48,155.48,199.06,199.06,58.07,201.26,316.44,58.07,204.83,58.07,316.44,129.46,118.67,199.06,310.41,58.07,204.83
2022-01-05 00:00:00+00:00,155.98,155.98,201.09,201.09,62.98,200.4,317.56,62.98,204.1,62.98,317.56,129.37,105.86,201.09,317.56,62.98,204.1
2022-01-06 00:00:00+00:00,157.15,157.15,203.43,203.43,65.35,202.42,318.92,65.35,203.56,65.35,318.92,0.01,154.32,203.43,318.92,65.35,203.56
2022-01-07 00:00:00+00:00,148.95,148.95,193.01,193.01,66.49,193.42,301.95,66.49,191.68,66.49,301.95,67.35,146.4,193.01,301.95,66.49,191.68
2022-01-08 00:00:00+00:00,145.04,145.04,187.22,187.22,67.9,190.74,293.84,67.9,187.85,67.9,293.84,177.93,142.47,187.22,293.84,67.9,187.85
2022-01-09 00:00:00+00:00,146.76,146.76,190.96,190.96,70.14,195.42,297.05,70.14,189.92,70.14,297.05,125.12,144.72,190.96,297.05,70.14,189.92
2022-01-10 00:00:00+00:00,144.68,144.68,192.77,192.77,71.08,196.1,292.41,71.08,187.7,71.08,292.41,0.01,157.45,192.77,292.41,71.08,187.7
2022-01-11 00:00:00+00:00,136.0,136.0,183.65,183.65,70.83,185.67,275.08,70.83,176.84,70.83,275.08,60.71,169.28,183.65,275.08,70.83,176.84
2022-01-12 00:00:00+00:00,136.96,136.96,183.59,183.59,75.25,186.73,277.98,75.25,177.89,75.25,277.98,277.98,130.82,183.59,277.98,75.25,177.89
2022-01-13 00:00:00+00:00,135.79,135.79,180.61,180.61,77.1,184.22,277.23,77.1,176.3,77.1,277.23,277.23,138.61,180.61,277.23,77.1,176.3
2022-01-14 00:00:00+00:00,135.7,135.7,181.06,181.06,78.99,185.2,278.18,78.99,176.69,78.99,278.18,86.25,152.73,181.06,278.18,78.99,176.69
2022-01-15 00:00:00+00:00,136.26,136.26,179.11,179.11,85.09,185.88,280.16,85.09,177.55,85.09,280.16,135.92,145.27,179.11,280.16,85.09,177.55
2022-01-16 00:00:00+00:00,133.73,133.73,170.22,170.22,87.02,180.12,275.39,87.02,173.43,87.02,275.39,214.39,150.21,170.22,275.39,87.02,173.43
2022-01-17 00:00:00+00:00,135.12,135.12,170.11,170.11,89.37,180.48,277.99,89.37,175.25,89.37,277.99,92.66,164.52,170.11,277.99,89.37,175.25
2022-01-18 00:00:00+00:00,135.89,135.89,170.16,170.16,94.1,178.08,278.26,94.1,174.78,94.1,278.26,171.41,169.37,170.16,278.26,94.1,174.78
2022-01-19 00:00:00+00:00,136.56,136.56,165.79,165.79,96.51,172.15,276.41,96.51,172.17,96.51,276.41,276.41,143.73,165.79,276.41,96.51,172.17
2022-01-20 00:00:00+00:00,136.2,136.2,162.17,162.17,95.36,167.79,274.93,95.36,170.19,95.36,274.93,274.93,148.03,162.17,274.93,95.36,170.19
2022-01-21 00:00:00+00:00,136.66,136.66,160.82,160.82,96.85,165.41,273.77,96.85,169.06,96.85,273.77,166.21,132.47,160.82,273.77,96.85,169.06
2022-01-22 00:00:00+00:00,138.31,138.31,160.61,160.61,97.45,164.69,273.32,97.45,168.1,97.45,273.32,153.89,94.25,160.61,273.32,97.45,168.1
2022-01-23 00:00:00+00:00,135.49,135.49,155.71,155.71,93.9,159.6,264.18,93.9,162.55,93.9,264.18,163.48,91.9,155.71,264.18,93.9,162.55
2022-01-24 00:00:00+00:00,135.43,135.43,154.59,154.59,92.84,157.45,260.06,92.84,160.72,92.84,260.06,114.49,82.76,154.59,260.06,92.84,160.72
2022-01-25 00:00:00+00:00,142.92,142.92,159.03,159.03,100.3,160.03,268.33,100.3,165.93,100.3,268.33,57.53,109.78,159.03,268.33,100.3,165.93
2022-01-26 00:00:00+00:00,146.42,146.42,151.9,151.9,106.43,153.49,264.8,106.43,163.63,106.43,264.8,39.66,112.04,151.9,264.8,106.43,163.63
2022-01-27 00:00:00+00:00,150.6,150.6,148.99,148.99,107.73,153.0,266.62,107.73,164.8,107.73,266.62,15.06,125.91,148.99,266.62,107.73,164.8
2022-01-28 00:00:00+00:00,156.23,156.23,148.65,148.65,110.22,155.06,272.59,110.22,168.26,110.22,272.59,154.6,163.55,148.65,272.59,110.22,168.26
2022-01-29 00:00:00+00:00,154.88,154.88,142.57,142.57,108.88,149.76,268.82,108.88,165.21,108.88,268.82,240.8,147.85,142.57,268.82,108.88,165.21
2022-01-30 00:00:00+00:00,159.16,159.16,143.79,143.79,109.77,148.88,271.28,109.77,166.12,109.77,271.28,184.91,224.52,143.79,271.28,109.77,166.12
2022-01-31 00:00:00+00:00,161.75,161.75,143.23,143.23,109.49,145.82,268.38,109.49,164.48,109.49,268.38,180.53,243.98,143.23,265.35,109.49,164.48
2022-02-01 00:00:00+00:00,159.68,159.68,137.17,137.17,106.43,139.07,256.66,106.43,157.58,106.43,256.66,199.02,224.59,137.17,250.52,106.43,157.58
2022-02-02 00:00:00+00:00,161.05,161.05,135.37,135.37,105.51,136.62,251.02,105.51,153.7,105.51,251.02,32.8,217.56,135.37,242.56,105.51,153.7
2022-02-03 00:00:00+00:00,157.98,157.98,131.72,131.72,106.25,135.04,246.54,106.25,151.45,106.25,246.54,0.01,176.14,131.72,238.39,106.25,151.45
2022-02-04 00:00:00+00:00,149.48,149.48,123.67,123.67,106.59,129.94,240.04,106.59,147.56,106.59,240.04,65.47,117.75,123.67,234.39,106.59,147.56
2022-02-05 00:00:00+00:00,144.7,144.7,122.34,122.34,105.91,127.97,241.27,105.91,148.3,105.91,241.27,133.41,187.73,122.34,237.92,105.91,148.3
2022-02-06 00:00:00+00:00,138.61,138.61,120.27,120.27,103.98,125.06,238.81,103.98,147.44,103.98,238.81,132.16,240.13,120.27,239.09,103.98,147.44
2022-02-07 00:00:00+00:00,132.3,132.3,108.0,108.0,103.02,121.5,235.19,103.02,145.41,103.02,235.19,110.11,237.6,108.0,237.6,103.02,145.41
2022-02-08 00:00:00+00:00,125.72,125.72,105.11,105.11,101.82,117.25,229.82,101.82,142.29,101.82,229.82,122.08,233.86,105.11,233.86,101.82,142.29
2022-02-09 00:00:00+00:00,123.13,123.13,113.28,113.28,100.63,113.43,225.74,100.63,140.67,100.63,225.74,85.23,230.85,113.28,230.85,100.63,140.67
2022-02-10 00:00:00+00:00,118.4,118.4,115.56,115.56,97.46,110.36,222.42,97.46,139.8,97.46,222.42,14.31,227.77,115.56,227.77,97.46,139.8
2022-02-11 00:00:00+00:00,113.37,113.37,112.74,112.74,93.67,103.01,215.07,93.67,135.79,93.67,215.07,48.44,221.3,112.74,221.3,93.67,135.79
2022-02-12 00:00:00+00:00,109.23,109.23,108.51,108.51,90.37,93.04,208.58,90.37,132.5,90.37,208.58,151.13,216.26,108.51,216.26,90.37,132.5
2022-02-13 00:00:00+00:00,106.55,106.55,93.4,93.4,88.27,83.23,204.1,88.27,130.12,88.27,204.1,198.26,206.42,93.4,213.53,88.27,130.12
2022-02-14 00:00:00+00:00,105.74,105.74,81.43,81.43,88.17,74.96,201.4,88.17,128.57,88.17,201.4,158.36,212.64,81.43,212.64,88.17,128.57
2022-02-15 00:00:00+00:00,105.97,105.97,72.91,72.91,89.4,68.16,199.07,89.4,128.7,89.4,199.07,127.2,169.56,72.91,211.94,89.4,128.7
2022-02-16 00:00:00+00:00,109.41,109.41,67.35,67.35,91.51,61.52,199.81,91.51,131.81,91.51,199.81,189.68,190.1,67.35,214.47,91.51,131.81
2022-02-17 00:00:00+00:00,109.83,109.83,62.49,62.49,90.23,55.82,198.44,90.23,133.09,90.23,198.44,130.31,195.03,62.49,214.53,90.23,133.09
2022-02-18 00:00:00+00:00,113.75,113.75,55.31,55.31,92.47,51.28,200.98,92.47,136.2,92.47,200.98,74.45,218.76,55.31,218.76,92.47,136.2
2022-02-19 00:00:00+00:00,117.87,117.87,49.64,49.64,94.13,45.17,202.87,94.13,139.34,94.13,202.87,223.12,223.12,49.64,223.12,94.13,139.34
2022-02-20 00:00:00+00:00,125.79,125.79,49.13,49.13,98.47,42.04,210.38,98.47,146.76,98.47,210.38,234.27,234.27,49.13,234.27,98.47,146.76
2022-02-21 00:00:00+00:00,134.07,134.07,53.75,53.75,103.77,41.65,218.39,103.77,154.93,103.77,218.39,211.81,245.28,53.75,245.28,103.77,154.93
2022-02-22 00:00:00+00:00,142.8,142.8,57.2,57.2,109.45,41.3,225.28,109.45,162.56,109.45,225.28,182.16,255.69,57.2,255.69,109.45,162.56
2022-02-23 00:00:00+00:00,150.27,150.27,57.32,57.32,114.14,39.0,228.76,114.14,167.55,114.14,228.76,255.27,258.33,57.32,263.4,114.14,167.55
2022-02-24 00:00:00+00:00,158.22,158.22,59.7,59.7,118.15,35.76,236.41,118.15,175.37,118.15,236.41,275.21,269.59,59.7,275.21,118.15,175.37
2022-02-25 00:00:00+00:00,168.99,168.99,67.17,67.17,122.89,32.88,247.09,122.89,184.15,122.89,247.09,288.05,246.9,67.17,288.05,122.89,184.15
2022-02-26 00:00:00+00:00,185.9,185.9,81.78,81.78,131.26,33.11,267.1,131.26,199.45,131.26,267.1,123.53,242.42,81.78,310.3,131.26,199.45
2022-02-27 00:00:00+00:00,197.0,197.0,92.45,92.45,134.92,35.36,278.53,134.92,208.68,134.92,278.53,160.35,211.87,92.45,323.38,134.92,208.68
2022-02-28 00:00:00+00:00,206.59,206.59,100.52,100.52,139.26,38.74,292.53,139.26,218.79,139.26,292.53,295.04,161.97,100.52,338.68,139.26,218.79
2022-03-01 00:00:00+00:00,223.85,223.85,111.62,111.62,150.21,20.59,315.76,150.21,238.35,150.21,315.76,366.41,171.76,111.62,366.41,150.21,238.35
2022-03-02 00:00:00+00:00,247.71,247.71,127.91,127.91,163.5,10.53,344.77,163.5,261.08,163.5,344.77,399.42,213.02,127.91,399.42,163.5,261.08
2022-03-03 00:00:00+00:00,266.96,266.96,137.48,137.48,172.41,0.01,364.8,172.41,276.58,172.41,364.8,396.04,210.4,137.48,420.81,172.41,276.58
2022-03-04 00:00:00+00:00,282.96,282.96,144.62,144.62,179.18,0.01,380.07,179.18,287.29,179.18,380.07,272.8,204.83,144.62,435.27,179.18,287.29
2022-03-05 00:00:00+00:00,294.38,294.38,146.55,146.55,177.73,0.01,379.23,177.73,286.88,177.73,379.23,395.12,222.91,146.55,431.86,177.73,286.88
2022-03-06 00:00:00+00:00,309.74,309.74,149.26,149.26,174.77,0.01,377.78,174.77,287.42,174.77,377.78,430.19,161.32,149.26,430.19,174.77,287.42
2022-03-07 00:00:00+00:00,322.59,322.59,150.93,150.93,169.57,0.01,371.13,169.57,283.06,169.57,371.13,390.33,70.48,150.93,422.75,169.57,283.06
2022-03-08 00:00:00+00:00,327.2,327.2,150.97,150.97,165.68,0.01,362.52,165.68,276.96,165.68,362.52,202.94,60.98,150.97,411.47,165.68,276.96
2022-03-09 00:00:00+00:00,318.84,318.84,152.08,152.08,159.81,0.01,352.13,159.81,270.61,159.81,352.13,110.7,74.56,152.08,397.26,159.81,270.61
2022-03-10 00:00:00+00:00,306.84,306.84,144.59,144.59,154.5,0.01,344.27,154.5,265.37,154.5,344.27,388.12,194.06,144.59,385.58,154.5,265.37
2022-03-11 00:00:00+00:00,294.16,294.16,130.42,130.42,151.14,0.01,334.55,151.14,259.41,151.14,334.55,377.86,197.51,130.42,376.46,151.14,259.41
2022-03-12 00:00:00+00:00,288.04,288.04,125.03,125.03,152.89,0.01,331.85,152.89,260.28,152.89,331.85,375.83,259.19,125.03,375.83,152.89,260.28
2022-03-13 00:00:00+00:00,280.8,280.8,127.64,127.64,153.43,0.01,328.2,153.43,259.81,153.43,328.2,372.07,229.44,127.64,372.07,153.43,259.81
2022-03-14 00:00:00+00:00,275.53,275.53,139.26,139.26,154.46,0.01,329.19,154.46,261.75,154.46,329.19,371.65,193.07,139.26,371.65,154.46,261.75
2022-03-15 00:00:00+00:00,266.34,266.34,147.17,147.17,154.32,0.01,324.66,154.32,260.05,154.32,324.66,164.19,184.78,147.17,365.26,154.32,260.05
2022-03-16 00:00:00+00:00,260.41,260.41,153.79,153.79,155.32,0.01,320.49,155.32,258.37,155.32,320.49,157.78,202.99,153.79,359.84,155.32,258.37
2022-03-17 00:00:00+00:00,265.94,265.94,162.4,162.4,161.13,0.01,322.07,161.13,263.54,161.13,322.07,148.15,233.87,162.4,362.73,161.13,263.54
2022-03-18 00:00:00+00:00,272.51,272.51,168.77,168.77,168.78,0.01,321.66,168.78,267.66,168.78,321.66,166.6,262.22,168.77,367.11,168.78,267.66
2022-03-19 00:00:00+00:00,272.51,272.51,171.58,171.58,173.02,0.01,318.22,173.02,269.97,173.02,318.22,368.14,281.22,171.58,368.14,173.02,269.97
2022-03-20 00:00:00+00:00,276.24,276.24,176.3,176.3,178.32,0.01,318.07,178.32,275.86,178.32,318.07,372.51,252.78,176.3,372.51,178.32,275.86
2022-03-21 00:00:00+00:00,282.38,282.38,185.23,185.23,185.73,0.01,318.42,185.73,283.19,185.73,318.42,281.99,226.95,185.23,375.21,185.73,283.19
2022-03-22 00:00:00+00:00,276.42,276.42,190.64,190.64,193.37,0.01,314.67,193.37,288.43,193.37,314.67,380.57,223.87,190.64,368.14,193.37,288.43
2022-03-23 00:00:00+00:00,268.26,268.26,193.3,193.3,201.0,0.01,314.07,201.0,293.21,201.0,314.07,352.73,279.15,193.3,362.75,201.0,293.21
2022-03-24 00:00:00+00:00,265.14,265.14,196.35,196.35,207.97,0.01,317.41,207.97,299.72,207.97,317.41,242.36,332.89,196.35,359.08,207.97,299.72
2022-03-25 00:00:00+00:00,264.54,264.54,199.2,199.2,210.01,0.01,322.59,210.01,306.8,210.01,322.59,252.11,391.38,199.2,357.77,210.01,306.8
2022-03-26 00:00:00+00:00,260.23,260.23,199.19,199.19,206.74,0.01,323.87,206.74,309.84,206.74,323.87,361.42,391.3,199.19,352.88,206.74,309.84
2022-03-27 00:00:00+00:00,260.8,260.8,199.43,199.43,203.59,0.01,325.05,203.59,313.84,203.59,325.05,392.3,392.3,199.43,350.09,203.59,313.84
2022-03-28 00:00:00+00:00,260.33,260.33,200.08,200.08,200.94,0.01,324.42,200.94,316.87,200.94,324.42,391.61,321.67,200.08,346.98,200.94,316.87
2022-03-29 00:00:00+00:00,256.63,256.63,199.31,199.31,199.68,0.01,321.32,199.68,316.32,199.68,321.32,301.09,301.76,199.31,341.81,199.68,316.32
2022-03-30 00:00:00+00:00,256.3,256.3,195.97,195.97,199.72,43.52,316.15,199.72,315.26,199.72,316.15,283.3,381.88,195.97,330.85,199.72,315.26
2022-03-31 00:00:00+00:00,251.78,251.78,189.05,189.05,187.96,92.41,305.59,187.96,308.09,187.96,305.59,265.37,358.21,189.05,315.41,187.96,308.09
2022-04-01 00:00:00+00:00,242.87,242.87,183.05,183.05,179.2,110.99,296.19,179.2,303.27,179.2,296.19,262.63,340.92,183.05,299.09,179.2,303.27
2022-04-02 00:00:00+00:00,231.25,231.25,180.07,180.07,175.55,123.67,292.05,175.55,302.72,175.55,292.05,269.58,322.88,180.07,284.09,175.55,302.72
2022-04-03 00:00:00+00:00,219.38,219.38,175.87,175.87,171.14,124.42,286.37,171.14,301.36,171.14,286.37,287.47,239.81,175.87,268.51,171.14,301.36
2022-04-04 00:00:00+00:00,217.67,217.67,172.71,172.71,166.72,119.24,282.07,166.72,303.5,166.72,282.07,281.21,204.07,172.71,262.24,166.72,303.5
2022-04-05 00:00:00+00:00,224.89,224.89,174.52,174.52,167.21,122.44,285.59,167.21,312.54,167.21,285.59,220.08,219.87,174.52,263.46,167.21,312.54
2022-04-06 00:00:00+00:00,226.06,226.06,174.14,174.14,165.86,123.08,285.17,165.86,317.06,165.86,285.17,279.29,198.28,174.14,263.71,165.86,317.06
2022-04-07 00:00:00+00:00,229.56,229.56,175.7,175.7,167.73,130.31,287.83,167.73,324.93,167.73,287.83,224.64,205.95,175.7,266.35,167.73,324.93
2022-04-08 00:00:00+00:00,232.31,232.31,178.82,178.82,176.31,144.64,292.56,176.31,335.9,176.31,292.56,195.67,211.73,178.82,265.32,176.31,335.9
2022-04-09 00:00:00+00:00,228.76,228.76,181.24,181.24,184.04,168.0,296.69,184.04,344.28,184.04,296.69,243.47,210.49,181.24,263.24,184.04,344.28
2022-04-10 00:00:00+00:00,221.76,221.76,184.35,184.35,185.44,181.85,298.69,185.44,347.81,185.44,298.69,174.28,218.67,184.35,258.73,185.44,347.81
2022-04-11 00:00:00+00:00,210.83,210.83,188.41,188.41,184.67,239.44,294.33,184.67,339.87,184.67,294.33,80.08,209.11,188.41,245.71,184.67,339.87
2022-04-12 00:00:00+00:00,200.77,200.77,189.5,189.5,187.37,345.91,284.94,187.37,326.4,187.37,284.94,58.31,199.15,189.5,236.91,187.37,326.4
2022-04-13 00:00:00+00:00,201.8,201.8,193.61,193.61,199.85,350.28,289.76,199.85,330.13,199.85,289.76,21.41,210.17,193.61,244.18,199.85,330.13
2022-04-14 00:00:00+00:00,211.07,211.07,191.77,191.77,206.91,351.05,292.16,206.91,328.36,206.91,292.16,33.67,171.03,191.77,247.65,206.91,328.36
2022-04-15 00:00:00+00:00,209.95,209.95,186.95,186.95,216.0,349.12,290.9,216.0,325.47,216.0,290.9,0.01,174.56,186.95,248.47,216.0,325.47
2022-04-16 00:00:00+00:00,199.3,199.3,179.61,179.61,226.66,306.98,284.93,226.66,320.59,226.66,284.93,0.01,172.36,179.61,247.09,226.66,320.59
2022-04-17 00:00:00+00:00,191.16,191.16,174.65,174.65,218.09,275.22,278.6,218.09,315.87,218.09,278.6,103.9,237.69,174.65,242.61,218.09,315.87
2022-04-18 00:00:00+00:00,191.86,191.86,179.19,179.19,204.91,256.8,275.05,204.91,311.48,204.91,275.05,117.92,302.47,179.19,232.12,204.91,311.48
2022-04-19 00:00:00+00:00,205.56,205.56,203.32,203.32,211.75,219.69,289.11,211.75,326.33,211.75,289.11,196.05,353.66,203.32,231.01,211.75,326.33
2022-04-20 00:00:00+00:00,206.96,206.96,216.88,216.88,210.75,215.95,289.62,210.75,328.42,210.75,289.62,353.45,348.1,216.88,217.61,210.75,328.42
2022-04-21 00:00:00+00:00,208.26,208.26,240.21,240.21,212.22,195.94,291.17,212.22,335.41,212.22,291.17,357.43,345.32,240.21,208.86,212.22,335.41
2022-04-22 00:00:00+00:00,206.07,206.07,260.85,260.85,215.31,176.96,292.49,215.31,340.8,215.31,292.49,258.45,293.57,260.85,205.25,215.31,340.8
2022-04-23 00:00:00+00:00,206.72,206.72,261.45,261.45,217.67,179.09,297.74,217.67,349.89,217.67,297.74,223.2,293.1,261.45,210.25,217.67,349.89
2022-04-24 00:00:00+00:00,206.65,206.65,259.67,259.67,212.4,186.61,304.57,212.4,359.28,212.4,304.57,153.37,303.91,259.67,217.06,212.4,359.28
2022-04-25 00:00:00+00:00,209.7,209.7,274.47,274.47,202.04,195.11,317.45,202.04,372.78,202.04,317.45,125.47,291.35,274.47,223.43,202.04,372.78
2022-04-26 00:00:00+00:00,203.63,203.63,291.08,291.08,192.96,194.89,316.73,192.96,371.27,192.96,316.73,150.25,261.0,291.08,214.21,192.96,371.27
2022-04-27 00:00:00+00:00,205.21,205.21,320.27,320.27,186.76,201.8,319.19,186.76,374.88,186.76,319.19,32.41,256.97,320.27,205.58,186.76,374.88
2022-04-28 00:00:00+00:00,206.35,206.35,351.85,351.85,187.5,204.73,322.07,187.5,377.57,187.5,322.07,0.01,333.23,351.85,206.12,187.5,377.57
2022-04-29 00:00:00+00:00,207.49,207.49,386.07,386.07,190.79,207.02,324.26,190.79,378.39,190.79,324.26,75.45,348.86,386.07,206.22,190.79,378.39
2022-04-30 00:00:00+00:00,206.06,206.06,412.91,412.91,190.94,205.58,322.16,190.94,373.36,190.94,322.16,180.25,327.01,412.91,205.52,190.94,373.36
2022-05-01 00:00:00+00:00,205.61,205.61,418.51,418.51,188.67,205.76,320.04,188.67,369.14,188.67,320.04,83.7,255.75,418.51,200.56,188.67,369.14
2022-05-02 00:00:00+00:00,205.82,205.82,415.26,415.26,183.28,207.25,316.57,183.28,364.77,183.28,316.57,31.44,229.87,415.26,196.84,183.28,364.77
2022-05-03 00:00:00+00:00,252.79,252.79,413.22,413.22,181.51,245.1,314.28,181.51,363.8,181.51,314.28,134.02,222.5,413.22,195.06,181.51,363.8
2022-05-04 00:00:00+00:00,327.51,327.51,404.37,404.37,180.69,249.91,306.09,180.69,354.33,180.69,306.09,0.01,219.52,404.37,187.34,180.69,354.33
2022-05-05 00:00:00+00:00,384.11,384.11,384.12,384.12,180.95,225.7,293.63,180.95,337.95,180.95,293.63,0.01,200.79,384.12,177.27,180.95,337.95
2022-05-06 00:00:00+00:00,371.52,371.52,348.64,348.64,177.51,213.47,277.67,177.51,316.31,177.51,277.67,0.01,198.15,348.64,167.94,177.51,316.31
2022-05-07 00:00:00+00:00,327.56,327.56,323.75,323.75,174.9,192.75,260.78,174.9,294.7,174.9,260.78,27.89,186.05,323.75,158.47,174.9,294.7
2022-05-08 00:00:00+00:00,314.26,314.26,298.84,298.84,176.12,186.38,249.53,176.12,278.71,176.12,249.53,65.49,153.21,298.84,151.69,176.12,278.71
2022-05-09 00:00:00+00:00,324.45,324.45,284.1,284.1,167.88,200.38,241.86,167.88,265.01,167.88,241.86,98.95,138.44,284.1,145.28,167.88,265.01
2022-05-10 00:00:00+00:00,318.33,318.33,275.95,275.95,162.13,193.17,236.76,162.13,255.67,162.13,236.76,84.86,134.89,275.95,141.83,162.13,255.67
2022-05-11 00:00:00+00:00,245.3,245.3,270.59,270.59,157.13,171.87,234.34,157.13,252.52,157.13,234.34,58.87,167.18,270.59,140.96,157.13,252.52
2022-05-12 00:00:00+00:00,204.3,204.3,278.15,278.15,155.94,168.63,234.23,155.94,255.09,155.94,234.23,24.28,269.68,278.15,141.4,155.94,255.09
2022-05-13 00:00:00+00:00,202.61,202.61,280.91,280.91,162.29,185.61,240.08,162.29,259.67,162.29,240.08,44.99,327.86,280.91,144.71,162.29,259.67
2022-05-14 00:00:00+00:00,214.97,214.97,292.4,292.4,181.72,216.96,247.37,181.72,261.19,181.72,247.37,75.26,339.53,292.4,149.43,181.72,261.19
2022-05-15 00:00:00+00:00,211.11,211.11,293.68,293.68,194.11,249.24,245.6,194.11,253.18,194.11,245.6,157.2,337.58,293.68,152.34,194.11,253.18
2022-05-16 00:00:00+00:00,215.89,215.89,294.31,294.31,202.66,262.26,250.47,202.66,250.51,202.66,250.47,240.54,342.58,294.31,156.44,202.66,250.51
2022-05-17 00:00:00+00:00,204.76,204.76,283.8,283.8,207.77,273.91,251.9,207.77,243.4,207.77,251.9,336.11,339.53,283.8,156.51,207.77,243.4
2022-05-18 00:00:00+00:00,186.72,186.72,268.56,268.56,201.99,268.34,247.03,201.99,234.79,201.99,247.03,314.66,326.83,268.56,151.28,201.99,234.79
2022-05-19 00:00:00+00:00,176.13,176.13,257.57,257.57,197.89,263.83,244.68,197.89,228.9,197.89,244.68,302.16,272.33,257.57,146.69,197.89,228.9
2022-05-20 00:00:00+00:00,154.85,154.85,221.98,221.98,177.64,233.5,217.37,177.64,200.45,177.64,217.37,94.38,185.57,221.98,127.85,177.64,200.45
2022-05-21 00:00:00+00:00,136.11,136.11,186.53,186.53,157.16,204.67,187.93,157.16,172.38,157.16,187.93,127.48,167.89,186.53,108.96,157.16,172.38
2022-05-22 00:00:00+00:00,127.53,127.53,164.15,164.15,146.55,191.77,169.51,146.55,154.65,146.55,169.51,156.74,154.35,164.15,97.89,146.55,154.65
2022-05-23 00:00:00+00:00,128.5,128.5,158.12,158.12,147.88,189.83,165.36,147.88,151.99,147.88,165.36,125.33,156.71,158.12,96.0,147.88,151.99
2022-05-24 00:00:00+00:00,131.27,131.27,154.31,154.31,152.81,186.66,164.25,152.81,153.87,152.81,164.25,147.73,206.8,154.31,95.65,152.81,153.87
2022-05-25 00:00:00+00:00,136.62,136.62,159.46,159.46,162.33,187.85,169.89,162.33,162.44,162.33,169.89,110.11,223.15,159.46,99.6,162.33,162.44
2022-05-26 00:00:00+00:00,136.83,136.83,164.6,164.6,169.07,188.94,174.68,169.07,169.14,169.07,174.68,33.83,232.23,164.6,103.52,169.07,169.14
2022-05-27 00:00:00+00:00,157.03,157.03,185.75,185.75,192.14,211.99,197.66,192.14,191.64,192.14,197.66,15.37,264.3,185.75,119.02,192.14,191.64
2022-05-28 00:00:00+00:00,182.45,182.45,204.96,204.96,215.51,238.15,223.62,215.51,213.04,215.51,223.62,142.59,251.09,204.96,136.01,215.51,213.04
2022-05-29 00:00:00+00:00,209.96,209.96,221.8,221.8,235.32,266.64,249.95,235.32,234.62,235.32,249.95,322.19,176.39,221.8,151.07,235.32,234.62
2022-05-30 00:00:00+00:00,213.94,213.94,219.09,219.09,234.44,271.32,249.94,234.44,233.18,234.44,249.94,246.26,156.76,219.09,151.33,234.44,233.18
2022-05-31 00:00:00+00:00,197.25,197.25,205.06,205.06,219.05,255.92,231.04,219.05,215.96,219.05,231.04,202.74,140.46,205.06,141.18,219.05,215.96
2022-06-01 00:00:00+00:00,191.36,191.36,206.37,206.37,217.92,256.58,227.75,217.92,214.39,217.92,227.75,185.36,158.61,206.37,142.04,217.92,214.39
2022-06-02 00:00:00+00:00,186.54,186.54,205.01,205.01,215.63,255.08,224.24,215.63,212.68,215.63,224.24,155.81,160.03,205.01,141.31,215.63,212.68
2022-06-03 00:00:00+00:00,190.71,190.71,204.99,204.99,216.24,256.73,223.61,216.24,214.55,216.24,223.61,149.69,170.1,204.99,141.45,216.24,214.55
2022-06-04 00:00:00+00:00,202.1,202.1,201.29,201.29,218.44,257.6,222.05,218.44,215.99,218.44,222.05,171.84,179.57,201.29,140.55,218.44,215.99
2022-06-05 00:00:00+00:00,209.81,209.81,191.57,191.57,215.64,253.39,213.86,215.64,211.25,215.64,213.86,33.35,161.19,191.57,135.36,215.64,211.25
2022-06-06 00:00:00+00:00,216.45,216.45,183.99,183.99,212.57,254.29,208.47,212.57,206.8,212.57,208.47,81.24,202.01,183.99,132.65,212.57,206.8
2022-06-07 00:00:00+00:00,240.12,240.12,192.7,192.7,226.12,275.89,222.44,226.12,220.32,226.12,222.44,177.72,254.06,192.7,138.54,226.12,220.32
2022-06-08 00:00:00+00:00,249.7,249.7,191.88,191.88,228.61,282.5,224.82,228.61,223.89,228.61,224.82,274.73,274.09,191.88,135.82,228.61,223.89
2022-06-09 00:00:00+00:00,255.74,255.74,192.06,192.06,231.18,287.46,226.72,231.18,227.62,231.18,226.72,306.14,280.63,192.06,133.37,231.18,227.62
2022-06-10 00:00:00+00:00,263.2,263.2,195.91,195.91,236.11,295.58,230.67,236.11,233.26,236.11,230.67,224.38,289.54,195.91,135.99,236.11,233.26
2022-06-11 00:00:00+00:00,270.76,270.76,203.69,203.69,247.04,311.54,239.03,247.04,244.53,247.04,239.03,147.95,307.09,203.69,144.78,247.04,244.53
2022-06-12 00:00:00+00:00,273.58,273.58,211.48,211.48,259.83,329.53,248.12,259.83,255.68,259.83,248.12,0.01,252.68,211.48,156.09,259.83,255.68
2022-06-13 00:00:00+00:00,274.87,274.87,219.78,219.78,266.21,346.08,256.9,266.21,266.83,266.21,256.9,0.01,251.35,219.78,165.65,266.21,266.83
2022-06-14 00:00:00+00:00,291.43,291.43,240.19,240.19,283.19,373.07,277.81,283.19,290.69,283.19,277.81,250.7,243.95,240.19,177.51,283.19,290.69
2022-06-15 00:00:00+00:00,301.49,301.49,256.91,256.91,296.52,390.0,291.56,296.52,307.32,296.52,291.56,349.36,200.27,256.91,186.34,296.52,307.32
2022-06-16 00:00:00+00:00,305.38,305.38,272.4,272.4,312.07,401.73,300.52,312.07,319.64,312.07,300.52,401.73,214.25,272.4,196.2,312.07,319.64
2022-06-17 00:00:00+00:00,306.65,306.65,285.97,285.97,337.01,413.24,308.09,337.01,332.23,337.01,308.09,220.0,192.37,285.97,201.65,337.01,332.23
2022-06-18 00:00:00+00:00,300.99,300.99,289.5,289.5,356.51,411.92,306.36,356.51,334.46,356.51,306.36,87.23,187.6,289.5,202.22,356.51,334.46
2022-06-19 00:00:00+00:00,312.0,312.0,303.53,303.53,377.63,420.78,314.21,377.63,346.9,377.63,314.21,0.01,201.84,303.53,209.99,377.63,346.9
2022-06-20 00:00:00+00:00,323.61,323.61,317.5,317.5,384.93,425.88,320.44,384.93,357.78,384.93,320.44,0.01,204.59,317.5,219.88,384.93,357.78
2022-06-21 00:00:00+00:00,320.33,320.33,325.31,325.31,385.9,418.52,317.34,385.9,356.14,385.9,317.34,0.01,198.25,325.31,224.77,385.9,356.14
2022-06-22 00:00:00+00:00,313.03,313.03,334.41,334.41,391.97,410.51,313.71,391.97,352.4,391.97,313.71,68.45,190.05,334.41,230.5,391.97,352.4
2022-06-23 00:00:00+00:00,317.49,317.49,353.9,353.9,412.9,418.41,321.51,412.9,361.44,412.9,321.51,0.01,104.6,353.9,246.83,412.9,361.44
2022-06-24 00:00:00+00:00,319.57,319.57,369.14,369.14,424.31,430.29,331.23,424.31,374.84,424.31,331.23,66.09,41.64,369.14,264.98,424.31,374.84
2022-06-25 00:00:00+00:00,316.5,316.5,374.06,374.06,434.96,438.5,337.32,434.96,385.58,434.96,337.32,17.51,227.37,374.06,281.6,434.96,385.58
2022-06-26 00:00:00+00:00,308.17,308.17,372.81,372.81,438.6,438.6,336.29,438.6,387.2,438.6,336.29,54.77,247.92,372.81,295.42,438.6,387.2
2022-06-27 00:00:00+00:00,302.94,302.94,383.31,383.31,443.54,443.54,338.74,443.54,393.9,443.54,338.74,228.52,260.91,383.31,324.13,443.54,393.9
2022-06-28 00:00:00+00:00,297.66,297.66,398.6,398.6,444.61,444.61,339.8,444.61,396.44,444.61,339.8,375.12,209.95,398.6,386.59,444.61,396.44
2022-06-29 00:00:00+00:00,299.28,299.28,414.96,414.96,319.62,450.36,346.41,319.62,403.24,319.62,346.41,450.36,290.56,414.96,422.78,319.62,403.24
2022-06-30 00:00:00+00:00,295.81,295.81,413.51,413.51,200.84,443.69,345.79,200.84,399.76,200.84,345.79,443.69,291.58,413.51,425.73,200.84,399.76
2022-07-01 00:00:00+00:00,280.78,280.78,395.73,395.73,167.02,422.46,333.88,167.02,386.22,167.02,333.88,281.5,422.46,395.73,418.29,167.02,386.22
2022-07-02 00:00:00+00:00,275.63,275.63,392.2,392.2,188.59,414.89,333.77,188.59,386.31,188.59,333.77,297.19,414.89,392.2,414.89,188.59,386.31
2022-07-03 00:00:00+00:00,261.25,261.25,374.77,374.77,200.17,389.2,322.96,200.17,366.9,200.17,322.96,313.0,367.59,374.77,389.2,200.17,366.9
2022-07-04 00:00:00+00:00,255.22,255.22,366.05,366.05,212.28,375.19,323.93,212.28,356.56,212.28,323.93,375.19,375.19,366.05,375.19,212.28,356.56
2022-07-05 00:00:00+00:00,276.21,276.21,391.99,391.99,234.1,395.76,355.95,234.1,379.35,234.1,355.95,395.76,365.31,391.99,395.76,234.1,379.35
2022-07-06 00:00:00+00:00,300.61,300.61,415.69,415.69,254.78,415.69,381.98,254.78,400.81,254.78,381.98,409.18,415.69,415.69,415.69,254.78,400.81
2022-07-07 00:00:00+00:00,317.15,317.15,423.74,423.74,295.95,423.74,395.07,295.95,410.91,295.95,395.07,325.94,423.74,423.74,423.74,295.95,410.91
2022-07-08 00:00:00+00:00,339.12,339.12,442.54,442.54,328.33,442.54,418.43,328.33,430.41,328.33,418.43,255.26,442.54,442.54,442.54,328.33,430.41
2022-07-09 00:00:00+00:00,350.92,350.92,453.0,453.0,353.18,453.0,433.82,353.18,442.85,353.18,433.82,60.45,453.0,453.0,453.0,353.18,442.85
2022-07-10 00:00:00+00:00,363.57,363.57,464.34,464.34,362.4,464.34,451.14,362.4,458.53,362.4,451.14,216.23,464.34,464.34,464.34,362.4,458.53
2022-07-11 00:00:00+00:00,386.27,386.27,488.53,488.53,374.55,488.53,483.72,374.55,488.53,374.55,483.72,365.22,488.53,488.53,488.53,374.55,488.53
2022-07-12 00:00:00+00:00,390.37,390.37,496.52,496.52,451.39,496.52,496.52,451.39,496.52,451.39,496.52,436.85,496.52,496.52,496.52,451.39,496.52
2022-07-13 00:00:00+00:00,389.98,389.98,501.81,501.81,501.81,501.81,501.81,501.81,501.81,501.81,501.81,501.81,501.81,501.81,501.81,501.81,501.81
2022-07-14 00:00:00+00:00,396.55,396.55,508.14,508.14,508.14,508.14,508.14,508.14,508.14,508.14,508.14,508.14,415.75,508.14,508.14,508.14,508.14
2022-07-15 00:00:00+00:00,422.82,422.82,527.86,527.86,491.02,527.86,527.86,491.02,527.86,491.02,527.86,527.86,475.08,527.86,527.86,491.02,527.86
2022-07-16 00:00:00+00:00,455.42,455.42,548.92,548.92,517.24,548.92,548.92,517.24,548.92,517.24,548.92,370.15,548.92,548.92,548.92,517.24,548.92
2022-07-17 00:00:00+00:00,517.34,517.34,595.22,595.22,541.1,595.22,595.22,541.1,595.22,541.1,595.22,427.07,595.22,595.22,595.22,541.1,595.22
2022-07-18 00:00:00+00:00,571.33,571.33,604.01,604.01,563.05,604.01,604.01,563.05,604.01,563.05,604.01,604.01,604.01,604.01,604.01,563.05,604.01
2022-07-19 00:00:00+00:00,587.34,587.34,587.34,587.34,570.07,587.34,587.34,570.07,587.34,570.07,587.34,465.87,340.07,587.34,587.34,570.07,587.34
2022-07-20 00:00:00+00:00,555.08,555.08,555.08,555.08,555.08,555.08,555.08,555.08,555.08,555.08,555.08,477.42,235.91,555.08,551.97,555.08,555.08
2022-07-21 00:00:00+00:00,556.64,556.64,556.64,556.64,544.55,556.64,556.64,544.55,556.64,544.55,556.64,475.06,204.1,556.64,536.03,544.55,556.64
2022-07-22 00:00:00+00:00,583.38,583.38,583.38,583.38,583.38,583.38,583.38,583.38,583.38,583.38,583.38,510.6,256.69,583.38,534.48,583.38,583.38
2022-07-23 00:00:00+00:00,613.14,613.14,613.14,613.14,613.14,613.14,613.14,613.14,613.14,613.14,613.14,613.14,264.76,613.14,538.51,613.14,613.14
2022-07-24 00:00:00+00:00,629.77,629.77,629.77,629.77,599.79,629.77,629.77,599.79,629.77,599.79,629.77,573.61,343.54,629.77,533.12,599.79,629.77
2022-07-25 00:00:00+00:00,648.79,648.79,648.79,648.79,589.79,648.79,648.79,589.79,648.79,589.79,648.79,363.04,324.4,648.79,534.33,589.79,648.79
2022-07-26 00:00:00+00:00,679.82,679.82,646.07,646.07,627.5,679.82,679.82,627.5,679.82,627.5,679.82,343.63,352.52,646.07,553.25,627.5,679.82
2022-07-27 00:00:00+00:00,708.45,708.45,635.71,635.71,611.83,708.45,708.45,611.83,708.45,611.83,708.45,225.46,472.3,635.71,580.02,611.83,708.45
2022-07-28 00:00:00+00:00,715.21,715.21,610.11,610.11,635.77,715.21,715.21,635.77,715.21,635.77,715.21,274.29,452.97,610.11,633.99,635.77,715.21
2022-07-29 00:00:00+00:00,693.15,693.15,570.53,570.53,657.62,693.15,693.15,657.62,693.15,657.62,693.15,421.96,369.7,570.53,633.86,657.62,693.15
2022-07-30 00:00:00+00:00,673.23,673.23,542.18,542.18,673.23,673.23,673.23,673.23,673.23,673.23,673.23,353.94,330.02,542.18,673.23,673.23,673.23
2022-07-31 00:00:00+00:00,643.06,643.06,518.55,518.55,621.63,643.06,643.06,621.63,643.06,621.63,643.06,321.53,344.51,518.55,643.06,621.63,643.06
2022-08-01 00:00:00+00:00,621.01,621.01,503.56,503.56,514.55,621.01,621.01,514.55,621.01,514.55,621.01,243.98,375.89,503.56,621.01,514.55,621.01
2022-08-02 00:00:00+00:00,615.01,615.01,498.5,498.5,436.98,615.01,615.01,436.98,615.01,436.98,615.01,183.86,461.26,498.5,586.51,436.98,615.01
2022-08-03 00:00:00+00:00,623.06,623.06,507.52,507.52,409.91,623.06,623.06,409.91,623.06,409.91,623.06,154.01,453.13,507.52,555.08,409.91,623.06
2022-08-04 00:00:00+00:00,629.24,629.24,509.96,509.96,400.42,629.24,629.24,400.42,629.24,400.42,629.24,235.97,459.18,509.96,515.36,400.42,629.24
2022-08-05 00:00:00+00:00,633.05,633.05,484.57,484.57,387.97,633.05,633.05,387.97,633.05,387.97,633.05,118.49,449.27,484.57,506.44,387.97,633.05
2022-08-06 00:00:00+00:00,651.38,651.38,469.63,469.63,416.17,651.38,651.38,416.17,651.38,416.17,651.38,0.01,515.68,469.63,528.3,416.17,651.38
2022-08-07 00:00:00+00:00,682.68,682.68,463.59,463.59,482.89,682.68,682.68,482.89,682.68,482.89,682.68,0.01,614.42,463.59,562.49,482.89,682.68
2022-08-08 00:00:00+00:00,714.42,714.42,461.14,461.14,512.55,714.42,714.42,512.55,714.42,512.55,714.42,204.35,630.37,461.14,611.59,512.55,714.42
2022-08-09 00:00:00+00:00,731.79,731.79,456.5,456.5,482.66,731.79,731.79,482.66,731.79,482.66,731.79,530.68,462.16,456.5,663.84,482.66,731.79
2022-08-10 00:00:00+00:00,764.74,764.74,466.92,466.92,517.32,764.74,764.74,517.32,764.74,517.32,764.74,715.25,529.41,466.92,714.44,517.32,764.74
2022-08-11 00:00:00+00:00,813.47,813.47,484.2,484.2,677.93,813.47,813.47,677.93,813.47,677.93,813.47,647.37,645.98,484.2,737.42,677.93,813.47
2022-08-12 00:00:00+00:00,862.6,862.6,498.13,498.13,733.14,862.6,862.6,733.14,862.6,733.14,862.6,417.27,558.17,498.13,754.07,733.14,862.6
2022-08-13 00:00:00+00:00,886.37,886.37,495.07,495.07,791.44,886.37,886.37,791.44,886.37,791.44,886.37,469.68,423.9,495.07,763.53,791.44,886.37
2022-08-14 00:00:00+00:00,904.89,904.89,490.19,490.19,904.89,904.89,904.89,904.89,904.89,904.89,904.89,479.21,452.45,490.19,768.27,904.89,904.89
2022-08-15 00:00:00+00:00,912.52,912.52,482.44,482.44,912.52,912.52,912.52,912.52,912.52,912.52,912.52,492.12,359.49,482.44,745.68,912.52,912.52
2022-08-16 00:00:00+00:00,951.09,951.09,483.93,483.93,834.62,951.09,951.09,834.62,951.09,834.62,951.09,735.01,246.61,483.93,744.12,834.62,951.09
2022-08-17 00:00:00+00:00,978.98,978.98,481.15,481.15,775.82,978.98,978.98,775.82,978.98,775.82,978.98,781.29,97.88,481.15,731.23,775.82,978.98
2022-08-18 00:00:00+00:00,998.82,998.82,494.29,494.29,813.87,998.82,998.82,813.87,998.82,813.87,998.82,710.31,277.5,494.29,721.39,813.87,998.82
2022-08-19 00:00:00+00:00,1008.65,1008.65,505.63,505.63,855.16,1008.65,1008.65,855.16,1008.65,855.16,1008.65,616.95,378.27,505.63,717.89,855.16,1008.65
2022-08-20 00:00:00+00:00,1054.08,1054.08,533.21,533.21,936.93,1054.08,1054.08,936.93,1054.08,936.93,1054.08,645.95,275.02,533.21,729.18,936.93,1054.08
2022-08-21 00:00:00+00:00,1097.18,1097.18,570.07,570.07,1097.18,1097.18,1097.18,1097.18,1097.18,1097.18,1097.18,612.35,365.73,570.07,741.56,1097.18,1097.18
2022-08-22 00:00:00+00:00,1132.61,1132.61,613.16,613.16,1132.61,1132.61,1132.61,1132.61,1132.61,1132.61,1132.61,557.13,590.92,613.16,757.44,1132.61,1132.61
2022-08-23 00:00:00+00:00,1163.17,1163.17,661.01,661.01,1107.72,1163.17,1163.17,1107.72,1163.17,1107.72,1163.17,421.79,671.14,661.01,781.06,1107.72,1163.17
2022-08-24 00:00:00+00:00,1193.14,1193.14,697.77,697.77,1009.61,1193.14,1193.14,1009.61,1193.14,1009.61,1193.14,986.01,530.29,697.77,802.83,1009.61,1193.14
2022-08-25 00:00:00+00:00,1202.45,1202.45,710.76,710.76,999.44,1202.45,1202.45,999.44,1202.45,999.44,1202.45,930.57,601.22,710.76,796.71,999.44,1202.45
2022-08-26 00:00:00+00:00,1202.57,1202.57,712.95,712.95,1006.51,1202.57,1202.57,1006.51,1202.57,1006.51,1202.57,622.84,664.57,712.95,780.42,1006.51,1202.57
2022-08-27 00:00:00+00:00,1135.01,1135.01,664.52,664.52,982.9,1135.01,1135.01,982.9,1135.01,982.9,1135.01,1135.01,552.17,664.52,734.24,982.9,1135.01
2022-08-28 00:00:00+00:00,1076.14,1076.14,623.36,623.36,978.32,1076.14,1074.69,978.32,1076.14,978.32,1074.69,768.54,623.01,623.36,703.99,978.32,1076.14
2022-08-29 00:00:00+00:00,1022.96,1022.96,585.16,585.16,987.29,1022.96,1017.8,987.29,1022.96,987.29,1017.8,609.89,735.29,585.16,673.02,987.29,1022.96
2022-08-30 00:00:00+00:00,949.33,949.33,530.64,530.64,949.33,949.33,943.54,949.33,949.33,949.33,943.54,621.94,768.54,530.64,627.83,949.33,949.33
2022-08-31 00:00:00+00:00,883.37,883.37,483.51,483.51,883.37,883.37,877.93,883.37,883.37,883.37,877.93,767.58,671.39,483.51,587.18,883.37,883.37
2022-09-01 00:00:00+00:00,842.53,842.53,448.92,448.92,842.53,842.53,837.3,842.53,842.53,842.53,837.3,842.53,702.16,448.92,562.21,842.53,842.53
2022-09-02 00:00:00+00:00,801.48,801.48,417.01,417.01,767.38,801.48,795.68,767.38,801.48,767.38,795.68,801.48,320.56,417.01,533.81,767.38,801.48
2022-09-03 00:00:00+00:00,784.49,784.49,404.52,404.52,720.48,784.49,776.0,720.48,784.49,720.48,776.0,716.57,370.7,404.52,521.47,720.48,784.49
2022-09-04 00:00:00+00:00,793.56,793.56,409.85,409.85,688.76,793.56,781.35,688.76,793.56,688.76,781.35,793.56,393.97,409.85,520.7,688.76,793.56
2022-09-05 00:00:00+00:00,818.3,818.3,427.58,427.58,675.98,818.3,801.77,675.98,818.3,675.98,801.77,818.3,391.96,427.58,546.06,675.98,818.3
2022-09-06 00:00:00+00:00,821.53,821.53,432.02,432.02,657.23,821.53,801.22,657.23,821.53,657.23,801.22,821.53,400.74,432.02,553.35,657.23,821.53
2022-09-07 00:00:00+00:00,810.95,810.95,424.69,424.69,669.91,810.95,787.79,669.91,810.95,669.91,787.79,810.95,405.48,424.69,571.54,669.91,810.95
2022-09-08 00:00:00+00:00,802.19,802.19,421.79,421.79,651.78,802.19,776.27,651.78,802.19,651.78,776.27,802.19,668.49,421.79,584.99,651.78,802.19
2022-09-09 00:00:00+00:00,779.96,779.96,420.6,420.6,629.28,779.96,751.97,629.28,779.96,629.28,751.97,779.96,779.96,420.6,572.06,629.28,779.96
2022-09-10 00:00:00+00:00,773.27,773.27,430.5,430.5,630.39,773.27,743.27,630.39,773.27,630.39,743.27,773.27,773.27,430.5,571.41,630.39,773.27
2022-09-11 00:00:00+00:00,720.44,720.44,411.09,411.09,579.33,720.44,690.42,579.33,720.44,579.33,690.42,720.44,720.44,411.09,527.59,579.33,720.44
2022-09-12 00:00:00+00:00,640.09,640.09,367.82,367.82,498.52,640.09,611.06,498.52,640.09,498.52,611.06,640.09,640.09,367.82,464.43,498.52,640.09
2022-09-13 00:00:00+00:00,606.6,606.6,341.11,341.11,461.67,606.6,574.33,461.67,606.6,461.67,574.33,606.6,499.57,341.11,436.13,461.67,606.6
2022-09-14 00:00:00+00:00,603.31,603.31,337.04,337.04,464.85,603.31,567.03,464.85,603.31,464.85,567.03,603.31,425.91,337.04,441.19,464.85,603.31
2022-09-15 00:00:00+00:00,590.19,590.19,331.32,331.32,475.55,590.19,551.03,475.55,590.19,475.55,551.03,590.19,393.44,331.32,446.05,475.55,590.19
2022-09-16 00:00:00+00:00,596.72,596.72,334.8,334.8,498.62,596.72,553.44,498.62,596.72,498.62,553.44,596.72,348.08,334.8,463.84,498.62,596.72
2022-09-17 00:00:00+00:00,602.45,602.45,333.22,333.22,507.13,602.45,555.03,507.13,602.45,507.13,555.03,602.45,326.32,333.22,483.84,507.13,602.45
2022-09-18 00:00:00+00:00,634.37,634.37,344.99,344.99,537.05,634.37,581.07,537.05,634.37,537.05,581.07,634.37,314.85,344.99,526.73,537.05,634.37
2022-09-19 00:00:00+00:00,681.8,681.8,365.12,365.12,588.01,681.8,620.59,588.01,681.8,588.01,620.59,626.44,339.48,365.12,585.92,588.01,681.8
2022-09-20 00:00:00+00:00,671.71,671.71,354.34,354.34,584.25,671.71,609.05,584.25,671.71,584.25,609.05,525.04,332.4,354.34,598.03,584.25,671.71
2022-09-21 00:00:00+00:00,650.3,650.3,339.24,339.24,559.4,650.3,587.49,559.4,650.3,559.4,587.49,558.65,320.93,339.24,590.93,559.4,650.3
2022-09-22 00:00:00+00:00,627.24,627.24,323.55,323.55,527.03,627.24,563.44,527.03,627.24,527.03,563.44,627.24,313.62,323.55,575.9,527.03,627.24
2022-09-23 00:00:00+00:00,617.09,617.09,316.28,316.28,521.53,617.09,550.24,521.53,617.09,521.53,550.24,598.04,424.22,316.28,571.34,521.53,617.09
2022-09-24 00:00:00+00:00,589.24,589.24,301.88,301.88,532.22,589.24,522.27,532.22,589.24,532.22,522.27,438.92,441.96,301.88,551.62,532.22,589.24
2022-09-25 00:00:00+00:00,516.62,516.62,265.58,265.58,487.56,516.62,454.75,487.56,516.62,487.56,454.75,516.62,303.89,265.58,485.32,487.56,516.62
2022-09-26 00:00:00+00:00,485.81,485.81,252.25,252.25,446.33,485.81,423.79,446.33,485.81,446.33,423.79,452.13,260.67,252.25,455.71,446.33,485.81
2022-09-27 00:00:00+00:00,476.63,476.63,249.6,249.6,417.82,476.63,412.62,417.82,476.63,417.82,412.62,476.63,253.52,249.6,452.77,417.82,476.63
2022-09-28 00:00:00+00:00,444.05,444.05,234.47,234.47,367.08,444.05,383.86,367.08,444.05,367.08,383.86,247.84,171.55,234.47,427.34,367.08,444.05
2022-09-29 00:00:00+00:00,371.39,371.39,199.62,199.62,297.11,371.39,321.91,297.11,371.39,297.11,321.91,325.09,106.11,199.62,362.58,297.11,371.39
2022-09-30 00:00:00+00:00,283.1,283.1,151.56,151.56,220.9,283.1,246.01,220.9,283.1,220.9,246.01,162.97,33.3,151.56,281.66,220.9,283.1
2022-10-01 00:00:00+00:00,218.68,218.68,118.4,118.4,172.64,218.68,190.16,172.64,218.68,172.64,190.16,53.33,97.19,118.4,218.68,172.64,218.68
2022-10-02 00:00:00+00:00,209.39,209.39,115.35,115.35,177.57,209.39,183.53,177.57,209.39,177.57,183.53,47.3,100.51,115.35,209.39,177.57,209.39
2022-10-03 00:00:00+00:00,183.92,183.92,101.81,101.81,167.04,183.92,162.81,167.04,183.92,167.04,162.81,47.35,83.33,101.81,183.92,167.04,183.92
2022-10-04 00:00:00+00:00,158.99,158.99,88.52,88.52,154.13,158.99,140.91,154.13,158.99,154.13,140.91,135.18,75.42,88.52,158.99,154.13,158.99
2022-10-05 00:00:00+00:00,147.86,147.86,88.51,88.51,151.75,155.45,136.65,151.75,155.45,151.75,136.65,122.71,73.15,88.51,155.45,151.75,155.45
2022-10-06 00:00:00+00:00,161.78,161.78,112.67,112.67,175.67,196.96,169.01,175.67,196.96,175.67,169.01,108.15,100.89,112.67,196.96,175.67,196.96
2022-10-07 00:00:00+00:00,181.32,181.32,140.84,140.84,175.12,249.92,212.65,175.12,254.73,175.12,212.65,13.55,183.64,140.84,254.73,175.12,254.73
2022-10-08 00:00:00+00:00,194.89,194.89,164.38,164.38,152.73,285.34,251.4,152.73,305.47,152.73,251.4,148.61,237.58,164.38,305.47,152.73,305.47
2022-10-09 00:00:00+00:00,195.97,195.97,173.9,173.9,153.54,299.67,270.53,153.54,331.98,153.54,270.53,331.98,299.86,173.9,331.98,153.54,331.98
2022-10-10 00:00:00+00:00,189.64,189.64,175.48,175.48,141.66,297.82,274.01,141.66,338.96,141.66,274.01,338.96,288.09,175.48,338.96,141.66,338.96
2022-10-11 00:00:00+00:00,179.6,179.6,176.56,176.56,161.62,292.53,274.38,161.62,341.2,161.62,274.38,160.72,341.2,176.56,341.2,161.62,341.2
2022-10-12 00:00:00+00:00,170.28,170.28,172.93,172.93,172.19,282.4,270.5,172.19,337.39,172.19,270.5,110.2,337.39,172.93,337.39,172.19,337.39
2022-10-13 00:00:00+00:00,164.55,164.55,161.47,161.47,175.23,266.65,261.08,175.23,326.77,175.23,261.08,8.09,326.77,161.47,326.77,175.23,326.77
2022-10-14 00:00:00+00:00,148.39,148.39,140.98,140.98,176.52,237.61,238.79,176.52,301.56,176.52,238.79,0.01,264.79,140.98,301.56,176.52,301.56
2022-10-15 00:00:00+00:00,134.43,134.43,129.13,129.13,160.21,214.06,223.54,160.21,285.48,160.21,223.54,0.01,195.6,129.13,285.48,160.21,285.48
2022-10-16 00:00:00+00:00,126.94,126.94,124.16,124.16,135.58,202.22,219.15,135.58,282.46,135.58,219.15,0.01,165.79,124.16,282.46,135.58,282.46
2022-10-17 00:00:00+00:00,121.71,121.71,114.03,114.03,121.41,193.0,213.61,121.41,277.5,121.41,213.61,7.04,117.53,114.03,270.64,121.41,277.5
2022-10-18 00:00:00+00:00,111.84,111.84,98.72,98.72,116.29,178.35,199.4,116.29,260.48,116.29,199.4,11.33,97.32,98.72,247.47,116.29,260.48
2022-10-19 00:00:00+00:00,102.48,102.48,84.91,84.91,123.09,166.97,187.84,123.09,246.19,123.09,187.84,15.6,86.57,84.91,232.0,123.09,246.19
2022-10-20 00:00:00+00:00,93.26,93.26,70.64,70.64,131.22,158.85,179.5,131.22,235.74,131.22,179.5,0.01,89.33,70.64,224.81,131.22,235.74
2022-10-21 00:00:00+00:00,82.79,82.79,62.79,62.79,134.6,153.08,174.48,134.6,227.14,134.6,174.48,100.68,103.86,62.79,224.11,134.6,227.14
2022-10-22 00:00:00+00:00,68.73,68.73,62.81,62.81,128.48,142.01,162.67,128.48,212.4,128.48,162.67,124.22,105.6,62.81,214.13,128.48,212.4
2022-10-23 00:00:00+00:00,58.9,58.9,65.27,65.27,119.6,133.33,153.93,119.6,199.79,119.6,153.93,118.53,98.01,65.27,203.86,119.6,199.79
2022-10-24 00:00:00+00:00,57.3,57.3,72.19,72.19,124.33,134.55,157.85,124.33,205.09,124.33,157.85,118.72,112.02,72.19,208.17,124.33,205.09
2022-10-25 00:00:00+00:00,61.61,61.61,83.05,83.05,134.91,141.49,168.82,134.91,218.12,134.91,168.82,127.88,103.59,83.05,220.06,134.91,218.12
2022-10-26 00:00:00+00:00,57.0,57.0,80.27,80.27,131.94,130.95,159.31,131.94,206.51,131.94,159.31,148.96,115.02,80.27,200.73,131.94,206.51
2022-10-27 00:00:00+00:00,49.69,49.69,72.45,72.45,128.4,120.79,147.76,128.4,193.68,128.4,147.76,150.46,117.41,72.45,180.52,128.4,193.68
2022-10-28 00:00:00+00:00,44.25,44.25,66.66,66.66,125.83,113.73,139.27,125.83,186.0,125.83,139.27,132.74,104.92,66.66,166.96,125.83,186.0
2022-10-29 00:00:00+00:00,45.78,45.78,70.16,70.16,121.09,107.21,131.42,121.09,179.91,121.09,131.42,95.09,91.04,70.16,154.11,121.09,179.91
2022-10-30 00:00:00+00:00,47.92,47.92,73.06,73.06,111.53,97.77,119.9,111.53,167.77,111.53,119.9,103.69,84.64,73.06,135.81,111.53,167.77
2022-10-31 00:00:00+00:00,46.81,46.81,66.14,66.14,94.74,83.72,103.25,94.74,146.11,94.74,103.25,124.6,66.61,66.14,112.34,94.74,146.11
2022-11-01 00:00:00+00:00,43.43,43.43,52.72,52.72,72.28,66.47,83.61,72.28,119.2,72.28,83.61,119.2,42.57,52.72,87.05,72.28,119.2
2022-11-02 00:00:00+00:00,46.75,46.75,42.17,42.17,64.64,60.89,78.42,64.64,113.61,64.64,78.42,113.61,42.99,42.17,76.53,64.64,113.61
2022-11-03 00:00:00+00:00,46.58,46.58,29.69,29.69,56.94,52.91,70.73,56.94,105.28,56.94,70.73,105.28,39.04,29.69,62.74,56.94,105.28
2022-11-04 00:00:00+00:00,40.58,40.58,19.48,19.48,47.0,19.06,57.77,47.0,88.73,47.0,57.77,42.49,19.08,19.48,49.0,47.0,88.73
2022-11-05 00:00:00+00:00,33.06,33.06,12.16,12.16,36.47,3.22,44.02,36.47,64.6,36.47,44.02,0.01,0.01,12.16,36.95,36.47,64.6
2022-11-06 00:00:00+00:00,29.12,29.12,8.93,8.93,29.93,0.01,35.81,29.93,51.08,29.93,35.81,21.63,0.01,8.93,29.96,29.93,51.08
2022-11-07 00:00:00+00:00,28.77,28.77,10.0,10.0,28.83,0.01,34.27,28.83,46.79,28.83,34.27,32.6,0.01,10.0,28.49,28.83,46.79
2022-11-08 00:00:00+00:00,30.19,30.19,8.86,8.86,29.64,0.01,35.04,29.64,44.96,29.64,35.04,39.84,0.01,8.86,28.7,29.64,44.96
2022-11-09 00:00:00+00:00,30.3,30.3,6.61,6.61,29.76,0.01,34.49,29.76,41.63,29.76,34.49,30.04,0.01,6.61,25.45,29.76,41.63
2022-11-10 00:00:00+00:00,27.82,27.82,3.57,3.57,27.6,0.01,30.97,27.6,35.84,27.6,30.97,13.91,0.01,3.57,18.4,27.6,35.84
2022-11-11 00:00:00+00:00,28.91,28.91,1.02,1.02,31.17,0.01,33.28,31.17,37.02,31.17,33.28,17.55,0.01,1.02,15.88,31.17,37.02
2022-11-12 00:00:00+00:00,38.48,38.48,0.01,0.01,47.81,4.11,48.86,47.81,52.64,47.81,48.86,31.43,0.01,0.01,23.84,47.81,52.64
2022-11-13 00:00:00+00:00,54.63,54.63,0.2,0.2,71.77,4.53,71.73,71.77,76.54,71.77,71.73,70.52,15.58,0.2,34.9,71.77,76.54
2022-11-14 00:00:00+00:00,69.02,69.02,10.18,10.18,89.61,6.52,89.65,89.61,93.14,89.61,89.65,124.62,40.8,10.18,42.19,89.61,93.14
2022-11-15 00:00:00+00:00,85.67,85.67,15.97,15.97,112.47,11.09,110.5,112.47,110.19,112.47,110.5,113.7,75.91,15.97,54.82,112.47,110.19
2022-11-16 00:00:00+00:00,99.54,99.54,14.95,14.95,128.95,26.9,126.94,128.95,127.14,128.95,126.94,46.1,96.71,14.95,57.27,128.95,127.14
2022-11-17 00:00:00+00:00,123.87,123.87,26.17,26.17,140.37,37.37,144.9,140.37,142.41,140.37,144.9,0.01,130.34,26.17,59.08,140.37,142.41
2022-11-18 00:00:00+00:00,146.05,146.05,49.88,49.88,147.49,49.98,163.97,147.49,169.09,147.49,163.97,0.01,156.42,49.88,67.6,147.49,169.09
2022-11-19 00:00:00+00:00,159.28,159.28,64.9,64.9,154.23,60.17,177.77,154.23,186.37,154.23,177.77,0.01,200.74,64.9,75.37,154.23,186.37
2022-11-20 00:00:00+00:00,157.61,157.61,83.84,83.84,145.2,66.6,182.73,145.2,179.56,145.2,182.73,90.94,220.34,83.84,81.3,145.2,179.56
2022-11-21 00:00:00+00:00,140.96,140.96,94.39,94.39,119.93,71.59,181.63,119.93,170.07,119.93,181.63,204.9,257.0,94.39,85.21,119.93,170.07
2022-11-22 00:00:00+00:00,121.4,121.4,99.54,99.54,106.91,71.81,181.49,106.91,165.54,106.91,181.49,262.52,190.53,99.54,90.29,106.91,165.54
2022-11-23 00:00:00+00:00,123.9,123.9,116.63,116.63,125.79,81.62,209.65,125.79,189.08,125.79,209.65,220.51,236.35,116.63,107.58,125.79,189.08
2022-11-24 00:00:00+00:00,127.97,127.97,134.01,134.01,142.24,102.89,241.61,142.24,221.8,142.24,241.61,209.64,249.97,134.01,127.14,142.24,221.8
2022-11-25 00:00:00+00:00,129.68,129.68,168.89,168.89,160.36,126.07,271.15,160.36,246.94,160.36,271.15,219.41,339.46,168.89,149.55,160.36,246.94
2022-11-26 00:00:00+00:00,126.62,126.62,187.58,187.58,170.08,135.06,291.77,170.08,261.88,170.08,291.77,213.25,275.38,187.58,167.46,170.08,261.88
2022-11-27 00:00:00+00:00,121.55,121.55,193.14,193.14,195.62,139.96,305.11,195.62,269.17,195.62,305.11,128.19,228.94,193.14,172.63,195.62,269.17
2022-11-28 00:00:00+00:00,120.1,120.1,204.85,204.85,232.86,159.67,324.79,232.86,287.19,232.86,324.79,79.4,174.64,204.85,166.01,232.86,287.19
2022-11-29 00:00:00+00:00,120.33,120.33,217.56,217.56,264.9,175.49,340.67,264.9,304.63,264.9,340.67,94.95,0.01,217.56,163.28,264.9,304.63
2022-11-30 00:00:00+00:00,109.49,109.49,229.45,229.45,278.18,180.35,340.15,278.18,329.17,278.18,340.15,50.45,0.01,229.45,160.75,278.18,329.17
2022-12-01 00:00:00+00:00,101.53,101.53,243.46,243.46,292.16,181.63,337.29,292.16,444.8,292.16,337.29,39.43,0.01,243.46,154.96,292.16,444.8
2022-12-02 00:00:00+00:00,99.67,99.67,259.07,259.07,311.29,190.87,346.08,311.29,581.31,311.29,346.08,0.01,0.01,259.07,158.17,311.29,581.31
2022-12-03 00:00:00+00:00,100.06,100.06,280.93,280.93,328.09,208.26,361.43,328.09,640.51,328.09,361.43,0.01,0.01,280.93,158.79,328.09,640.51
2022-12-04 00:00:00+00:00,109.26,109.26,307.96,307.96,343.6,222.32,377.87,343.6,664.05,343.6,377.87,150.98,0.01,307.96,164.55,343.6,664.05
2022-12-05 00:00:00+00:00,126.36,126.36,331.45,331.45,354.5,235.11,392.59,354.5,680.16,354.5,392.59,0.01,0.01,331.45,166.19,354.5,680.16
2022-12-06 00:00:00+00:00,144.71,144.71,361.05,361.05,380.34,262.06,422.05,380.34,719.48,380.34,422.05,0.01,0.01,361.05,167.07,380.34,719.48
2022-12-07 00:00:00+00:00,152.13,152.13,376.73,376.73,398.65,297.01,443.4,398.65,747.23,398.65,443.4,155.02,0.01,376.73,166.4,398.65,747.23
2022-12-08 00:00:00+00:00,154.15,154.15,392.38,392.38,418.4,333.44,466.1,418.4,778.99,418.4,466.1,300.62,0.01,392.38,175.91,418.4,778.99
2022-12-09 00:00:00+00:00,151.09,151.09,396.94,396.94,421.52,334.66,470.7,421.52,779.9,421.52,470.7,342.1,0.01,396.94,185.26,421.52,779.9
2022-12-10 00:00:00+00:00,147.75,147.75,407.53,407.53,422.56,335.93,474.14,422.56,780.03,422.56,474.14,472.08,0.01,407.53,209.0,422.56,780.03
2022-12-11 00:00:00+00:00,136.98,136.98,395.04,395.04,406.54,329.01,458.73,406.54,749.81,406.54,458.73,334.18,0.01,395.04,207.65,406.54,749.81
2022-12-12 00:00:00+00:00,123.82,123.82,378.92,378.92,387.9,315.7,439.02,387.9,714.5,387.9,439.02,255.92,0.01,378.92,202.5,387.9,714.5
2022-12-13 00:00:00+00:00,108.68,108.68,346.44,346.44,352.79,293.63,402.25,352.79,651.24,352.79,402.25,379.49,0.01,346.44,185.73,352.79,651.24
2022-12-14 00:00:00+00:00,99.37,99.37,309.74,309.74,316.1,274.17,362.37,316.1,584.0,316.1,362.37,443.59,0.01,309.74,165.11,316.1,584.0
2022-12-15 00:00:00+00:00,97.32,97.32,262.18,262.18,281.82,252.85,324.67,281.82,521.06,281.82,324.67,442.26,0.01,262.18,141.89,281.82,521.06
2022-12-16 00:00:00+00:00,86.37,86.37,219.24,219.24,253.63,230.73,293.26,253.63,467.15,253.63,293.26,348.96,0.01,219.24,135.67,253.63,467.15
2022-12-17 00:00:00+00:00,68.74,68.74,175.52,175.52,221.29,200.03,257.44,221.29,406.59,221.29,257.44,292.76,0.01,175.52,126.3,221.29,406.59
2022-12-18 00:00:00+00:00,62.19,62.19,147.27,147.27,208.68,183.86,239.6,208.68,377.07,208.68,239.6,170.38,0.01,147.27,128.7,208.68,377.07
2022-12-19 00:00:00+00:00,69.19,69.19,138.92,138.92,198.83,176.86,228.23,198.83,356.1,198.83,228.23,26.67,0.01,138.92,142.01,198.83,356.1
2022-12-20 00:00:00+00:00,75.28,75.28,136.07,136.07,185.23,167.1,213.47,185.23,329.38,185.23,213.47,0.01,0.01,136.07,148.8,185.23,329.38
2022-12-21 00:00:00+00:00,76.65,76.65,134.95,134.95,176.14,163.49,204.87,176.14,311.46,176.14,204.87,0.01,118.66,134.95,143.55,176.14,311.46
2022-12-22 00:00:00+00:00,71.87,71.87,118.23,118.23,161.47,153.85,189.49,161.47,283.84,161.47,189.49,0.01,104.08,118.23,137.61,161.47,283.84
2022-12-23 00:00:00+00:00,65.01,65.01,97.64,97.64,147.8,140.78,172.16,147.8,255.19,147.8,172.16,0.01,110.34,97.64,127.71,147.8,255.19
2022-12-24 00:00:00+00:00,56.49,56.49,85.76,85.76,134.79,125.51,155.6,134.79,229.04,134.79,155.6,75.46,114.52,85.76,114.08,134.79,229.04
2022-12-25 00:00:00+00:00,52.1,52.1,82.54,82.54,131.91,120.86,151.52,131.91,222.72,131.91,151.52,133.95,120.9,82.54,110.63,131.91,222.72
2022-12-26 00:00:00+00:00,47.79,47.79,74.06,74.06,130.07,119.94,148.8,130.07,218.38,130.07,148.8,135.62,131.03,74.06,109.41,130.07,218.38
2022-12-27 00:00:00+00:00,46.89,46.89,67.08,67.08,137.78,129.83,156.14,137.78,228.4,137.78,156.14,169.79,182.73,67.08,115.5,137.78,228.4
2022-12-28 00:00:00+00:00,44.57,44.57,57.46,57.46,140.67,133.47,158.29,140.67,231.4,140.67,158.29,165.69,231.4,57.46,116.94,140.67,231.4
2022-12-29 00:00:00+00:00,41.49,41.49,45.15,45.15,139.93,135.31,156.9,139.93,229.79,139.93,156.9,141.2,229.79,45.15,115.15,139.93,229.79
2022-12-30 00:00:00+00:00,41.23,41.23,35.74,35.74,147.55,146.88,165.35,147.55,241.76,147.55,165.35,122.56,241.76,35.74,119.47,147.55,241.76
2022-12-31 00:00:00+00:00,40.27,40.27,27.63,27.63,152.74,153.99,170.2,152.74,248.59,152.74,170.2,128.48,248.59,27.63,122.92,152.74,248.59
2023-01-01 00:00:00+00:00,37.86,37.86,13.72,13.72,141.53,152.59,165.39,141.53,242.37,141.53,165.39,90.29,242.37,13.72,121.18,141.53,242.37
2023-01-02 00:00:00+00:00,37.42,37.42,3.66,3.66,129.56,139.54,160.95,129.56,232.76,129.56,160.95,0.01,232.76,3.66,116.38,129.56,232.76
2023-01-03 00:00:00+00:00,35.84,35.84,0.01,0.01,126.35,137.81,158.27,126.35,228.19,126.35,158.27,61.89,208.06,0.01,114.58,126.35,228.19
2023-01-04 00:00:00+00:00,33.71,33.71,0.01,0.01,120.44,133.52,153.56,120.44,221.01,120.44,153.56,110.5,187.01,0.01,111.8,120.44,221.01
2023-01-05 00:00:00+00:00,32.58,32.58,0.01,0.01,117.47,130.56,150.42,117.47,215.95,117.47,150.42,18.68,188.96,0.01,110.69,117.47,215.95
2023-01-06 00:00:00+00:00,28.84,28.84,0.01,0.01,108.56,119.7,139.3,108.56,200.96,108.56,139.3,71.08,159.39,0.01,104.91,108.56,200.96
2023-01-07 00:00:00+00:00,25.9,25.9,0.01,0.01,101.36,111.07,131.38,101.36,190.09,101.36,131.38,121.22,148.77,0.01,100.43,101.36,190.09
2023-01-08 00:00:00+00:00,25.73,25.73,0.01,0.01,99.69,109.59,130.09,99.69,188.76,99.69,130.09,66.17,153.81,0.01,99.93,99.69,188.76
2023-01-09 00:00:00+00:00,26.68,26.68,0.01,0.01,99.17,108.29,129.08,99.17,187.2,99.17,129.08,0.01,115.88,0.01,99.96,99.17,187.2
2023-01-10 00:00:00+00:00,26.57,26.57,0.01,0.01,99.87,108.01,129.62,99.87,188.42,99.87,129.62,25.66,58.89,0.01,101.17,99.87,188.42
2023-01-11 00:00:00+00:00,25.43,25.43,0.01,0.01,101.16,107.1,130.5,101.16,190.02,101.16,130.5,0.01,0.01,0.01,102.29,101.16,190.02
2023-01-12 00:00:00+00:00,25.67,25.67,0.01,0.01,107.41,111.09,137.9,107.41,200.49,107.41,137.9,9.4,5.9,0.01,108.06,107.41,200.49
2023-01-13 00:00:00+00:00,26.66,26.66,0.01,0.01,116.68,119.05,148.82,116.68,217.1,116.68,148.82,103.91,0.01,0.01,117.78,116.68,217.1
2023-01-14 00:00:00+00:00,28.05,28.05,0.01,0.01,127.28,129.6,162.69,127.28,237.43,127.28,162.69,164.83,25.66,0.01,130.78,127.28,237.43
2023-01-15 00:00:00+00:00,30.19,30.19,0.01,0.01,136.34,137.77,173.38,136.34,252.53,136.34,173.38,133.7,35.07,0.01,141.77,136.34,252.53
2023-01-16 00:00:00+00:00,34.38,34.38,0.01,0.01,148.43,149.91,188.87,148.43,273.66,148.43,188.87,74.58,60.8,0.01,154.86,148.43,273.66
2023-01-17 00:00:00+00:00,37.76,37.76,0.01,0.01,158.68,158.85,200.06,158.68,288.94,158.68,200.06,0.01,46.22,0.01,163.91,158.68,288.94
2023-01-18 00:00:00+00:00,41.77,41.77,0.01,0.01,167.69,166.88,210.46,167.69,302.07,167.69,210.46,126.35,43.15,0.01,171.65,167.69,302.07
2023-01-19 00:00:00+00:00,45.45,45.45,11.64,11.64,169.49,168.21,212.02,169.49,301.99,169.49,212.02,74.5,25.16,11.64,171.62,169.49,301.99
2023-01-20 00:00:00+00:00,48.68,48.68,32.62,32.62,168.45,166.73,209.56,168.45,296.97,168.45,209.56,0.01,10.6,32.62,169.13,168.45,296.97
2023-01-21 00:00:00+00:00,52.22,52.22,37.54,37.54,169.41,165.85,208.89,169.41,294.7,169.41,208.89,64.46,19.01,37.54,168.35,169.41,294.7
2023-01-22 00:00:00+00:00,54.32,54.32,36.44,36.44,166.5,160.51,203.24,166.5,285.76,166.5,203.24,46.86,9.85,36.44,164.34,166.5,285.76
2023-01-23 00:00:00+00:00,55.1,55.1,39.03,39.03,160.92,153.2,194.17,160.92,271.97,160.92,194.17,0.01,11.82,39.03,157.45,160.92,271.97
2023-01-24 00:00:00+00:00,52.34,52.34,35.0,35.0,146.02,137.5,174.43,146.02,243.48,146.02,174.43,37.94,0.01,35.0,141.25,146.02,243.48
2023-01-25 00:00:00+00:00,50.94,50.94,30.53,30.53,135.23,125.07,160.21,135.23,222.17,135.23,160.21,66.64,0.01,30.53,128.63,135.23,222.17
2023-01-26 00:00:00+00:00,52.57,52.57,29.88,29.88,132.13,119.38,154.8,132.13,212.84,132.13,154.8,49.62,0.01,29.88,122.25,132.13,212.84
2023-01-27 00:00:00+00:00,56.31,56.31,17.98,17.98,135.71,122.0,158.47,135.71,216.3,135.71,158.47,0.01,0.01,17.98,124.03,135.71,216.3
2023-01-28 00:00:00+00:00,54.83,54.83,0.01,0.01,130.9,116.52,151.19,130.9,204.83,130.9,151.19,11.15,0.01,0.01,119.27,130.9,204.83
2023-01-29 00:00:00+00:00,56.49,56.49,0.01,0.01,136.14,117.69,156.49,136.14,210.09,136.14,156.49,66.84,0.01,0.01,126.73,136.14,210.09
2023-01-30 00:00:00+00:00,58.5,58.5,0.01,0.01,140.62,118.08,161.17,140.62,215.33,140.62,161.17,67.52,16.89,0.01,134.98,140.62,215.33
2023-01-31 00:00:00+00:00,64.03,64.03,0.01,0.01,153.75,126.79,175.35,153.75,232.98,153.75,175.35,44.64,52.61,0.01,148.77,153.75,232.98
2023-02-01 00:00:00+00:00,67.21,67.21,0.01,0.01,161.37,130.88,181.27,161.37,239.38,161.37,181.27,0.01,45.4,0.01,154.16,161.37,239.38
2023-02-02 00:00:00+00:00,69.63,69.63,0.01,0.01,168.33,132.95,183.96,168.33,242.67,168.33,183.96,0.01,46.83,0.01,156.91,168.33,242.67
2023-02-03 00:00:00+00:00,66.84,66.84,0.01,0.01,163.77,127.94,174.23,163.77,229.53,163.77,174.23,45.89,35.02,0.01,149.26,163.77,229.53
2023-02-04 00:00:00+00:00,67.62,67.62,0.01,0.01,165.29,128.55,172.49,165.29,225.62,165.29,172.49,96.66,21.29,0.01,147.21,165.29,225.62
2023-02-05 00:00:00+00:00,66.15,66.15,0.01,0.01,159.06,124.24,165.3,159.06,214.55,159.06,165.3,112.92,10.21,0.01,140.8,159.06,214.55
2023-02-06 00:00:00+00:00,66.87,66.87,0.01,0.01,157.95,125.3,164.08,157.95,211.96,157.95,164.08,86.82,16.31,0.01,139.68,157.95,211.96
2023-02-07 00:00:00+00:00,64.24,64.24,0.01,0.01,149.88,120.96,156.01,149.88,200.72,149.88,156.01,97.86,12.55,0.01,131.98,149.88,200.72
2023-02-08 00:00:00+00:00,64.44,64.44,0.01,0.01,151.93,124.45,158.94,151.93,203.67,151.93,158.94,106.32,0.01,0.01,133.52,151.93,203.67
2023-02-09 00:00:00+00:00,64.03,64.03,8.07,8.07,153.49,125.64,160.39,153.49,205.13,153.49,160.39,177.15,23.68,8.07,134.71,153.49,205.13
2023-02-10 00:00:00+00:00,65.53,65.53,21.77,21.77,158.8,128.22,165.56,158.8,211.49,158.8,165.56,146.81,60.43,21.77,139.4,158.8,211.49
2023-02-11 00:00:00+00:00,66.15,66.15,19.84,19.84,158.4,126.92,164.48,158.4,209.62,158.4,164.48,100.98,75.47,19.84,136.81,158.4,209.62
2023-02-12 00:00:00+00:00,68.16,68.16,30.01,30.01,159.36,128.04,165.61,159.36,210.44,159.36,165.61,95.37,61.9,30.01,135.33,159.36,210.44
2023-02-13 00:00:00+00:00,69.65,69.65,47.96,47.96,159.06,127.48,164.83,159.06,208.76,159.06,164.83,52.19,63.79,47.96,132.3,159.06,208.76
2023-02-14 00:00:00+00:00,67.94,67.94,55.79,55.79,152.0,121.81,156.97,152.0,198.04,152.0,156.97,53.74,52.42,55.79,124.16,152.0,198.04
2023-02-15 00:00:00+00:00,66.43,66.43,60.65,60.65,146.28,117.8,150.81,146.28,189.38,146.28,150.81,44.32,50.13,60.65,118.07,146.28,189.38
2023-02-16 00:00:00+00:00,66.86,66.86,63.2,63.2,146.26,115.34,150.69,146.26,188.24,146.26,150.69,96.54,50.69,63.2,117.97,146.26,188.24
2023-02-17 00:00:00+00:00,66.06,66.06,62.24,62.24,143.29,111.18,150.32,143.29,186.58,143.29,150.32,186.58,50.24,62.24,118.51,143.29,186.58
2023-02-18 00:00:00+00:00,67.72,67.72,62.49,62.49,143.66,113.01,154.02,143.66,189.95,143.66,154.02,143.97,94.97,62.49,121.22,143.66,189.95
2023-02-19 00:00:00+00:00,66.99,66.99,60.21,60.21,142.06,111.63,154.17,142.06,189.63,142.06,154.17,172.6,106.38,60.21,120.93,142.06,189.63
2023-02-20 00:00:00+00:00,65.59,65.59,60.68,60.68,141.5,112.81,155.49,141.5,191.21,141.5,155.49,160.83,95.61,60.68,120.3,141.5,191.21
2023-02-21 00:00:00+00:00,68.02,68.02,71.09,71.09,150.69,124.24,166.75,150.69,203.98,150.69,166.75,118.2,159.88,71.09,126.73,150.69,203.98
2023-02-22 00:00:00+00:00,67.27,67.27,79.13,79.13,156.45,129.44,170.84,156.45,207.87,156.45,170.84,104.63,140.31,79.13,128.23,156.45,207.87
2023-02-23 00:00:00+00:00,66.28,66.28,85.97,85.97,163.42,131.79,173.95,163.42,210.99,163.42,173.95,117.77,137.96,85.97,130.67,163.42,210.99
2023-02-24 00:00:00+00:00,64.07,64.07,91.16,91.16,166.42,129.17,175.73,166.42,212.02,166.42,175.73,120.47,129.81,91.16,133.81,166.42,212.02
2023-02-25 00:00:00+00:00,62.39,62.39,97.16,97.16,170.67,130.51,179.32,170.67,214.7,170.67,179.32,171.78,127.79,97.16,138.2,170.67,214.7
2023-02-26 00:00:00+00:00,60.91,60.91,103.68,103.68,176.0,134.52,183.53,176.0,218.13,176.0,183.53,163.07,136.34,103.68,141.84,176.0,218.13
2023-02-27 00:00:00+00:00,59.07,59.07,111.39,111.39,181.79,141.31,188.38,181.79,222.64,181.79,188.38,113.18,130.52,111.39,145.81,181.79,222.64
2023-02-28 00:00:00+00:00,58.95,58.95,116.8,116.8,191.52,147.98,195.35,191.52,229.18,191.52,195.35,114.59,137.52,116.8,151.01,191.52,229.18
2023-03-01 00:00:00+00:00,54.69,54.69,115.46,115.46,195.75,146.29,193.74,195.75,226.74,195.75,193.74,50.0,153.87,115.46,150.74,195.75,226.74
2023-03-02 00:00:00+00:00,56.26,56.26,117.24,117.24,207.37,149.93,198.88,207.37,231.24,207.37,198.88,82.08,192.71,117.24,155.17,207.37,231.24
2023-03-03 00:00:00+00:00,57.77,57.77,118.42,118.42,217.57,150.95,203.95,217.57,235.12,217.57,203.95,174.23,235.12,118.42,159.56,217.57,235.12
2023-03-04 00:00:00+00:00,59.06,59.06,119.18,119.18,224.31,156.6,208.69,224.31,237.64,224.31,208.69,216.39,237.64,119.18,161.93,224.31,237.64
2023-03-05 00:00:00+00:00,60.39,60.39,118.71,118.71,228.27,161.51,209.84,228.27,236.69,228.27,209.84,133.43,236.69,118.71,161.21,228.27,236.69
2023-03-06 00:00:00+00:00,60.18,60.18,115.22,115.22,223.64,158.14,204.44,223.64,229.6,223.64,204.44,122.67,229.6,115.22,157.51,223.64,229.6
2023-03-07 00:00:00+00:00,57.5,57.5,107.16,107.16,211.38,152.47,191.8,211.38,214.43,211.38,191.8,117.8,214.43,107.16,148.09,211.38,214.43
2023-03-08 00:00:00+00:00,58.2,58.2,103.8,103.8,210.62,155.59,189.52,210.62,210.62,210.62,189.52,106.19,210.62,103.8,145.33,210.62,210.62
2023-03-09 00:00:00+00:00,58.9,58.9,99.11,99.11,202.66,153.66,183.7,202.66,202.66,202.66,183.7,107.91,202.66,99.11,140.32,202.66,202.66
2023-03-10 00:00:00+00:00,59.68,59.68,95.16,95.16,195.73,150.79,179.13,195.73,195.73,195.73,179.13,56.45,195.73,95.16,135.42,195.73,195.73
2023-03-11 00:00:00+00:00,60.56,60.56,92.7,92.7,189.77,142.79,175.98,189.77,189.77,189.77,175.98,64.92,189.77,92.7,132.56,189.77,189.77
2023-03-12 00:00:00+00:00,62.78,62.78,93.43,93.43,188.96,132.66,177.3,188.96,188.96,188.96,177.3,104.79,188.96,93.43,134.1,188.96,188.96
2023-03-13 00:00:00+00:00,65.69,65.69,94.58,94.58,189.74,122.32,178.7,189.74,189.74,189.74,178.7,114.64,189.74,94.58,137.01,189.74,189.74
2023-03-14 00:00:00+00:00,70.22,70.22,98.26,98.26,194.94,120.28,184.67,194.94,194.94,194.94,184.67,99.8,194.94,98.26,143.07,194.94,194.94
2023-03-15 00:00:00+00:00,73.43,73.43,99.09,99.09,196.48,119.18,186.97,196.48,196.48,196.48,186.97,35.37,196.48,99.09,146.24,196.48,196.48
2023-03-16 00:00:00+00:00,73.67,73.67,95.41,95.41,189.12,113.45,180.63,189.12,189.12,189.12,180.63,50.9,189.12,95.41,142.59,189.12,189.12
2023-03-17 00:00:00+00:00,74.23,74.23,92.39,92.39,182.65,109.46,175.26,182.65,182.65,182.65,175.26,33.45,182.65,92.39,138.18,182.65,182.65
2023-03-18 00:00:00+00:00,75.24,75.24,89.62,89.62,177.54,111.01,171.26,177.54,177.54,177.54,171.26,24.62,177.54,89.62,134.0,177.54,177.54
2023-03-19 00:00:00+00:00,74.11,74.11,84.78,84.78,168.8,109.35,163.33,168.8,168.8,168.8,163.33,62.87,168.8,84.78,127.04,168.8,168.8
2023-03-20 00:00:00+00:00,75.16,75.16,82.29,82.29,164.82,109.48,159.78,164.82,164.82,164.82,159.78,105.7,164.82,82.29,123.7,164.82,164.82
2023-03-21 00:00:00+00:00,76.6,76.6,80.75,80.75,161.13,105.2,156.78,161.13,161.13,161.13,156.78,161.13,161.13,80.75,121.96,161.13,161.13
2023-03-22 00:00:00+00:00,79.95,79.95,82.18,82.18,164.82,102.37,160.74,164.82,164.82,164.82,160.74,160.68,164.82,82.18,126.35,164.82,164.82
2023-03-23 00:00:00+00:00,85.45,85.45,85.57,85.57,173.66,109.78,169.75,173.66,173.66,173.66,169.75,117.04,173.66,85.57,134.69,173.66,173.66
2023-03-24 00:00:00+00:00,88.22,88.22,87.3,87.3,178.24,121.84,174.63,178.24,178.24,178.24,174.63,152.77,178.24,87.3,136.31,178.24,178.24
2023-03-25 00:00:00+00:00,91.73,91.73,90.54,90.54,176.82,139.22,182.45,176.82,185.29,176.82,182.45,185.29,179.5,90.54,141.54,176.82,185.29
2023-03-26 00:00:00+00:00,94.83,94.83,93.48,93.48,176.55,147.67,190.02,176.55,191.41,176.55,190.02,147.61,185.43,93.48,148.57,176.55,191.41
2023-03-27 00:00:00+00:00,96.34,96.34,95.27,95.27,177.66,144.99,194.33,177.66,194.69,177.66,194.33,101.39,194.69,95.27,156.82,177.66,194.69
2023-03-28 00:00:00+00:00,99.47,99.47,97.98,97.98,187.17,140.31,201.25,187.17,201.25,187.17,201.25,0.01,143.75,97.98,169.72,187.17,201.25
2023-03-29 00:00:00+00:00,100.58,100.58,98.78,98.78,192.31,131.24,203.7,192.31,203.7,192.31,203.7,0.01,113.16,98.78,178.63,192.31,203.7
2023-03-30 00:00:00+00:00,101.16,101.16,99.78,99.78,191.96,124.12,204.92,191.96,204.92,191.96,204.92,97.6,93.92,99.78,183.83,191.96,204.92
2023-03-31 00:00:00+00:00,103.64,103.64,102.73,102.73,192.73,105.26,210.03,192.73,210.03,192.73,210.03,107.42,133.65,102.73,193.64,192.73,210.03
2023-04-01 00:00:00+00:00,104.34,104.34,103.77,103.77,189.3,105.09,211.5,189.3,211.5,189.3,211.5,144.0,165.07,103.77,200.2,189.3,211.5
2023-04-02 00:00:00+00:00,106.11,106.11,106.84,106.84,187.08,116.0,216.99,187.08,216.99,187.08,216.99,216.99,212.27,106.84,207.24,187.08,216.99
2023-04-03 00:00:00+00:00,105.53,105.53,107.71,107.71,182.97,148.04,217.45,182.97,217.45,182.97,217.45,217.45,217.45,107.71,205.7,182.97,217.45
2023-04-04 00:00:00+00:00,96.01,96.01,98.72,98.72,164.17,149.55,198.07,164.17,198.07,164.17,198.07,180.74,198.07,98.72,186.78,164.17,198.07
2023-04-05 00:00:00+00:00,90.51,90.51,93.19,93.19,152.59,138.52,186.43,152.59,186.43,152.59,186.43,126.18,186.43,93.19,178.13,152.59,186.43
2023-04-06 00:00:00+00:00,87.89,87.89,90.77,90.77,147.98,131.91,180.87,147.98,180.87,147.98,180.87,121.68,180.87,90.77,175.14,147.98,180.87
2023-04-07 00:00:00+00:00,85.82,85.82,88.8,88.8,145.14,123.22,176.3,145.14,176.3,145.14,176.3,122.19,176.3,88.8,173.57,145.14,176.3
2023-04-08 00:00:00+00:00,85.79,85.79,89.1,89.1,145.62,111.79,176.35,145.62,176.35,145.62,176.35,166.09,176.35,89.1,176.35,145.62,176.35
2023-04-09 00:00:00+00:00,84.32,84.32,88.13,88.13,141.11,108.67,174.11,141.11,174.11,141.11,174.11,155.86,174.11,88.13,174.11,141.11,174.11
2023-04-10 00:00:00+00:00,84.73,84.73,87.49,87.49,137.8,106.4,175.73,137.8,175.73,137.8,175.73,150.62,175.73,87.49,175.73,137.8,175.73
2023-04-11 00:00:00+00:00,93.42,93.42,94.21,94.21,148.31,140.27,194.47,148.31,194.47,148.31,194.47,164.77,194.47,94.21,194.47,148.31,194.47
2023-04-12 00:00:00+00:00,96.46,96.46,94.62,94.62,159.16,198.75,201.05,159.16,201.05,159.16,201.05,182.75,201.05,94.62,201.05,159.16,201.05
2023-04-13 00:00:00+00:00,96.17,96.17,89.63,89.63,163.54,192.79,200.43,163.54,200.43,163.54,200.43,200.43,200.43,89.63,200.43,163.54,200.43
2023-04-14 00:00:00+00:00,97.17,97.17,84.43,84.43,171.82,184.75,201.12,171.82,201.12,171.82,201.12,201.12,134.07,84.43,201.12,171.82,201.12
2023-04-15 00:00:00+00:00,95.91,95.91,77.93,77.93,180.94,197.34,198.04,180.94,198.04,180.94,198.04,198.04,81.54,77.93,195.89,180.94,198.04
2023-04-16 00:00:00+00:00,93.66,93.66,71.99,71.99,187.56,194.21,194.21,187.56,194.21,187.56,194.21,194.21,44.39,71.99,191.83,187.56,194.21
2023-04-17 00:00:00+00:00,90.97,90.97,66.97,66.97,189.16,189.16,189.16,189.16,189.16,189.16,189.16,189.16,6.41,66.97,189.16,189.16,189.16
2023-04-18 00:00:00+00:00,89.86,89.86,64.15,64.15,186.4,168.42,186.4,186.4,186.4,186.4,186.4,186.4,0.01,64.15,186.4,186.4,186.4
2023-04-19 00:00:00+00:00,88.69,88.69,63.06,63.06,183.29,118.9,183.29,183.29,183.29,183.29,183.29,183.29,0.01,63.06,183.29,183.29,183.29
2023-04-20 00:00:00+00:00,89.33,89.33,63.33,63.33,184.3,122.9,184.3,184.3,184.3,184.3,184.3,184.3,0.01,63.33,184.3,184.3,184.3
2023-04-21 00:00:00+00:00,90.55,90.55,63.95,63.95,186.78,144.31,186.78,186.78,186.78,186.78,186.78,146.62,5.66,63.95,186.78,186.78,186.78
2023-04-22 00:00:00+00:00,91.86,91.86,64.23,64.23,190.0,130.44,190.0,190.0,190.0,190.0,190.0,103.02,8.63,64.23,190.0,190.0,190.0
2023-04-23 00:00:00+00:00,93.04,93.04,63.53,63.53,193.01,119.57,193.01,193.01,193.01,193.01,193.01,73.85,1.77,63.53,193.01,193.01,193.01
2023-04-24 00:00:00+00:00,93.01,93.01,63.07,63.07,193.48,116.49,193.48,193.48,193.48,193.48,193.48,22.5,0.01,63.07,193.48,193.48,193.48
2023-04-25 00:00:00+00:00,91.36,91.36,62.81,62.81,190.49,113.12,190.49,190.49,190.49,190.49,190.49,2.24,0.01,62.81,190.49,190.49,190.49
2023-04-26 00:00:00+00:00,93.13,93.13,66.02,66.02,194.57,118.28,194.57,194.57,194.57,194.57,194.57,0.01,0.01,66.02,189.21,194.57,194.57
2023-04-27 00:00:00+00:00,93.36,93.36,68.28,68.28,190.42,126.91,195.06,190.42,195.06,190.42,195.06,0.01,0.01,68.28,181.97,190.42,195.06
2023-04-28 00:00:00+00:00,91.35,91.35,69.18,69.18,186.33,135.56,191.88,186.33,191.88,186.33,191.88,19.17,0.01,69.18,168.66,186.33,191.88
2023-04-29 00:00:00+00:00,88.12,88.12,68.08,68.08,176.52,146.96,185.59,176.52,185.59,176.52,185.59,0.01,5.09,68.08,157.42,176.52,185.59
2023-04-30 00:00:00+00:00,86.05,86.05,68.03,68.03,169.21,167.8,181.78,169.21,181.78,169.21,181.78,13.7,28.13,68.03,150.16,169.21,181.78
2023-05-01 00:00:00+00:00,84.16,84.16,68.8,68.8,161.3,179.11,179.11,161.3,179.11,161.3,179.11,49.82,43.5,68.8,143.01,161.3,179.11
2023-05-02 00:00:00+00:00,82.67,82.67,70.6,70.6,161.72,178.49,178.49,161.72,178.49,161.72,178.49,92.12,46.28,70.6,139.1,161.72,178.49
2023-05-03 00:00:00+00:00,78.7,78.7,69.72,69.72,165.76,172.39,172.39,165.76,172.39,165.76,172.39,99.51,62.36,69.72,131.71,165.76,172.39
2023-05-04 00:00:00+00:00,75.98,75.98,68.6,68.6,167.23,167.23,167.23,167.23,167.23,167.23,167.23,92.91,66.2,68.6,125.52,167.23,167.23
2023-05-05 00:00:00+00:00,75.11,75.11,68.52,68.52,165.52,165.52,165.52,165.52,165.52,165.52,165.52,120.15,63.45,68.52,122.99,165.52,165.52
2023-05-06 00:00:00+00:00,74.78,74.78,68.66,68.66,164.67,164.67,164.67,164.67,164.67,164.67,164.67,115.07,60.38,68.66,122.85,164.67,164.67
2023-05-07 00:00:00+00:00,73.09,73.09,67.06,67.06,159.78,159.78,159.78,159.78,159.78,159.78,159.78,149.0,66.82,67.06,118.76,159.78,159.78
2023-05-08 00:00:00+00:00,72.81,72.81,64.07,64.07,156.11,156.11,156.11,156.11,156.11,156.11,156.11,156.11,75.76,64.07,114.04,156.11,156.11
2023-05-09 00:00:00+00:00,73.6,73.6,61.73,61.73,154.24,154.24,154.24,154.24,154.24,154.24,154.24,137.47,74.04,61.73,108.49,154.24,154.24
2023-05-10 00:00:00+00:00,70.11,70.11,57.78,57.78,145.75,124.82,145.75,145.75,145.75,145.75,145.75,25.92,69.17,57.78,100.03,145.75,145.75
2023-05-11 00:00:00+00:00,65.49,65.49,53.42,53.42,136.34,87.67,136.34,136.34,136.34,136.34,136.34,0.01,45.45,53.42,92.21,136.34,136.34
2023-05-12 00:00:00+00:00,64.03,64.03,51.17,51.17,120.65,66.24,132.72,120.65,132.72,120.65,132.72,0.01,35.64,51.17,87.21,120.65,132.72
2023-05-13 00:00:00+00:00,64.3,64.3,50.41,50.41,102.4,65.29,132.6,102.4,127.86,102.4,132.6,37.12,18.34,50.41,84.02,102.4,127.86
2023-05-14 00:00:00+00:00,61.94,61.94,47.58,47.58,88.01,63.19,126.67,88.01,115.92,88.01,126.67,55.46,0.01,47.58,76.89,88.01,115.92
2023-05-15 00:00:00+00:00,57.63,57.63,43.72,43.72,76.59,61.31,117.83,76.59,104.3,76.59,117.83,80.89,0.01,43.72,70.88,76.59,104.3
2023-05-16 00:00:00+00:00,56.34,56.34,42.16,42.16,68.5,56.41,115.12,68.5,99.85,68.5,115.12,54.85,0.01,42.16,69.05,68.5,99.85
2023-05-17 00:00:00+00:00,56.54,56.54,41.8,41.8,67.11,62.44,115.29,67.11,99.64,67.11,115.29,31.0,0.01,41.8,69.3,67.11,99.64
2023-05-18 00:00:00+00:00,59.68,59.68,43.87,43.87,69.74,69.03,121.17,69.74,106.57,69.74,121.17,61.16,3.67,43.87,72.86,69.74,106.57
2023-05-19 00:00:00+00:00,56.12,56.12,41.41,41.41,63.33,63.62,113.66,63.33,101.02,63.33,113.66,17.59,35.23,41.41,67.71,63.33,101.02
2023-05-20 00:00:00+00:00,52.39,52.39,39.2,39.2,57.35,57.42,106.3,57.35,94.71,57.35,106.3,0.01,35.43,39.2,61.95,57.35,94.71
2023-05-21 00:00:00+00:00,53.27,53.27,40.57,40.57,57.77,56.74,108.65,57.77,96.84,57.77,108.65,0.01,43.74,40.57,61.5,57.77,96.84
2023-05-22 00:00:00+00:00,53.52,53.52,41.67,41.67,57.73,55.18,110.2,57.73,97.85,57.73,110.2,53.65,44.47,41.67,60.43,57.73,97.85
2023-05-23 00:00:00+00:00,48.13,48.13,38.25,38.25,51.39,48.95,99.96,51.39,89.19,51.39,99.96,0.01,39.57,38.25,54.17,51.39,89.19
2023-05-24 00:00:00+00:00,50.44,50.44,41.44,41.44,54.19,52.3,105.35,54.19,96.32,54.19,105.35,0.01,42.71,41.44,57.3,54.19,96.32
2023-05-25 00:00:00+00:00,47.55,47.55,40.09,40.09,50.44,50.04,99.73,50.44,93.76,50.44,99.73,10.64,27.83,40.09,54.43,50.44,93.76
2023-05-26 00:00:00+00:00,48.64,48.64,41.53,41.53,50.78,51.61,101.77,50.78,98.78,50.78,101.77,0.01,33.02,41.53,55.5,50.78,98.78
2023-05-27 00:00:00+00:00,50.95,50.95,44.08,44.08,51.66,52.89,105.58,51.66,104.44,51.66,105.58,0.01,39.53,44.08,57.24,51.66,104.44
2023-05-28 00:00:00+00:00,50.6,50.6,44.7,44.7,51.75,51.98,105.45,51.75,105.1,51.75,105.45,43.61,46.67,44.7,56.71,51.75,105.1
2023-05-29 00:00:00+00:00,52.02,52.02,46.52,46.52,55.78,54.13,109.2,55.78,109.81,55.78,109.2,28.53,52.06,46.52,58.56,55.78,109.81
2023-05-30 00:00:00+00:00,56.89,56.89,50.86,50.86,63.17,58.88,118.54,63.17,120.89,63.17,118.54,5.32,59.74,50.86,63.94,63.17,120.89
2023-05-31 00:00:00+00:00,57.26,57.26,50.47,50.47,64.98,58.01,117.44,64.98,121.96,64.98,117.44,30.19,61.02,50.47,64.07,64.98,121.96
2023-06-01 00:00:00+00:00,61.77,61.77,53.55,53.55,71.07,61.71,124.21,71.07,131.79,71.07,124.21,56.66,65.15,53.55,69.71,71.07,131.79
2023-06-02 00:00:00+00:00,64.62,64.62,56.89,56.89,75.48,63.75,127.65,75.48,137.25,75.48,127.65,54.91,67.23,56.89,73.48,75.48,137.25
2023-06-03 00:00:00+00:00,64.99,64.99,59.81,59.81,77.6,64.07,127.71,77.6,139.36,77.6,127.71,9.49,65.95,59.81,75.07,77.6,139.36
2023-06-04 00:00:00+00:00,64.13,64.13,62.13,62.13,78.22,59.62,125.32,78.22,139.38,78.22,125.32,0.01,69.69,62.13,74.16,78.22,139.38
2023-06-05 00:00:00+00:00,62.85,62.85,63.19,63.19,77.83,50.5,120.38,77.83,136.32,77.83,120.38,0.01,68.16,63.19,70.94,77.83,136.32
2023-06-06 00:00:00+00:00,63.67,63.67,65.77,65.77,79.61,47.09,119.55,79.61,137.0,79.61,119.55,67.83,67.45,65.77,71.09,79.61,137.0
2023-06-07 00:00:00+00:00,65.22,65.22,68.8,68.8,81.71,40.13,121.15,81.71,139.69,81.71,121.15,139.69,67.26,68.8,72.8,81.71,139.69
2023-06-08 00:00:00+00:00,66.58,66.58,71.49,71.49,84.19,30.59,122.55,84.19,142.49,84.19,122.55,82.77,82.73,71.49,73.85,84.19,142.49
2023-06-09 00:00:00+00:00,69.35,69.35,76.24,76.24,88.32,18.67,127.94,88.32,150.08,88.32,127.94,47.69,87.55,76.24,77.63,88.32,150.08
2023-06-10 00:00:00+00:00,72.31,72.31,81.09,81.09,91.76,0.43,134.59,91.76,159.07,91.76,134.59,53.73,113.63,81.09,82.39,91.76,159.07
2023-06-11 00:00:00+00:00,77.66,77.66,88.0,88.0,96.2,0.01,143.16,96.2,170.84,96.2,143.16,80.93,116.89,88.0,89.04,96.2,170.84
2023-06-12 00:00:00+00:00,84.96,84.96,96.53,96.53,101.39,0.01,152.86,101.39,184.17,101.39,152.86,103.6,138.14,96.53,97.27,101.39,184.17
2023-06-13 00:00:00+00:00,89.34,89.34,101.88,101.88,102.04,0.01,156.97,102.04,191.12,102.04,156.97,120.85,144.99,101.88,102.48,102.04,191.12
2023-06-14 00:00:00+00:00,93.99,93.99,107.55,107.55,102.43,0.01,161.63,102.43,198.95,102.43,161.63,198.95,145.4,107.55,107.37,102.43,198.95
2023-06-15 00:00:00+00:00,97.75,97.75,112.23,112.23,102.94,0.01,164.69,102.94,205.12,102.94,164.69,186.77,138.6,112.23,110.69,102.94,205.12
2023-06-16 00:00:00+00:00,98.92,98.92,115.54,115.54,102.93,8.86,164.55,102.93,207.23,102.93,164.55,79.85,151.98,115.54,111.42,102.93,207.23
2023-06-17 00:00:00+00:00,97.5,97.5,116.07,116.07,107.26,7.13,160.99,107.26,204.58,107.26,160.99,0.01,127.88,116.07,109.17,107.26,204.58
2023-06-18 00:00:00+00:00,95.05,95.05,115.77,115.77,108.76,6.07,156.04,108.76,199.99,108.76,156.04,75.26,115.79,115.77,105.09,108.76,199.99
2023-06-19 00:00:00+00:00,89.45,89.45,114.92,114.92,105.72,0.01,150.0,105.72,194.03,105.72,150.0,107.55,94.65,114.92,98.31,105.72,194.03
2023-06-20 00:00:00+00:00,82.1,82.1,113.42,113.42,102.68,0.01,144.56,102.68,188.44,102.68,144.56,83.08,94.22,113.42,93.43,102.68,188.44
2023-06-21 00:00:00+00:00,73.54,73.54,110.1,110.1,96.98,0.01,137.17,96.98,179.94,96.98,137.17,84.5,85.24,110.1,87.69,96.98,179.94
2023-06-22 00:00:00+00:00,67.15,67.15,108.86,108.86,94.6,0.01,132.73,94.6,174.56,94.6,132.73,85.03,84.05,108.86,83.84,94.6,174.56
2023-06-23 00:00:00+00:00,64.26,64.26,107.49,107.49,91.2,0.01,130.02,91.2,171.15,91.2,130.02,63.88,81.68,107.49,82.3,91.2,171.15
2023-06-24 00:00:00+00:00,62.7,62.7,106.19,106.19,88.07,0.01,128.47,88.07,169.09,88.07,128.47,78.05,81.82,106.19,80.97,88.07,169.09
2023-06-25 00:00:00+00:00,58.45,58.45,100.22,100.22,81.69,0.01,122.0,81.69,160.78,81.69,122.0,57.85,78.22,100.22,75.75,81.69,160.78
2023-06-26 00:00:00+00:00,49.95,49.95,89.69,89.69,67.46,0.01,109.77,67.46,145.3,67.46,109.77,9.11,68.01,89.69,66.84,67.46,145.3
2023-06-27 00:00:00+00:00,43.97,43.97,82.95,82.95,62.36,0.01,101.5,62.36,134.9,62.36,101.5,0.01,71.42,82.95,62.3,62.36,134.9
2023-06-28 00:00:00+00:00,40.11,40.11,81.25,81.25,62.13,0.01,98.84,62.13,131.71,62.13,98.84,38.42,85.62,81.25,61.33,62.13,131.71
2023-06-29 00:00:00+00:00,34.94,34.94,76.9,76.9,64.17,0.01,93.15,64.17,124.34,64.17,93.15,29.62,72.2,76.9,59.5,64.17,124.34
2023-06-30 00:00:00+00:00,31.13,31.13,74.33,74.33,74.07,0.01,90.64,74.07,120.37,74.07,90.64,45.08,47.1,74.33,62.0,74.07,120.37
2023-07-01 00:00:00+00:00,26.18,26.18,72.33,72.33,59.66,0.01,90.49,59.66,119.31,59.66,90.49,53.93,23.86,72.33,68.52,59.66,119.31
2023-07-02 00:00:00+00:00,22.94,22.94,74.13,74.13,55.75,0.01,97.23,55.75,126.89,55.75,97.23,57.99,31.72,74.13,79.57,55.75,126.89
2023-07-03 00:00:00+00:00,24.6,24.6,79.2,79.2,50.44,0.01,114.69,50.44,146.29,50.44,114.69,5.75,36.57,79.2,99.31,50.44,146.29
2023-07-04 00:00:00+00:00,27.65,27.65,79.49,79.49,54.57,0.01,127.33,54.57,157.64,54.57,127.33,0.01,58.55,79.49,113.2,54.57,157.64
2023-07-05 00:00:00+00:00,32.83,32.83,77.67,77.67,54.57,0.01,132.67,54.57,159.16,54.57,132.67,0.01,61.6,77.67,123.29,54.57,159.16
2023-07-06 00:00:00+00:00,36.97,36.97,75.59,75.59,53.33,1.51,134.75,53.33,158.74,53.33,134.75,42.65,82.82,75.59,129.07,53.33,158.74
2023-07-07 00:00:00+00:00,38.6,38.6,71.85,71.85,58.57,0.01,134.33,58.57,155.81,58.57,134.33,72.6,77.9,71.85,131.04,58.57,155.81
2023-07-08 00:00:00+00:00,39.55,39.55,68.35,68.35,62.94,0.01,133.47,62.94,152.37,62.94,133.47,69.82,72.18,68.35,132.6,62.94,152.37
2023-07-09 00:00:00+00:00,35.84,35.84,59.47,59.47,64.65,2.32,123.2,64.65,139.0,64.65,123.2,127.57,72.17,59.47,122.7,64.65,139.0
2023-07-10 00:00:00+00:00,27.13,27.13,47.38,47.38,56.46,0.31,104.67,56.46,117.48,56.46,104.67,98.96,58.74,47.38,101.73,56.46,117.48
2023-07-11 00:00:00+00:00,17.48,17.48,37.13,37.13,49.61,0.01,89.8,49.61,100.8,49.61,89.8,44.53,30.25,37.13,82.84,49.61,100.8
2023-07-12 00:00:00+00:00,11.35,11.35,31.88,31.88,52.13,0.01,84.43,52.13,94.61,52.13,84.43,40.95,63.72,31.88,76.83,52.13,94.61
2023-07-13 00:00:00+00:00,9.33,9.33,30.82,30.82,65.22,0.7,84.09,65.22,94.4,65.22,84.09,69.47,82.39,30.82,78.77,65.22,94.4
2023-07-14 00:00:00+00:00,7.33,7.33,26.23,26.23,63.81,0.01,79.37,63.81,89.2,63.81,79.37,70.2,66.58,26.23,67.46,63.81,89.2
2023-07-15 00:00:00+00:00,3.93,3.93,19.75,19.75,45.26,0.01,77.99,45.26,88.4,45.26,77.99,23.84,45.74,19.75,50.05,45.26,88.4
2023-07-16 00:00:00+00:00,0.01,0.01,14.22,14.22,44.67,0.01,85.04,44.67,97.41,44.67,85.04,0.01,56.04,14.22,42.34,44.67,97.41
2023-07-17 00:00:00+00:00,0.01,0.01,5.79,5.79,42.02,0.01,87.84,42.02,101.59,42.02,87.84,0.01,49.15,5.79,35.18,42.02,101.59
2023-07-18 00:00:00+00:00,0.01,0.01,0.01,0.01,49.05,1.09,94.42,49.05,109.41,49.05,94.42,29.54,52.7,0.01,35.65,49.05,109.41
2023-07-19 00:00:00+00:00,0.01,0.01,0.01,0.01,58.05,0.54,92.64,58.05,107.37,58.05,92.64,65.27,47.82,0.01,36.47,58.05,107.37
2023-07-20 00:00:00+00:00,0.01,0.01,0.01,0.01,60.17,0.76,91.0,60.17,105.48,60.17,91.0,67.54,37.85,0.01,38.85,60.17,105.48
2023-07-21 00:00:00+00:00,0.01,0.01,0.01,0.01,63.89,1.54,95.42,63.89,109.83,63.89,95.42,76.73,44.9,0.01,44.54,63.89,109.83
2023-07-22 00:00:00+00:00,0.01,0.01,0.01,0.01,69.61,3.69,95.64,69.61,109.69,69.61,95.64,92.52,4.93,0.01,43.95,69.61,109.69
2023-07-23 00:00:00+00:00,0.01,0.01,0.01,0.01,77.67,5.43,95.18,77.67,109.45,77.67,95.18,104.06,33.54,0.01,42.07,77.67,109.45
2023-07-24 00:00:00+00:00,0.01,0.01,0.01,0.01,97.86,7.56,96.53,97.86,111.54,97.86,96.53,113.44,52.69,0.01,45.18,97.86,111.54
2023-07-25 00:00:00+00:00,3.92,3.92,0.01,0.01,93.25,14.08,96.45,93.25,111.93,93.25,96.45,103.63,62.17,0.01,47.82,93.25,111.93
2023-07-26 00:00:00+00:00,10.57,10.57,0.01,0.01,91.83,22.37,99.16,91.83,115.68,91.83,99.16,103.16,99.48,0.01,53.32,91.83,115.68
2023-07-27 00:00:00+00:00,19.32,19.32,0.01,0.01,97.32,26.43,98.14,97.32,113.99,97.32,98.14,61.55,118.31,0.01,56.35,97.32,113.99
2023-07-28 00:00:00+00:00,23.3,23.3,0.01,0.01,102.43,27.19,90.39,102.43,103.89,102.43,90.39,17.39,84.5,0.01,54.78,102.43,103.89
2023-07-29 00:00:00+00:00,24.9,24.9,0.01,0.01,103.33,27.8,86.04,103.33,97.58,103.33,86.04,0.01,76.24,0.01,53.93,103.33,97.58
2023-07-30 00:00:00+00:00,27.84,27.84,0.01,0.01,98.67,29.12,87.35,98.67,98.43,98.67,87.35,25.44,59.38,0.01,58.32,98.67,98.43
2023-07-31 00:00:00+00:00,32.72,32.72,0.01,0.01,95.29,31.84,91.76,95.29,103.22,95.29,91.76,53.57,85.76,0.01,70.08,95.29,103.22
2023-08-01 00:00:00+00:00,31.33,31.33,3.09,3.09,71.61,28.95,80.97,71.61,91.16,71.61,80.97,65.61,73.87,3.09,72.31,71.61,91.16
2023-08-02 00:00:00+00:00,25.91,25.91,4.48,4.48,48.65,23.36,65.51,48.65,73.38,48.65,65.51,51.45,63.94,4.48,58.79,48.65,73.38
2023-08-03 00:00:00+00:00,22.46,22.46,5.33,5.33,36.14,19.83,56.56,36.14,62.6,36.14,56.56,36.71,53.06,5.33,50.56,36.14,62.6
2023-08-04 00:00:00+00:00,23.73,23.73,9.03,9.03,34.46,22.4,58.6,34.46,63.93,34.46,58.6,36.79,62.77,9.03,52.17,34.46,63.93
2023-08-05 00:00:00+00:00,24.65,24.65,9.97,9.97,36.21,24.93,61.22,36.21,65.94,36.21,61.22,25.04,61.15,9.97,55.99,36.21,65.94
2023-08-06 00:00:00+00:00,23.28,23.28,5.23,5.23,39.34,24.03,59.71,39.34,63.37,39.34,59.71,70.82,53.12,5.23,55.76,39.34,63.37
2023-08-07 00:00:00+00:00,23.66,23.66,0.01,0.01,35.14,20.98,60.16,35.14,62.14,35.14,60.16,72.07,28.82,0.01,52.46,35.14,62.14
2023-08-08 00:00:00+00:00,30.22,30.22,0.01,0.01,39.22,21.27,73.77,39.22,74.31,39.22,73.77,89.89,47.59,0.01,58.57,39.22,74.31
2023-08-09 00:00:00+00:00,37.4,37.4,0.01,0.01,43.2,24.15,90.42,43.2,90.24,43.2,90.42,111.52,76.3,0.01,72.48,43.2,90.24
2023-08-10 00:00:00+00:00,48.53,48.53,0.01,0.01,53.15,30.17,105.21,53.15,106.2,53.15,105.21,67.44,110.55,0.01,93.89,53.15,106.2
2023-08-11 00:00:00+00:00,54.83,54.83,0.01,0.01,63.61,38.72,112.59,63.61,113.33,63.61,112.59,45.2,123.86,0.01,102.62,63.61,113.33
2023-08-12 00:00:00+00:00,58.0,58.0,0.01,0.01,67.05,43.3,114.19,67.05,114.73,67.05,114.19,75.9,92.28,0.01,105.05,67.05,114.73
2023-08-13 00:00:00+00:00,57.49,57.49,0.01,0.01,64.26,42.83,109.57,64.26,109.36,64.26,109.57,137.38,77.85,0.01,100.97,64.26,109.36
2023-08-14 00:00:00+00:00,53.86,53.86,0.01,0.01,53.86,37.0,108.93,53.86,107.09,53.86,108.93,140.29,70.14,0.01,81.16,53.86,107.09
2023-08-15 00:00:00+00:00,48.34,48.34,0.01,0.01,38.15,29.58,105.07,38.15,101.97,38.15,105.07,140.75,59.71,0.01,64.45,38.15,101.97
2023-08-16 00:00:00+00:00,47.89,47.89,0.01,0.01,39.47,29.2,104.47,39.47,101.68,39.47,104.47,142.91,5.29,0.01,66.5,39.47,101.68
2023-08-17 00:00:00+00:00,49.33,49.33,0.01,0.01,47.18,29.59,105.13,47.18,102.69,47.18,105.13,144.25,0.01,0.01,69.3,47.18,102.69
2023-08-18 00:00:00+00:00,48.12,48.12,0.01,0.01,54.29,27.37,105.87,54.29,102.96,54.29,105.87,145.59,0.01,0.01,67.37,54.29,102.96
2023-08-19 00:00:00+00:00,44.57,44.57,0.01,0.01,55.79,19.53,107.06,55.79,102.5,55.79,107.06,148.01,37.01,0.01,54.64,55.79,102.5
2023-08-20 00:00:00+00:00,43.15,43.15,0.01,0.01,54.2,12.45,113.18,54.2,108.79,54.2,113.18,157.44,34.23,0.01,42.58,54.2,108.79
2023-08-21 00:00:00+00:00,43.94,43.94,0.01,0.01,49.13,11.25,115.0,49.13,110.99,49.13,115.0,160.78,0.01,0.01,39.49,49.13,110.99
2023-08-22 00:00:00+00:00,49.33,49.33,0.01,0.01,43.46,11.69,115.06,43.46,111.83,43.46,115.06,161.43,0.01,0.01,39.11,43.46,111.83
2023-08-23 00:00:00+00:00,56.45,56.45,7.76,7.76,52.91,12.88,115.21,52.91,112.61,52.91,115.21,162.03,0.01,7.76,44.79,52.91,112.61
2023-08-24 00:00:00+00:00,62.41,62.41,18.21,18.21,64.84,21.59,114.83,64.84,112.66,64.84,114.83,96.32,81.05,18.21,58.86,64.84,112.66
2023-08-25 00:00:00+00:00,60.71,60.71,26.06,26.06,79.74,26.27,113.95,79.74,111.67,79.74,113.95,71.84,80.78,26.06,62.88,79.74,111.67
2023-08-26 00:00:00+00:00,53.37,53.37,48.22,48.22,82.65,23.42,113.7,82.65,111.19,82.65,113.7,79.62,85.15,48.22,60.53,82.65,111.19
2023-08-27 00:00:00+00:00,49.49,49.49,61.65,61.65,81.29,19.32,111.83,81.29,109.04,81.29,111.83,140.27,86.07,61.65,58.67,81.29,109.04
2023-08-28 00:00:00+00:00,49.47,49.47,64.25,64.25,82.09,16.62,108.46,82.09,105.98,82.09,108.46,98.72,82.66,64.25,57.27,82.09,105.98
2023-08-29 00:00:00+00:00,53.73,53.73,65.22,65.22,97.39,17.53,108.23,97.39,106.67,97.39,108.23,94.22,83.96,65.22,57.54,97.39,106.67
2023-08-30 00:00:00+00:00,58.06,58.06,68.12,68.12,99.45,19.39,107.47,99.45,106.2,99.45,107.47,130.61,82.67,68.12,58.54,99.45,106.2
2023-08-31 00:00:00+00:00,60.66,60.66,69.59,69.59,103.73,21.81,105.5,103.73,104.73,103.73,105.5,86.7,93.36,69.59,60.6,103.73,104.73
2023-09-01 00:00:00+00:00,62.14,62.14,69.61,69.61,118.29,28.99,103.08,118.29,102.96,118.29,103.08,47.5,127.06,69.61,63.75,118.29,102.96
2023-09-02 00:00:00+00:00,61.87,61.87,72.04,72.04,134.41,33.72,101.55,134.41,101.43,134.41,101.55,25.05,125.36,72.04,64.53,134.41,101.43
2023-09-03 00:00:00+00:00,61.15,61.15,75.25,75.25,145.91,34.61,100.53,145.91,101.28,145.91,100.53,38.85,106.42,75.25,62.4,145.91,101.28
2023-09-04 00:00:00+00:00,64.43,64.43,77.62,77.62,149.23,37.33,100.89,149.23,102.16,149.23,100.89,56.01,70.91,77.62,59.83,149.23,102.16
2023-09-05 00:00:00+00:00,68.17,68.17,79.12,79.12,138.25,42.18,99.55,138.25,101.79,138.25,99.55,75.7,69.06,79.12,60.85,138.25,101.79
2023-09-06 00:00:00+00:00,70.57,70.57,79.85,79.85,133.59,47.59,98.78,133.59,102.61,133.59,98.78,72.6,70.83,79.85,61.26,133.59,102.61
2023-09-07 00:00:00+00:00,72.25,72.25,79.58,79.58,141.39,49.87,97.71,141.39,104.05,141.39,97.71,39.31,92.23,79.58,71.98,141.39,104.05
2023-09-08 00:00:00+00:00,75.5,75.5,81.69,81.69,143.26,52.3,97.57,143.26,104.19,143.26,97.57,20.21,143.26,81.69,77.57,143.26,104.19
2023-09-09 00:00:00+00:00,75.91,75.91,85.23,85.23,141.79,65.24,96.6,141.79,104.38,141.79,96.6,22.64,102.41,85.23,77.34,141.79,104.38
2023-09-10 00:00:00+00:00,74.32,74.32,89.38,89.38,141.03,70.88,95.95,141.03,103.75,141.03,95.95,66.95,95.9,89.38,76.87,141.03,103.75
2023-09-11 00:00:00+00:00,69.92,69.92,90.7,90.7,137.17,69.31,93.1,137.17,99.36,137.17,93.1,70.05,108.59,90.7,74.26,137.17,99.36
2023-09-12 00:00:00+00:00,62.84,62.84,83.58,83.58,122.45,62.44,82.96,122.45,88.76,122.45,82.96,56.71,91.83,83.58,68.09,122.45,88.76
2023-09-13 00:00:00+00:00,51.65,51.65,69.42,69.42,100.27,51.8,67.69,100.27,73.19,100.27,67.69,46.6,100.27,69.42,56.21,100.27,73.19
2023-09-14 00:00:00+00:00,42.99,42.99,55.54,55.54,79.3,41.47,53.39,79.3,58.02,79.3,53.39,40.36,79.3,55.54,45.58,79.3,58.02
2023-09-15 00:00:00+00:00,35.07,35.07,44.14,44.14,62.95,34.07,42.22,62.95,45.76,62.95,42.22,7.89,58.28,44.14,36.9,62.95,45.76
2023-09-16 00:00:00+00:00,27.54,27.54,34.32,34.32,49.3,26.97,32.74,49.3,35.25,49.3,32.74,2.71,47.25,34.32,29.07,49.3,35.25
2023-09-17 00:00:00+00:00,21.31,21.31,26.48,26.48,37.01,20.72,25.53,37.01,27.02,37.01,25.53,17.45,38.98,26.48,22.52,37.01,27.02
2023-09-18 00:00:00+00:00,16.03,16.03,20.23,20.23,26.64,15.5,19.81,26.64,20.37,26.64,19.81,18.05,26.62,20.23,16.89,26.64,20.37
2023-09-19 00:00:00+00:00,13.31,13.31,16.86,16.86,22.03,10.46,16.88,22.03,16.87,22.03,16.88,22.31,12.98,16.86,14.11,22.03,16.87
2023-09-20 00:00:00+00:00,15.1,15.1,21.12,21.12,27.6,8.6,21.77,27.6,20.85,27.6,21.77,33.75,12.92,21.12,16.68,27.6,20.85
2023-09-21 00:00:00+00:00,18.58,18.58,27.86,27.86,34.27,3.53,29.39,34.27,26.96,34.27,29.39,39.29,13.14,27.86,8.24,34.27,26.96
2023-09-22 00:00:00+00:00,20.9,20.9,29.89,29.89,32.52,1.4,31.48,32.52,28.61,32.52,31.48,16.33,9.16,29.89,4.4,32.52,28.61
2023-09-23 00:00:00+00:00,23.02,23.02,32.74,32.74,31.69,1.68,33.58,31.69,30.19,31.69,33.58,10.93,10.96,32.74,5.77,31.69,30.19
2023-09-24 00:00:00+00:00,21.63,21.63,31.78,31.78,28.39,1.61,31.67,28.39,28.21,28.39,31.67,27.6,13.46,31.78,6.98,28.39,28.21
2023-09-25 00:00:00+00:00,21.55,21.55,35.27,35.27,29.64,1.65,33.84,29.64,29.84,29.64,33.84,29.16,16.63,35.27,6.04,29.64,29.84
2023-09-26 00:00:00+00:00,24.67,24.67,43.32,43.32,35.47,2.42,39.7,35.47,34.68,35.47,39.7,28.39,25.98,43.32,5.66,35.47,34.68
2023-09-27 00:00:00+00:00,22.37,22.37,41.0,41.0,31.41,1.67,36.29,31.41,31.61,31.41,36.29,18.59,26.14,41.0,6.14,31.41,31.61
2023-09-28 00:00:00+00:00,17.13,17.13,33.24,33.24,22.34,0.14,28.9,22.34,25.62,22.34,28.9,11.91,25.01,33.24,2.46,22.34,25.62
2023-09-29 00:00:00+00:00,14.84,14.84,32.71,32.71,19.0,0.01,28.05,19.0,24.5,19.0,28.05,5.61,24.56,32.71,1.2,19.0,24.5
2023-09-30 00:00:00+00:00,11.18,11.18,27.15,27.15,14.03,3.14,23.23,14.03,19.87,14.03,23.23,3.89,23.53,27.15,7.35,14.03,19.87
2023-10-01 00:00:00+00:00,11.71,11.71,26.97,26.97,15.65,6.58,22.7,15.65,19.25,15.65,22.7,6.38,22.56,26.97,10.62,15.65,19.25
2023-10-02 00:00:00+00:00,14.29,14.29,29.23,29.23,18.66,7.05,24.16,18.66,20.18,18.66,24.16,14.66,20.29,29.23,11.98,18.66,20.18
2023-10-03 00:00:00+00:00,18.69,18.69,32.39,32.39,19.89,5.45,26.37,19.89,21.59,19.89,26.37,23.81,21.39,32.39,13.27,19.89,21.59
2023-10-04 00:00:00+00:00,25.85,25.85,39.72,39.72,26.01,9.42,31.61,26.01,25.56,26.01,31.61,31.21,26.47,39.72,23.45,26.01,25.56
2023-10-05 00:00:00+00:00,27.99,27.99,41.91,41.91,27.88,6.87,32.45,27.88,25.66,27.88,32.45,26.85,27.65,41.91,28.03,27.88,25.66
2023-10-06 00:00:00+00:00,30.03,30.03,45.94,45.94,29.8,5.24,34.52,29.8,27.23,29.8,34.52,23.14,29.55,45.94,30.24,29.8,27.23
2023-10-07 00:00:00+00:00,33.47,33.47,51.63,51.63,33.84,5.6,38.09,33.84,31.04,33.84,38.09,0.01,35.32,51.63,33.82,33.84,31.04
2023-10-08 00:00:00+00:00,32.43,32.43,49.6,49.6,32.22,6.63,36.29,32.22,30.02,32.22,36.29,0.01,35.04,49.6,32.44,32.22,30.02
2023-10-09 00:00:00+00:00,28.65,28.65,43.63,43.63,32.02,7.51,31.83,32.02,26.38,32.02,31.83,2.56,30.4,43.63,28.57,32.02,26.38
2023-10-10 00:00:00+00:00,27.17,27.17,42.08,42.08,30.23,7.21,30.81,30.23,25.05,30.23,30.81,0.01,26.22,42.08,27.72,30.23,25.05
2023-10-11 00:00:00+00:00,26.66,26.66,44.33,44.33,29.45,4.23,32.87,29.45,25.69,29.45,32.87,0.01,22.84,44.33,29.51,29.45,25.69
2023-10-12 00:00:00+00:00,31.05,31.05,52.56,52.56,31.26,1.23,39.65,31.26,28.93,31.26,39.65,0.01,32.37,52.56,34.7,31.26,28.93
2023-10-13 00:00:00+00:00,29.39,29.39,48.59,48.59,23.43,0.01,37.87,23.43,26.3,23.43,37.87,0.01,27.96,48.59,26.99,23.43,26.3
2023-10-14 00:00:00+00:00,28.15,28.15,47.75,47.75,17.85,0.01,38.11,17.85,26.6,17.85,38.11,7.63,14.03,47.75,19.53,17.85,26.6
2023-10-15 00:00:00+00:00,31.14,31.14,53.8,53.8,20.99,0.01,43.61,20.99,30.38,20.99,43.61,15.0,13.5,53.8,20.47,20.99,30.38
2023-10-16 00:00:00+00:00,34.53,34.53,58.65,58.65,26.53,0.01,47.5,26.53,32.75,26.53,47.5,32.83,19.35,58.65,21.19,26.53,32.75
2023-10-17 00:00:00+00:00,39.42,39.42,66.14,66.14,37.23,0.01,52.75,37.23,37.01,37.23,52.75,34.51,33.87,66.14,23.46,37.23,37.01
2023-10-18 00:00:00+00:00,40.23,40.23,67.81,67.81,37.93,0.01,53.6,37.93,38.25,37.93,53.6,49.25,42.23,67.81,22.92,37.93,38.25
2023-10-19 00:00:00+00:00,41.56,41.56,68.97,68.97,39.89,0.01,54.46,39.89,40.4,39.89,54.46,54.75,53.09,68.97,24.74,39.89,40.4
2023-10-20 00:00:00+00:00,46.55,46.55,74.76,74.76,55.96,0.01,59.65,55.96,46.8,55.96,59.65,60.13,71.69,74.76,32.91,55.96,46.8
2023-10-21 00:00:00+00:00,53.39,53.39,86.05,86.05,69.53,0.93,68.9,69.53,56.92,69.53,68.9,39.21,75.83,86.05,44.85,69.53,56.92
2023-10-22 00:00:00+00:00,57.6,57.6,94.64,94.64,82.19,34.4,73.08,82.19,63.31,82.19,73.08,61.85,71.73,94.64,60.35,82.19,63.31
2023-10-23 00:00:00+00:00,59.52,59.52,96.64,96.64,87.44,55.09,71.59,87.44,63.71,87.44,71.59,82.77,72.67,96.64,65.78,87.44,63.71
2023-10-24 00:00:00+00:00,60.85,60.85,94.89,94.89,86.25,66.85,69.08,86.25,63.03,86.25,69.08,76.17,48.29,94.89,66.87,86.25,63.03
2023-10-25 00:00:00+00:00,69.55,69.55,105.7,105.7,95.44,73.45,74.69,95.44,69.86,95.44,74.69,106.27,68.43,105.7,73.28,95.44,69.86
2023-10-26 00:00:00+00:00,70.77,70.77,109.36,109.36,99.97,73.87,74.27,99.97,71.65,99.97,74.27,100.53,78.71,109.36,74.01,99.97,71.65
2023-10-27 00:00:00+00:00,69.08,69.08,109.23,109.23,104.8,72.15,71.4,104.8,70.81,104.8,71.4,22.96,92.12,109.23,73.3,104.8,70.81
2023-10-28 00:00:00+00:00,62.24,62.24,100.99,100.99,98.76,65.17,63.66,98.76,64.61,98.76,63.66,0.01,96.74,100.99,68.55,98.76,64.61
2023-10-29 00:00:00+00:00,59.29,59.29,94.92,94.92,91.21,59.63,57.63,91.21,59.47,91.21,57.63,32.84,95.7,94.92,64.1,91.21,59.47
2023-10-30 00:00:00+00:00,62.43,62.43,98.15,98.15,93.38,60.69,57.67,93.38,60.27,93.38,57.67,62.75,93.46,98.15,65.44,93.38,60.27
2023-10-31 00:00:00+00:00,65.27,65.27,102.07,102.07,95.33,61.46,57.72,95.33,61.19,95.33,57.72,55.98,85.75,102.07,67.06,95.33,61.19
2023-11-01 00:00:00+00:00,65.43,65.43,105.31,105.31,92.33,60.69,56.79,92.33,60.6,92.33,56.79,62.47,64.3,105.31,68.59,92.33,60.6
2023-11-02 00:00:00+00:00,66.75,66.75,112.38,112.38,92.24,62.71,58.0,92.24,62.17,92.24,58.0,66.44,71.36,112.38,71.7,92.24,62.17
2023-11-03 00:00:00+00:00,69.18,69.18,124.8,124.8,94.07,68.09,61.13,94.07,66.44,94.07,61.13,42.09,93.75,124.8,77.23,94.07,66.44
2023-11-04 00:00:00+00:00,72.52,72.52,138.06,138.06,96.33,73.02,64.06,96.33,69.81,96.33,64.06,50.74,93.56,138.06,85.72,96.33,69.81
2023-11-05 00:00:00+00:00,81.68,81.68,155.88,155.88,104.75,80.6,70.2,104.75,77.17,104.75,70.2,76.09,88.47,155.88,97.46,104.75,77.17
2023-11-06 00:00:00+00:00,89.82,89.82,168.02,168.02,114.11,87.07,75.09,114.11,82.79,114.11,75.09,108.18,86.41,168.02,106.23,114.11,82.79
2023-11-07 00:00:00+00:00,91.69,91.69,170.45,170.45,118.57,87.97,76.0,118.57,81.16,118.57,76.0,129.44,79.28,170.45,108.94,118.57,81.16
2023-11-08 00:00:00+00:00,89.51,89.51,165.44,165.44,117.67,84.93,73.96,117.67,74.45,117.67,73.96,113.57,65.45,165.44,107.3,117.67,74.45
2023-11-09 00:00:00+00:00,93.75,93.75,172.53,172.53,126.49,89.84,77.27,126.49,77.53,126.49,77.27,74.97,72.92,172.53,113.16,126.49,77.53
2023-11-10 00:00:00+00:00,99.35,99.35,181.39,181.39,136.44,100.64,81.56,136.44,81.63,136.44,81.56,0.01,82.02,181.39,119.25,136.44,81.63
2023-11-11 00:00:00+00:00,104.65,104.65,192.4,192.4,148.85,107.71,88.66,148.85,88.31,148.85,88.66,0.01,83.82,192.4,125.63,148.85,88.31
2023-11-12 00:00:00+00:00,100.79,100.79,191.12,191.12,151.9,107.56,90.11,151.9,88.97,151.9,90.11,76.45,85.76,191.12,124.08,151.9,88.97
2023-11-13 00:00:00+00:00,93.65,93.65,183.75,183.75,149.4,103.16,87.91,149.4,86.9,149.4,87.91,128.12,81.46,183.75,119.39,149.4,86.9
2023-11-14 00:00:00+00:00,95.61,95.61,190.04,190.04,157.99,106.64,90.46,157.99,90.24,157.99,90.46,132.82,87.85,190.04,123.61,157.99,90.24
2023-11-15 00:00:00+00:00,100.57,100.57,202.63,202.63,173.08,114.51,95.03,173.08,96.29,173.08,95.03,202.63,113.75,202.63,130.51,173.08,96.29
2023-11-16 00:00:00+00:00,96.02,96.02,197.03,197.03,174.48,113.27,90.95,174.48,94.32,174.48,90.95,197.03,121.8,197.03,124.88,174.48,94.32
2023-11-17 00:00:00+00:00,92.32,92.32,181.35,181.35,168.96,106.8,83.16,168.96,87.78,168.96,83.16,59.56,107.47,181.35,113.38,168.96,87.78
2023-11-18 00:00:00+00:00,86.03,86.03,168.42,168.42,162.67,100.65,75.83,162.67,83.31,162.67,75.83,110.78,86.08,168.42,104.79,162.67,83.31
2023-11-19 00:00:00+00:00,87.18,87.18,170.66,170.66,170.13,103.14,74.26,170.13,84.71,170.13,74.26,170.66,83.05,170.66,106.85,170.13,84.71
2023-11-20 00:00:00+00:00,95.18,95.18,184.12,184.12,184.12,112.72,77.27,184.12,91.39,184.12,77.27,117.5,91.53,184.12,116.08,184.12,91.39
2023-11-21 00:00:00+00:00,97.11,97.11,185.44,185.44,185.44,114.06,75.39,185.44,96.17,185.44,75.39,39.73,108.18,185.44,117.28,185.44,96.17
2023-11-22 00:00:00+00:00,97.52,97.52,186.14,186.14,186.14,112.53,72.71,186.14,92.39,186.14,72.71,89.18,109.49,186.14,117.85,186.14,92.39
2023-11-23 00:00:00+00:00,106.69,106.69,203.23,203.23,203.23,119.81,75.06,203.23,100.5,203.23,75.06,107.39,116.86,203.23,128.68,203.23,100.5
2023-11-24 00:00:00+00:00,123.59,123.59,232.93,232.93,232.93,137.61,81.94,232.93,120.64,232.93,81.94,131.32,152.12,232.93,148.29,232.93,120.64
2023-11-25 00:00:00+00:00,137.87,137.87,256.24,256.24,256.24,154.47,88.32,256.24,139.8,256.24,88.32,32.84,196.65,256.24,164.46,256.24,139.8
2023-11-26 00:00:00+00:00,142.99,142.99,262.03,262.03,262.03,161.26,87.88,262.03,147.1,262.03,87.88,32.5,185.34,262.03,169.01,262.03,147.1
2023-11-27 00:00:00+00:00,143.81,143.81,259.8,259.8,259.8,163.66,85.29,259.8,152.33,259.8,85.29,192.93,205.42,259.8,168.58,259.8,152.33
2023-11-28 00:00:00+00:00,146.91,146.91,261.28,261.28,261.28,167.97,83.41,261.28,150.53,261.28,83.41,239.23,195.96,261.28,169.81,261.28,150.53
2023-11-29 00:00:00+00:00,149.02,149.02,259.97,259.97,259.97,170.02,80.59,259.97,142.71,259.97,80.59,259.97,204.98,259.97,169.81,259.97,142.71
2023-11-30 00:00:00+00:00,152.08,152.08,257.02,257.02,257.02,170.16,77.51,257.02,127.2,257.02,77.51,257.02,209.81,257.02,168.73,257.02,127.2
2023-12-01 00:00:00+00:00,147.81,147.81,242.02,242.02,242.02,161.82,71.06,242.02,120.59,242.02,71.06,238.83,215.13,242.02,158.93,242.02,120.59
2023-12-02 00:00:00+00:00,143.23,143.23,227.72,227.72,227.72,154.17,65.36,227.72,131.38,227.72,65.36,121.43,186.32,227.72,149.87,227.72,131.38
2023-12-03 00:00:00+00:00,140.7,140.7,217.49,217.49,217.49,149.05,60.92,217.49,119.61,217.49,60.92,106.72,180.55,217.49,143.19,217.49,119.61
2023-12-04 00:00:00+00:00,136.74,136.74,206.4,206.4,206.4,142.83,56.29,206.4,109.89,206.4,56.29,28.1,157.26,206.4,136.67,206.4,109.89
2023-12-05 00:00:00+00:00,134.64,134.64,198.47,198.47,198.47,138.41,52.82,198.47,103.73,198.47,52.82,17.97,155.94,198.47,132.44,198.47,103.73
2023-12-06 00:00:00+00:00,135.16,135.16,194.41,194.41,194.41,137.16,50.16,194.41,100.16,194.41,50.16,33.34,179.16,194.41,130.53,194.41,100.16
2023-12-07 00:00:00+00:00,131.02,131.02,183.9,183.9,183.9,133.19,45.49,183.9,93.62,183.9,45.49,0.01,153.87,183.9,124.2,183.9,93.62
2023-12-08 00:00:00+00:00,132.21,132.21,181.51,181.51,181.51,134.81,42.23,181.51,90.76,181.51,42.23,25.48,138.81,181.51,123.75,181.51,90.76
2023-12-09 00:00:00+00:00,130.71,130.71,176.97,176.97,176.97,131.76,38.24,176.97,89.81,176.97,38.24,119.07,138.12,176.97,122.01,176.97,89.81
2023-12-10 00:00:00+00:00,128.32,128.32,171.45,171.45,171.45,126.95,34.0,171.45,90.23,171.45,34.0,153.41,129.63,171.45,119.88,171.45,90.23
2023-12-11 00:00:00+00:00,126.48,126.48,166.34,166.34,166.34,124.39,30.0,166.34,87.65,166.34,30.0,113.6,130.55,166.34,117.36,166.34,87.65
2023-12-12 00:00:00+00:00,123.04,123.04,159.35,159.35,159.35,121.09,25.37,159.35,85.06,159.35,25.37,151.46,131.64,159.35,113.19,159.35,85.06
2023-12-13 00:00:00+00:00,116.46,116.46,148.59,148.59,148.59,114.28,20.57,148.59,80.12,148.59,20.57,148.59,119.29,148.59,106.31,148.59,80.12
2023-12-14 00:00:00+00:00,110.42,110.42,139.08,139.08,139.08,108.33,16.48,139.08,75.98,139.08,16.48,139.08,113.79,139.08,100.07,139.08,75.98
2023-12-15 00:00:00+00:00,98.19,98.19,122.52,122.52,122.52,95.37,11.71,122.52,65.81,122.52,11.71,122.52,88.59,122.52,88.38,122.52,65.81
2023-12-16 00:00:00+00:00,88.54,88.54,110.34,110.34,110.34,82.63,7.81,110.34,57.36,110.34,7.81,110.34,68.55,110.34,78.44,110.34,57.36
2023-12-17 00:00:00+00:00,83.92,83.92,104.96,104.96,104.96,72.53,5.81,104.96,53.14,104.96,5.81,104.96,80.18,104.96,72.32,104.96,53.14
2023-12-18 00:00:00+00:00,82.61,82.61,103.29,103.29,103.29,65.95,4.61,103.29,51.16,103.29,4.61,95.8,88.94,103.29,70.05,103.29,51.16
2023-12-19 00:00:00+00:00,79.59,79.59,98.76,98.76,98.76,60.5,3.31,98.76,48.37,98.76,3.31,58.05,81.83,98.76,67.61,98.76,48.37
2023-12-20 00:00:00+00:00,77.59,77.59,96.01,96.01,96.01,57.2,2.38,96.01,46.81,96.01,2.38,60.36,72.73,96.01,66.62,96.01,46.81
2023-12-21 00:00:00+00:00,78.72,78.72,97.53,97.53,97.53,57.16,1.51,97.53,47.63,97.53,1.51,97.53,74.24,97.53,68.03,97.53,47.63
2023-12-22 00:00:00+00:00,79.55,79.55,98.67,98.67,98.67,57.39,0.25,98.67,48.15,98.67,0.25,98.67,86.76,98.67,69.04,98.67,48.15
2023-12-23 00:00:00+00:00,82.25,82.25,102.58,102.58,102.58,59.15,0.01,102.58,50.04,102.58,0.01,102.58,94.2,102.58,71.69,102.58,50.04
2023-12-24 00:00:00+00:00,86.6,86.6,109.06,109.06,109.06,62.01,0.01,109.06,53.34,109.06,0.01,87.11,99.97,109.06,76.01,109.06,53.34
2023-12-25 00:00:00+00:00,89.29,89.29,112.97,112.97,112.97,63.37,0.01,112.97,55.52,112.97,0.01,96.74,112.97,112.97,79.38,112.97,55.52
2023-12-26 00:00:00+00:00,89.68,89.68,112.73,112.73,112.73,63.96,0.01,112.73,55.95,112.73,0.01,91.81,112.73,112.73,80.18,112.73,55.95
2023-12-27 00:00:00+00:00,91.67,91.67,114.57,114.57,114.57,66.94,0.01,114.57,56.72,114.57,0.01,98.0,114.57,114.57,82.55,114.57,56.72
2023-12-28 00:00:00+00:00,92.28,92.28,114.89,114.89,114.89,67.21,0.01,114.89,56.61,114.89,0.01,114.89,79.93,114.89,84.01,114.89,56.61
2023-12-29 00:00:00+00:00,103.26,103.26,126.29,126.29,126.29,74.76,0.01,126.29,62.39,126.29,0.01,126.29,78.38,126.29,93.45,126.29,62.39
2023-12-30 00:00:00+00:00,113.76,113.76,135.84,135.84,135.84,82.11,0.01,135.84,67.92,135.84,0.01,135.84,64.97,135.84,102.8,135.84,67.92
2023-12-31 00:00:00+00:00,122.52,122.52,143.84,143.84,143.84,87.4,0.01,143.84,73.3,143.84,0.01,143.84,23.01,143.84,111.55,143.84,73.3
2024-01-01 00:00:00+00:00,132.43,132.43,153.17,153.17,153.17,93.44,0.01,153.17,81.67,153.17,0.01,136.68,5.1,153.17,120.63,153.17,81.67
2024-01-02 00:00:00+00:00,149.97,149.97,168.91,168.91,168.91,95.64,0.01,168.91,88.19,168.91,0.01,168.91,44.71,168.91,136.27,168.91,88.19
2024-01-03 00:00:00+00:00,164.38,164.38,180.66,180.66,180.66,102.0,0.01,180.66,94.6,180.66,0.01,180.66,74.38,180.66,149.74,180.66,94.6
2024-01-04 00:00:00+00:00,178.94,178.94,191.5,191.5,191.5,108.91,0.01,191.5,100.52,191.5,0.01,78.35,117.84,191.5,161.73,191.5,100.52
2024-01-05 00:00:00+00:00,187.8,187.8,195.63,195.63,195.63,112.16,0.01,195.63,102.69,195.63,0.01,127.08,130.41,195.63,166.44,195.63,102.69
2024-01-06 00:00:00+00:00,196.1,196.1,198.55,198.55,198.55,115.1,0.01,198.55,104.08,198.55,0.01,110.3,143.78,198.55,168.47,198.55,104.08
2024-01-07 00:00:00+00:00,192.83,192.83,192.83,192.83,192.83,113.39,0.01,192.83,101.1,192.83,0.01,29.24,192.83,192.83,162.89,192.83,101.1
2024-01-08 00:00:00+00:00,189.44,189.44,189.44,189.44,189.44,113.73,0.01,189.44,101.49,189.44,0.01,76.18,189.44,189.44,159.16,189.44,101.49
2024-01-09 00:00:00+00:00,185.3,185.3,185.3,185.3,185.3,113.63,0.01,185.3,99.75,185.3,0.01,89.73,185.3,185.3,155.4,185.3,99.75
2024-01-10 00:00:00+00:00,184.31,184.31,184.31,184.31,184.31,115.2,0.01,184.31,99.94,184.31,0.01,90.5,184.31,184.31,154.54,184.31,99.94
2024-01-11 00:00:00+00:00,182.12,182.12,182.12,182.12,182.12,116.51,0.01,182.12,99.64,182.12,0.01,150.03,182.12,182.12,151.86,182.12,99.64
2024-01-12 00:00:00+00:00,177.68,177.68,177.68,177.68,177.68,114.82,0.01,177.68,97.5,177.68,0.01,90.56,177.68,177.68,149.69,177.68,97.5
2024-01-13 00:00:00+00:00,170.86,170.86,170.86,170.86,170.86,110.96,0.01,170.86,93.7,170.86,0.01,98.62,170.86,170.86,147.25,170.86,93.7
2024-01-14 00:00:00+00:00,171.38,171.38,171.38,171.38,171.38,112.96,0.01,171.38,94.93,171.38,0.01,159.47,171.38,171.38,150.43,171.38,94.93
2024-01-15 00:00:00+00:00,165.36,165.36,165.36,165.36,165.36,110.32,0.01,165.36,92.03,165.36,0.01,141.76,165.36,165.36,145.89,165.36,92.03
2024-01-16 00:00:00+00:00,155.62,155.62,155.62,155.62,155.62,104.3,0.01,155.62,86.43,155.62,0.01,111.16,155.62,155.62,136.39,155.62,86.43
2024-01-17 00:00:00+00:00,141.87,141.87,141.87,141.87,141.87,95.12,0.01,141.87,79.22,141.87,0.01,108.68,141.87,141.87,124.5,141.87,79.22
2024-01-18 00:00:00+00:00,126.84,126.84,126.84,126.84,126.84,85.33,0.01,126.84,71.0,126.84,0.01,68.0,124.08,126.84,110.96,126.84,71.0
2024-01-19 00:00:00+00:00,122.87,122.87,122.87,122.87,122.87,82.8,0.01,122.87,68.31,122.87,0.01,60.62,108.12,122.87,106.1,122.87,68.31
2024-01-20 00:00:00+00:00,117.12,117.12,117.12,117.12,117.12,77.92,0.01,117.12,64.87,117.12,0.01,42.05,92.35,117.12,102.01,117.12,64.87
2024-01-21 00:00:00+00:00,112.61,112.61,112.61,112.61,112.61,73.08,0.01,112.61,62.27,112.61,0.01,22.28,83.91,112.61,99.88,112.61,62.27
2024-01-22 00:00:00+00:00,112.21,112.21,112.21,112.21,112.21,71.63,0.01,112.21,61.66,112.21,0.01,30.13,93.89,112.21,100.75,112.21,61.66
2024-01-23 00:00:00+00:00,117.47,117.47,117.47,117.47,117.47,73.85,0.01,117.47,64.54,117.47,0.01,44.17,103.53,117.47,107.12,117.47,64.54
2024-01-24 00:00:00+00:00,120.74,120.74,120.74,120.74,120.74,75.25,0.01,120.74,66.58,120.74,0.01,92.01,106.66,120.74,111.23,120.74,66.58
2024-01-25 00:00:00+00:00,123.27,123.27,123.27,123.27,123.27,76.06,0.01,123.27,67.95,123.27,0.01,117.5,111.71,123.27,113.8,123.27,67.95
2024-01-26 00:00:00+00:00,116.58,116.58,116.58,116.58,116.58,70.33,0.01,116.58,64.2,116.58,0.01,97.52,95.9,116.58,108.13,116.58,64.2
2024-01-27 00:00:00+00:00,115.45,115.45,115.45,115.45,115.45,68.42,0.01,115.45,63.63,115.45,0.01,103.14,102.13,115.45,108.97,115.45,63.63
2024-01-28 00:00:00+00:00,111.1,111.1,111.1,111.1,111.1,65.61,0.01,111.1,61.58,111.1,0.01,42.4,98.76,111.1,107.26,111.1,61.58
2024-01-29 00:00:00+00:00,104.18,104.18,104.18,104.18,104.18,61.69,0.01,104.18,57.88,104.18,0.01,1.17,104.18,104.18,102.24,104.18,57.88
2024-01-30 00:00:00+00:00,97.36,97.36,97.36,97.36,97.36,56.96,0.01,97.36,53.95,97.36,0.01,50.49,97.36,97.36,96.98,97.36,53.95
2024-01-31 00:00:00+00:00,95.64,95.64,95.64,95.64,95.64,54.8,0.01,95.64,53.02,95.64,0.01,73.64,86.95,95.64,95.64,95.64,53.02
2024-02-01 00:00:00+00:00,103.54,103.54,103.54,103.54,103.54,58.23,0.01,103.54,57.43,103.54,0.01,103.54,90.6,103.54,103.54,103.54,57.43
2024-02-02 00:00:00+00:00,112.69,112.69,112.69,112.69,112.69,61.64,0.01,112.69,62.31,112.69,0.01,100.46,105.18,112.69,112.69,112.69,62.31
2024-02-03 00:00:00+00:00,115.96,115.96,115.96,115.96,115.96,62.19,0.01,115.96,64.03,115.96,0.01,82.7,99.4,115.96,115.96,115.96,64.03
2024-02-04 00:00:00+00:00,120.97,120.97,122.81,122.81,122.81,64.97,0.01,122.81,67.9,122.81,0.01,82.89,68.22,122.81,122.81,122.81,67.9
2024-02-05 00:00:00+00:00,125.92,125.92,132.03,132.03,132.03,69.3,0.01,132.03,73.05,132.03,0.01,62.83,110.03,132.03,132.03,132.03,73.05
2024-02-06 00:00:00+00:00,129.13,129.13,139.26,139.26,139.26,73.51,0.01,139.26,76.77,139.26,0.01,45.33,80.62,139.26,139.26,139.26,76.77
2024-02-07 00:00:00+00:00,131.81,131.81,142.81,142.81,142.81,76.4,0.01,142.81,78.31,142.81,0.01,48.75,71.4,142.81,141.59,142.81,78.31
2024-02-08 00:00:00+00:00,128.72,128.72,138.93,138.93,138.93,75.19,0.01,138.93,76.09,138.93,0.01,0.01,33.68,138.93,136.31,138.93,76.09
2024-02-09 00:00:00+00:00,123.88,123.88,134.14,134.14,134.14,73.29,0.01,134.14,73.95,134.14,0.01,68.29,0.01,134.14,130.76,134.14,73.95
2024-02-10 00:00:00+00:00,120.84,120.84,131.49,131.49,131.49,71.68,0.01,131.49,73.11,131.49,0.01,58.6,37.57,131.49,128.4,131.49,73.11
2024-02-11 00:00:00+00:00,119.48,119.48,130.03,130.03,130.03,70.37,0.01,130.03,72.4,130.03,0.01,40.8,66.29,130.03,126.67,130.03,72.4
2024-02-12 00:00:00+00:00,116.96,116.96,127.27,127.27,127.27,68.69,0.01,127.27,71.01,127.27,0.01,65.18,78.79,127.27,122.43,127.27,71.01
2024-02-13 00:00:00+00:00,114.89,114.89,124.55,124.55,124.55,67.15,0.01,124.55,68.96,124.55,0.01,68.63,74.73,124.55,118.46,124.55,68.96
2024-02-14 00:00:00+00:00,114.08,114.08,121.37,121.37,121.37,65.88,0.01,121.37,66.69,121.37,0.01,95.54,68.78,121.37,114.27,121.37,66.69
2024-02-15 00:00:00+00:00,112.77,112.77,116.48,116.48,116.48,63.25,0.01,116.48,64.11,116.48,0.01,116.48,54.81,116.48,108.62,116.48,64.11
2024-02-16 00:00:00+00:00,111.05,111.05,112.05,112.05,112.05,60.01,0.01,112.05,62.41,112.05,0.01,109.17,47.41,112.05,104.0,112.05,62.41
2024-02-17 00:00:00+00:00,110.0,110.0,110.0,110.0,110.0,57.07,0.01,110.0,61.8,110.0,0.01,101.62,55.0,110.0,102.42,110.0,61.8
2024-02-18 00:00:00+00:00,107.71,107.71,107.71,107.71,107.71,54.77,0.01,107.71,60.7,107.71,0.01,79.92,50.01,107.71,100.28,107.71,60.7
2024-02-19 00:00:00+00:00,109.28,109.28,109.28,109.28,109.28,55.73,0.01,109.28,61.55,109.28,0.01,48.38,48.57,109.28,100.97,109.28,61.55
2024-02-20 00:00:00+00:00,109.22,109.22,109.22,109.22,109.22,55.02,0.01,109.22,61.63,109.22,0.01,45.88,23.41,109.22,101.1,109.22,61.63
2024-02-21 00:00:00+00:00,110.04,110.04,110.04,110.04,110.04,54.68,0.01,110.04,62.48,110.04,0.01,70.01,15.18,110.04,102.64,110.04,62.48
2024-02-22 00:00:00+00:00,111.07,111.07,111.07,111.07,111.07,53.83,0.01,111.07,63.55,111.07,0.01,95.83,4.28,111.07,103.95,111.07,63.55
2024-02-23 00:00:00+00:00,110.57,110.57,110.57,110.57,110.57,54.19,0.01,110.57,63.29,110.57,0.01,110.57,38.7,110.57,103.37,110.57,63.29
2024-02-24 00:00:00+00:00,113.23,113.23,113.23,113.23,113.23,59.03,0.01,113.23,65.02,113.23,0.01,78.93,46.13,113.23,105.6,113.23,65.02
2024-02-25 00:00:00+00:00,114.34,114.34,113.37,113.37,114.34,63.56,0.01,114.34,65.87,114.34,0.01,51.88,46.28,113.37,106.81,114.34,65.87
2024-02-26 00:00:00+00:00,113.58,113.58,112.59,112.59,113.58,65.84,0.01,113.58,65.78,113.58,0.01,57.32,46.47,112.59,106.29,113.58,65.78
2024-02-27 00:00:00+00:00,114.2,114.2,112.96,112.96,114.2,68.33,0.01,114.2,66.06,114.2,0.01,34.35,43.14,112.96,107.21,114.2,66.06
2024-02-28 00:00:00+00:00,114.57,114.57,112.03,112.03,114.57,69.96,0.01,114.57,66.28,114.57,0.01,50.14,24.91,112.03,107.97,114.57,66.28
2024-02-29 00:00:00+00:00,123.48,123.48,119.3,119.3,120.8,78.84,0.65,120.8,70.96,120.8,0.65,44.41,29.12,119.3,115.34,120.8,70.96
2024-03-01 00:00:00+00:00,128.21,128.21,124.67,124.67,128.21,83.68,0.01,128.21,74.86,128.21,0.01,49.47,52.09,124.67,121.31,128.21,74.86
2024-03-02 00:00:00+00:00,130.49,130.49,125.96,125.96,130.49,84.6,0.01,130.49,76.36,130.49,0.01,113.63,55.93,125.96,124.26,130.49,76.36
2024-03-03 00:00:00+00:00,129.47,129.47,123.98,123.98,129.47,80.95,0.01,129.47,75.96,129.47,0.01,129.47,55.49,123.98,124.71,129.47,75.96
2024-03-04 00:00:00+00:00,127.09,127.09,120.97,120.97,127.09,77.95,0.01,127.09,74.66,127.09,0.01,127.09,52.33,120.97,123.38,127.09,74.66
2024-03-05 00:00:00+00:00,126.01,126.01,119.56,119.56,126.01,76.98,0.01,126.01,74.49,126.01,0.01,126.01,7.41,119.56,122.92,126.01,74.49
2024-03-06 00:00:00+00:00,129.41,129.41,122.24,122.24,129.41,81.42,0.01,129.41,76.94,129.41,0.01,81.54,0.01,122.24,126.21,129.41,76.94
2024-03-07 00:00:00+00:00,124.13,124.13,116.86,116.86,124.13,80.09,0.01,124.13,73.68,124.13,0.01,76.41,0.01,116.86,121.52,124.13,73.68
2024-03-08 00:00:00+00:00,118.83,118.83,111.8,111.8,115.99,75.45,0.01,115.99,70.49,115.99,0.01,111.94,0.01,111.8,117.57,115.99,70.49
2024-03-09 00:00:00+00:00,114.72,114.72,107.92,107.92,105.27,69.69,0.01,105.27,68.7,105.27,0.01,114.72,0.01,107.92,114.72,105.27,68.7
2024-03-10 00:00:00+00:00,113.13,113.13,106.09,106.09,97.87,68.44,0.01,97.87,67.81,97.87,0.01,110.71,56.56,106.09,113.13,97.87,67.81
2024-03-11 00:00:00+00:00,115.97,115.97,108.08,108.08,98.87,72.64,0.01,98.87,69.68,98.87,0.01,49.85,54.76,108.08,115.97,98.87,69.68
2024-03-12 00:00:00+00:00,115.94,115.94,107.43,107.43,100.94,71.22,0.01,100.94,70.04,100.94,0.01,22.89,44.59,107.43,115.19,100.94,70.04
2024-03-13 00:00:00+00:00,112.04,112.04,103.36,103.36,100.53,65.74,0.01,100.53,67.97,100.53,0.01,25.98,29.88,103.36,110.82,100.53,67.97
2024-03-14 00:00:00+00:00,115.62,115.62,106.26,106.26,105.17,64.74,0.01,105.17,70.22,105.17,0.01,47.63,29.84,106.26,114.79,105.17,70.22
2024-03-15 00:00:00+00:00,120.62,120.62,110.37,110.37,108.17,64.61,0.01,108.17,73.39,108.17,0.01,72.91,35.86,110.37,120.07,108.17,73.39
2024-03-16 00:00:00+00:00,121.38,121.38,110.45,110.45,108.5,63.98,0.01,108.5,74.22,108.5,0.01,92.46,38.62,110.45,120.69,108.5,74.22
2024-03-17 00:00:00+00:00,118.6,118.6,106.61,106.61,107.22,62.89,0.01,107.22,73.27,107.22,0.01,55.12,32.12,106.61,117.68,107.22,73.27
2024-03-18 00:00:00+00:00,116.48,116.48,104.53,104.53,106.13,63.83,0.01,106.13,71.87,106.13,0.01,71.56,8.52,104.53,115.3,106.13,71.87
2024-03-19 00:00:00+00:00,122.16,122.16,110.38,110.38,111.7,69.09,0.01,111.7,75.18,111.7,0.01,81.05,0.01,110.38,120.63,111.7,75.18
2024-03-20 00:00:00+00:00,121.85,121.85,110.98,110.98,111.23,69.84,0.01,111.23,75.58,111.23,0.01,38.03,0.01,110.98,120.92,111.23,75.58
2024-03-21 00:00:00+00:00,117.65,117.65,108.16,108.16,108.84,65.49,0.01,108.84,73.4,108.84,0.01,10.68,0.01,108.16,117.65,108.84,73.4
2024-03-22 00:00:00+00:00,111.75,111.75,103.71,103.71,106.92,57.29,0.01,106.92,69.79,106.92,0.01,11.35,0.01,103.71,111.75,106.92,69.79
2024-03-23 00:00:00+00:00,107.38,107.38,100.9,100.9,104.04,48.23,0.01,104.04,67.57,104.04,0.01,26.16,9.57,100.9,107.69,104.04,67.57
2024-03-24 00:00:00+00:00,110.51,110.51,105.19,105.19,109.7,46.57,0.01,109.7,69.81,109.7,0.01,3.78,32.15,105.19,111.05,109.7,69.81
2024-03-25 00:00:00+00:00,111.17,111.17,107.45,107.45,112.03,47.01,0.01,112.03,70.99,112.03,0.01,0.01,41.27,107.45,112.03,112.03,70.99
2024-03-26 00:00:00+00:00,101.48,101.48,99.79,99.79,102.67,45.24,0.01,102.67,65.27,102.67,0.01,8.71,19.97,99.79,102.67,102.67,65.27
2024-03-27 00:00:00+00:00,98.52,98.52,96.81,96.81,98.82,51.89,0.01,98.82,63.21,98.82,0.01,46.39,6.17,96.81,98.82,98.82,63.21
2024-03-28 00:00:00+00:00,101.5,101.5,100.1,100.1,101.5,58.15,0.01,101.5,65.09,101.5,0.01,44.75,8.46,100.1,101.5,101.5,65.09
2024-03-29 00:00:00+00:00,104.27,104.27,103.63,103.63,104.27,68.05,0.01,104.27,67.17,104.27,0.01,33.41,15.44,103.63,104.27,104.27,67.17
2024-03-30 00:00:00+00:00,106.71,106.71,106.71,106.71,106.71,89.16,0.01,106.71,69.07,106.71,0.01,55.07,35.57,106.71,106.71,106.71,69.07
2024-03-31 00:00:00+00:00,103.51,103.51,103.51,103.51,103.51,103.51,0.01,103.51,67.54,103.51,0.01,64.25,5.45,103.51,103.51,103.51,67.54
2024-04-01 00:00:00+00:00,92.28,92.28,92.28,92.28,92.28,92.28,0.01,92.28,61.05,92.28,0.01,64.43,15.67,92.28,92.28,92.28,61.05
2024-04-02 00:00:00+00:00,93.2,93.2,93.2,93.2,93.2,93.2,0.01,93.2,62.25,93.2,0.01,56.52,7.77,93.2,93.2,93.2,62.25
2024-04-03 00:00:00+00:00,92.67,92.67,92.67,92.67,92.67,78.97,0.01,92.67,62.66,92.67,0.01,58.68,0.01,92.67,92.67,92.67,62.66
2024-04-04 00:00:00+00:00,85.79,85.79,85.79,85.79,85.79,68.83,0.01,85.79,59.01,85.79,0.01,85.79,0.01,85.79,85.79,85.79,59.01
2024-04-05 00:00:00+00:00,80.07,80.07,80.07,80.07,80.07,72.99,0.01,80.07,55.76,80.07,0.01,80.07,0.01,80.07,80.07,80.07,55.76
2024-04-06 00:00:00+00:00,73.74,73.74,76.17,76.17,76.48,73.24,0.01,76.48,53.52,76.48,0.01,68.13,0.01,76.17,76.48,76.48,53.52
2024-04-07 00:00:00+00:00,62.54,62.54,67.5,67.5,68.25,60.22,0.01,68.25,47.66,68.25,0.01,42.66,17.06,67.5,68.25,68.25,47.66
2024-04-08 00:00:00+00:00,60.21,60.21,69.26,69.26,70.41,41.61,0.01,70.41,48.91,70.41,0.01,34.1,30.91,69.26,69.92,70.41,48.91
2024-04-09 00:00:00+00:00,53.78,53.78,65.71,65.71,67.14,29.33,0.01,67.14,46.3,67.14,0.01,26.34,14.74,65.71,63.55,67.14,46.3
2024-04-10 00:00:00+00:00,53.97,53.97,65.72,65.72,67.76,22.05,0.01,67.76,45.69,67.76,0.01,19.89,4.32,65.72,58.52,67.76,45.69
2024-04-11 00:00:00+00:00,57.9,57.9,69.29,69.29,72.63,16.14,0.01,72.63,47.49,72.63,0.01,25.64,0.01,69.29,53.21,72.63,47.49
2024-04-12 00:00:00+00:00,59.08,59.08,77.31,77.31,81.19,8.99,0.01,81.19,51.15,81.19,0.01,35.08,0.01,77.31,50.23,81.19,51.15
2024-04-13 00:00:00+00:00,52.33,52.33,81.76,81.76,76.81,0.01,0.01,76.81,51.26,76.81,0.01,15.31,0.01,81.76,47.08,76.81,51.26
2024-04-14 00:00:00+00:00,53.28,53.28,92.01,92.01,75.55,0.01,0.01,75.55,54.66,75.55,0.01,18.43,0.01,92.01,50.19,75.55,54.66
2024-04-15 00:00:00+00:00,56.8,56.8,98.83,98.83,69.52,0.01,0.01,69.52,57.25,69.52,0.01,50.38,0.01,98.83,54.74,69.52,57.25
2024-04-16 00:00:00+00:00,64.29,64.29,103.5,103.5,70.74,0.01,0.01,70.74,60.79,70.74,0.01,64.14,0.01,103.5,58.95,70.74,60.79
2024-04-17 00:00:00+00:00,74.1,74.1,107.9,107.9,74.39,0.01,0.01,74.39,64.67,74.39,0.01,85.15,0.01,107.9,63.27,74.39,64.67
2024-04-18 00:00:00+00:00,82.31,82.31,107.3,107.3,76.74,0.01,0.01,76.74,65.83,76.74,0.01,91.13,6.66,107.3,64.89,76.74,65.83
2024-04-19 00:00:00+00:00,84.91,84.91,100.58,100.58,81.29,0.01,0.01,81.29,65.29,81.29,0.01,33.9,20.29,100.58,64.81,81.29,65.29
2024-04-20 00:00:00+00:00,89.37,89.37,95.36,95.36,94.21,0.01,0.01,94.21,69.85,94.21,0.01,54.84,34.16,95.36,68.51,94.21,69.85
2024-04-21 00:00:00+00:00,92.06,92.06,83.65,83.65,102.86,0.01,0.01,102.86,72.54,102.86,0.01,82.22,50.16,83.65,69.21,102.86,72.54
2024-04-22 00:00:00+00:00,93.99,93.99,70.09,70.09,104.82,15.16,0.01,104.82,68.43,104.82,0.01,63.79,51.09,70.09,64.89,104.82,68.43
2024-04-23 00:00:00+00:00,103.93,103.93,64.34,64.34,110.77,27.95,0.01,110.77,67.45,110.77,0.01,48.08,57.16,64.34,62.83,110.77,67.45
2024-04-24 00:00:00+00:00,106.21,106.21,59.77,59.77,111.14,35.14,0.01,111.14,65.04,111.14,0.01,19.75,60.04,59.77,58.67,111.14,65.04
2024-04-25 00:00:00+00:00,96.24,96.24,52.8,52.8,102.04,36.0,0.01,102.04,58.83,102.04,0.01,53.08,53.08,52.8,51.65,102.04,58.83
2024-04-26 00:00:00+00:00,83.73,83.73,47.5,47.5,92.51,35.31,0.01,92.51,53.63,92.51,0.01,61.67,52.86,47.5,45.56,92.51,53.63
2024-04-27 00:00:00+00:00,72.01,72.01,41.53,41.53,79.76,35.96,0.01,79.76,48.53,79.76,0.01,75.32,47.36,41.53,39.88,79.76,48.53
2024-04-28 00:00:00+00:00,67.68,67.68,39.35,39.35,74.51,35.46,0.01,74.51,45.39,74.51,0.01,74.51,46.36,39.35,38.44,74.51,45.39
2024-04-29 00:00:00+00:00,71.68,71.68,40.89,40.89,76.11,36.66,0.01,76.11,45.95,76.11,0.01,44.46,56.68,40.89,40.09,76.11,45.95
2024-04-30 00:00:00+00:00,76.88,76.88,41.69,41.69,78.12,36.91,0.01,78.12,45.65,78.12,0.01,53.35,43.75,41.69,40.99,78.12,45.65
2024-05-01 00:00:00+00:00,86.39,86.39,46.39,46.39,86.39,41.55,0.01,86.39,51.12,86.39,0.01,60.34,43.19,46.39,47.55,86.39,51.12
2024-05-02 00:00:00+00:00,102.41,102.41,53.46,53.46,102.41,48.06,0.01,102.41,58.92,102.41,0.01,66.08,49.31,53.46,52.99,102.41,58.92
2024-05-03 00:00:00+00:00,107.89,107.89,55.29,55.29,107.89,48.0,0.01,107.89,59.27,107.89,0.01,0.01,48.2,55.29,52.98,107.89,59.27
2024-05-04 00:00:00+00:00,109.45,109.45,54.72,54.72,96.35,45.44,0.01,96.35,57.43,96.35,0.01,52.16,34.2,54.72,51.5,96.35,57.43
2024-05-05 00:00:00+00:00,106.76,106.76,53.1,53.1,75.15,41.6,0.01,75.15,51.66,75.15,0.01,67.29,32.03,53.1,48.28,75.15,51.66
2024-05-06 00:00:00+00:00,92.36,92.36,50.66,50.66,57.85,36.79,0.01,57.85,40.26,57.85,0.01,102.35,25.59,50.66,45.08,57.85,40.26
2024-05-07 00:00:00+00:00,91.33,91.33,45.17,45.17,46.17,26.89,0.01,46.17,28.99,46.17,0.01,33.34,21.59,45.17,39.3,46.17,28.99
2024-05-08 00:00:00+00:00,74.53,74.53,37.1,37.1,35.69,17.53,0.01,35.69,18.97,35.69,0.01,30.03,21.92,37.1,31.12,35.69,18.97
2024-05-09 00:00:00+00:00,52.17,52.17,29.22,29.22,24.18,10.52,0.01,24.18,12.1,24.18,0.01,17.28,17.33,29.22,24.05,24.18,12.1
2024-05-10 00:00:00+00:00,39.02,39.02,25.13,25.13,17.48,7.36,0.01,17.48,11.26,17.48,0.01,22.83,17.41,25.13,20.31,17.48,11.26
2024-05-11 00:00:00+00:00,22.84,22.84,22.14,22.14,13.4,6.14,0.01,13.4,10.33,13.4,0.01,21.45,17.59,22.14,17.86,13.4,10.33
2024-05-12 00:00:00+00:00,22.57,22.57,21.78,21.78,11.81,5.82,0.01,11.81,10.27,11.81,0.01,22.92,20.65,21.78,17.09,11.81,10.27
2024-05-13 00:00:00+00:00,24.04,24.04,23.09,23.09,11.84,5.87,0.01,11.84,10.6,11.84,0.01,23.17,23.9,23.09,17.02,11.84,10.6
2024-05-14 00:00:00+00:00,25.48,25.48,24.36,24.36,11.27,6.23,0.01,11.27,10.3,11.27,0.01,52.14,23.5,24.36,16.84,11.27,10.3
2024-05-15 00:00:00+00:00,28.72,28.72,27.38,27.38,11.18,6.1,0.01,11.18,10.23,11.18,0.01,7.17,32.8,27.38,19.16,11.18,10.23
2024-05-16 00:00:00+00:00,30.43,30.43,28.77,28.77,9.57,5.04,0.01,9.57,9.44,9.57,0.01,4.44,39.34,28.77,20.6,9.57,9.44
2024-05-17 00:00:00+00:00,34.77,34.77,32.78,32.78,7.47,3.25,0.01,7.47,8.75,7.47,0.01,0.01,66.01,32.78,23.91,7.47,8.75
2024-05-18 00:00:00+00:00,38.94,38.94,36.92,36.92,3.87,0.38,0.01,3.87,7.86,3.87,0.01,24.97,59.68,36.92,27.35,3.87,7.86
2024-05-19 00:00:00+00:00,40.23,40.23,38.09,38.09,0.24,0.01,0.01,0.24,6.33,0.24,0.01,42.9,49.72,38.09,28.22,0.24,6.33
2024-05-20 00:00:00+00:00,40.73,40.73,38.37,38.37,0.01,0.01,0.01,0.01,3.18,0.01,0.01,87.28,41.95,38.37,27.71,0.01,3.18
2024-05-21 00:00:00+00:00,43.45,43.45,40.53,40.53,0.01,0.01,0.01,0.01,0.63,0.01,0.01,15.34,45.19,40.53,28.78,0.01,0.63
2024-05-22 00:00:00+00:00,46.34,46.34,42.42,42.42,0.01,0.01,0.01,0.01,0.01,0.01,0.01,32.66,40.09,42.42,29.61,0.01,0.01
2024-05-23 00:00:00+00:00,48.23,48.23,44.0,44.0,0.01,0.01,0.01,0.01,0.01,0.01,0.01,96.39,47.35,44.0,30.34,0.01,0.01
2024-05-24 00:00:00+00:00,47.48,47.48,44.73,44.73,0.01,0.01,0.01,0.01,0.01,0.01,0.01,57.5,48.21,44.73,28.86,0.01,0.01
2024-05-25 00:00:00+00:00,44.58,44.58,44.6,44.6,0.01,0.01,0.01,0.01,0.01,0.01,0.01,25.2,0.01,44.6,26.18,0.01,0.01
2024-05-26 00:00:00+00:00,41.95,41.95,44.05,44.05,0.01,0.01,0.01,0.01,0.01,0.01,0.01,38.88,0.01,44.05,24.29,0.01,0.01
2024-05-27 00:00:00+00:00,36.55,36.55,41.81,41.81,0.01,0.01,0.01,0.01,0.01,0.01,0.01,11.54,0.01,41.81,18.86,0.01,0.01
2024-05-28 00:00:00+00:00,32.83,32.83,41.0,41.0,0.01,0.01,0.01,0.01,0.01,0.01,0.01,0.01,0.01,41.0,11.49,0.01,0.01
2024-05-29 00:00:00+00:00,29.35,29.35,39.41,39.41,0.01,0.01,0.01,0.01,0.01,0.01,0.01,25.91,0.01,39.41,7.92,0.01,0.01
2024-05-30 00:00:00+00:00,26.33,26.33,37.87,37.87,0.01,0.01,0.01,0.01,0.01,0.01,0.01,28.39,0.01,37.87,4.91,0.01,0.01
2024-05-31 00:00:00+00:00,23.59,23.59,35.95,35.95,0.01,0.01,0.01,0.01,0.01,0.01,0.01,0.01,0.01,35.95,0.01,0.01,0.01
2024-06-01 00:00:00+00:00,21.23,21.23,33.32,33.32,0.01,0.01,0.01,0.01,2.81,0.01,0.01,14.6,0.01,33.32,0.01,0.01,2.81
2024-06-02 00:00:00+00:00,19.4,19.4,30.35,30.35,0.01,0.01,0.01,0.01,5.45,0.01,0.01,24.74,0.01,30.35,0.01,0.01,5.45
2024-06-03 00:00:00+00:00,18.02,18.02,29.13,29.13,0.01,0.01,0.01,0.01,7.31,0.01,0.01,43.71,0.01,29.13,0.01,0.01,7.31
2024-06-04 00:00:00+00:00,16.84,16.84,27.44,27.44,0.01,0.01,0.01,0.01,10.25,0.01,0.01,29.86,0.01,27.44,0.01,0.01,10.25
2024-06-05 00:00:00+00:00,16.1,16.1,26.6,26.6,0.01,0.01,0.01,0.01,13.15,0.01,0.01,17.3,0.01,26.6,0.01,0.01,13.15
2024-06-06 00:00:00+00:00,16.25,16.25,26.61,26.61,0.01,0.01,0.01,0.01,14.56,0.01,0.01,0.01,0.01,26.61,0.01,0.01,14.56
2024-06-07 00:00:00+00:00,17.14,17.14,28.27,28.27,0.01,0.01,0.01,0.01,17.86,0.01,0.01,0.01,0.01,28.27,0.01,0.01,17.86
2024-06-08 00:00:00+00:00,17.41,17.41,27.37,27.37,0.01,0.01,0.01,0.01,18.43,0.01,0.01,0.01,9.93,27.37,0.01,0.01,18.43
2024-06-09 00:00:00+00:00,17.68,17.68,25.62,25.62,4.31,0.01,0.01,4.31,17.03,4.31,0.01,10.73,25.13,25.62,0.01,4.31,17.03
2024-06-10 00:00:00+00:00,19.11,19.11,25.47,25.47,13.04,0.01,0.01,13.04,15.78,13.04,0.01,34.08,34.46,25.47,0.01,13.04,15.78
2024-06-11 00:00:00+00:00,23.82,23.82,28.4,28.4,24.21,6.57,0.01,24.21,18.8,24.21,0.01,51.24,40.42,28.4,0.01,24.21,18.8
2024-06-12 00:00:00+00:00,26.53,26.53,29.48,29.48,33.34,7.72,0.01,33.34,20.01,33.34,0.01,52.49,42.31,29.48,0.01,33.34,20.01
2024-06-13 00:00:00+00:00,27.56,27.56,30.41,30.41,38.59,6.88,0.01,38.59,19.84,38.59,0.01,90.62,37.24,30.41,0.01,38.59,19.84
2024-06-14 00:00:00+00:00,28.46,28.46,31.26,31.26,42.5,7.29,0.01,42.5,18.06,42.5,0.01,35.63,41.02,31.26,0.01,42.5,18.06
2024-06-15 00:00:00+00:00,30.31,30.31,34.17,34.17,47.41,6.62,0.01,47.41,20.29,47.41,0.01,18.71,45.95,34.17,0.01,47.41,20.29
2024-06-16 00:00:00+00:00,30.79,30.79,34.92,34.92,51.11,0.01,0.01,51.11,11.82,51.11,0.01,48.78,0.01,34.92,0.01,51.11,11.82
2024-06-17 00:00:00+00:00,28.83,28.83,35.38,35.38,49.26,0.01,0.01,49.26,11.85,49.26,0.01,21.28,0.01,35.38,0.01,49.26,11.85
2024-06-18 00:00:00+00:00,27.25,27.25,35.22,35.22,31.35,0.01,0.01,31.35,15.43,31.35,0.01,0.01,0.01,35.22,0.01,31.35,15.43
2024-06-19 00:00:00+00:00,25.62,25.62,33.85,33.85,1.9,0.55,0.01,1.9,17.49,1.9,0.01,18.1,0.01,33.85,0.01,1.9,17.49
2024-06-20 00:00:00+00:00,26.06,26.06,34.01,34.01,0.01,4.76,0.01,0.01,16.44,0.01,0.01,94.59,0.01,34.01,0.01,0.01,16.44
2024-06-21 00:00:00+00:00,25.49,25.49,32.55,32.55,0.01,8.43,0.01,0.01,12.87,0.01,0.01,61.98,0.01,32.55,0.01,0.01,12.87
2024-06-22 00:00:00+00:00,23.37,23.37,30.26,30.26,0.01,8.26,0.01,0.01,11.28,0.01,0.01,44.89,0.01,30.26,0.01,0.01,11.28
2024-06-23 00:00:00+00:00,23.39,23.39,30.61,30.61,0.01,5.29,0.01,0.01,9.51,0.01,0.01,56.58,0.01,30.61,0.01,0.01,9.51
2024-06-24 00:00:00+00:00,22.87,22.87,30.73,30.73,0.01,3.89,0.01,0.01,9.67,0.01,0.01,56.86,9.68,30.73,0.01,0.01,9.67
2024-06-25 00:00:00+00:00,20.76,20.76,28.11,28.11,0.01,5.43,0.01,0.01,10.74,0.01,0.01,45.7,16.5,28.11,0.01,0.01,10.74
2024-06-26 00:00:00+00:00,21.18,21.18,28.87,28.87,0.01,3.71,0.01,0.01,11.62,0.01,0.01,48.61,23.47,28.87,0.01,0.01,11.62
2024-06-27 00:00:00+00:00,21.66,21.66,30.35,30.35,0.01,3.13,0.64,0.01,11.68,0.01,0.64,71.32,22.19,30.35,0.01,0.01,11.68
2024-06-28 00:00:00+00:00,17.41,17.41,28.64,28.64,0.01,1.31,0.81,0.01,11.71,0.01,0.81,24.76,23.85,28.64,0.01,0.01,11.71
2024-06-29 00:00:00+00:00,12.91,12.91,28.51,28.51,0.01,0.31,0.72,0.01,12.61,0.01,0.72,37.71,26.5,28.51,0.01,0.01,12.61
2024-06-30 00:00:00+00:00,9.84,9.84,25.43,25.43,0.01,0.01,0.63,0.01,12.45,0.01,0.63,42.39,27.38,25.43,0.01,0.01,12.45
2024-07-01 00:00:00+00:00,10.38,10.38,23.89,23.89,0.01,1.73,0.63,0.01,12.57,0.01,0.63,52.56,16.82,23.89,0.01,0.01,12.57
2024-07-02 00:00:00+00:00,12.8,12.8,23.92,23.92,0.01,3.7,0.67,0.01,12.83,0.01,0.67,51.26,15.37,23.92,0.01,0.01,12.83
2024-07-03 00:00:00+00:00,15.49,15.49,24.73,24.73,0.01,4.95,0.71,0.01,13.43,0.01,0.71,44.14,15.76,24.73,0.01,0.01,13.43
2024-07-04 00:00:00+00:00,17.97,17.97,25.01,25.01,7.75,5.97,0.75,7.75,13.28,7.75,0.75,5.59,18.71,25.01,0.01,7.75,13.28
2024-07-05 00:00:00+00:00,22.69,22.69,29.72,29.72,12.11,7.21,0.95,12.11,18.41,12.11,0.95,18.55,18.65,29.72,0.01,12.11,18.41
2024-07-06 00:00:00+00:00,25.76,25.76,33.77,33.77,13.73,8.74,1.11,13.73,23.76,13.73,1.11,14.06,16.52,33.77,1.72,13.73,23.76
2024-07-07 00:00:00+00:00,27.29,27.29,36.09,36.09,17.61,9.44,1.17,17.61,26.51,17.61,1.17,29.66,33.46,36.09,5.41,17.61,26.51
2024-07-08 00:00:00+00:00,27.35,27.35,37.41,37.41,19.52,6.08,1.04,19.52,26.15,19.52,1.04,36.32,35.39,37.41,4.91,19.52,26.15
2024-07-09 00:00:00+00:00,25.85,25.85,37.72,37.72,17.79,5.82,1.04,17.79,26.04,17.79,1.04,67.5,30.0,37.72,8.58,17.79,26.04
2024-07-10 00:00:00+00:00,24.57,24.57,37.52,37.52,14.22,6.91,1.12,14.22,26.47,14.22,1.12,34.47,32.75,37.52,10.61,14.22,26.47
2024-07-11 00:00:00+00:00,20.56,20.56,37.92,37.92,10.14,2.33,1.01,10.14,22.96,10.14,1.01,34.03,12.98,37.92,4.94,10.14,22.96
2024-07-12 00:00:00+00:00,16.27,16.27,38.35,38.35,7.69,0.01,0.89,7.69,21.63,7.69,0.89,9.79,0.01,38.35,3.11,7.69,21.63
2024-07-13 00:00:00+00:00,15.0,15.0,39.67,39.67,5.68,0.01,0.89,5.68,21.42,5.68,0.89,9.4,0.01,39.67,3.04,5.68,21.42
2024-07-14 00:00:00+00:00,14.11,14.11,39.56,39.56,4.03,1.86,1.03,4.03,22.55,4.03,1.03,28.4,0.01,39.56,3.07,4.03,22.55
2024-07-15 00:00:00+00:00,12.67,12.67,40.05,40.05,3.54,1.32,1.1,3.54,22.66,3.54,1.1,10.14,0.01,40.05,0.62,3.54,22.66
2024-07-16 00:00:00+00:00,13.63,13.63,41.57,41.57,4.45,1.92,1.08,4.45,23.15,4.45,1.08,12.48,0.01,41.57,0.01,4.45,23.15
2024-07-17 00:00:00+00:00,17.09,17.09,43.87,43.87,7.85,0.16,1.08,7.85,24.94,7.85,1.08,22.84,0.01,43.87,0.01,7.85,24.94
2024-07-18 00:00:00+00:00,18.71,18.71,43.96,43.96,11.27,0.01,1.17,11.27,25.38,11.27,1.17,45.96,0.01,43.96,0.01,11.27,25.38
2024-07-19 00:00:00+00:00,20.67,20.67,45.53,45.53,15.55,0.01,1.21,15.55,25.87,15.55,1.21,50.05,0.01,45.53,1.78,15.55,25.87
2024-07-20 00:00:00+00:00,22.62,22.62,48.07,48.07,16.71,0.01,1.35,16.71,27.57,16.71,1.35,70.19,0.01,48.07,3.01,16.71,27.57
2024-07-21 00:00:00+00:00,25.33,25.33,50.7,50.7,17.81,0.65,1.6,17.81,30.18,17.81,1.6,66.7,0.01,50.7,4.98,17.81,30.18
2024-07-22 00:00:00+00:00,24.34,24.34,48.72,48.72,18.85,1.97,1.79,18.85,30.11,18.85,1.79,34.42,3.04,48.72,6.39,18.85,30.11
2024-07-23 00:00:00+00:00,18.44,18.44,50.16,50.16,16.61,0.45,1.75,16.61,29.64,16.61,1.75,20.77,0.01,50.16,1.22,16.61,29.64
2024-07-24 00:00:00+00:00,18.22,18.22,53.61,53.61,15.35,0.01,1.91,15.35,31.43,15.35,1.91,32.74,0.01,53.61,1.71,15.35,31.43
2024-07-25 00:00:00+00:00,21.6,21.6,55.64,55.64,18.35,3.93,2.07,18.35,33.14,18.35,2.07,65.06,0.01,55.64,3.11,18.35,33.14
2024-07-26 00:00:00+00:00,26.33,26.33,60.72,60.72,21.19,9.0,2.42,21.19,35.21,21.19,2.42,92.39,0.01,60.72,10.72,21.19,35.21
2024-07-27 00:00:00+00:00,29.94,29.94,65.23,65.23,22.98,10.75,2.68,22.98,37.64,22.98,2.68,96.67,0.01,65.23,17.66,22.98,37.64
2024-07-28 00:00:00+00:00,32.3,32.3,68.32,68.32,26.8,11.65,3.08,26.8,39.59,26.8,3.08,97.8,9.31,68.32,23.34,26.8,39.59
2024-07-29 00:00:00+00:00,36.28,36.28,71.03,71.03,34.88,11.81,3.35,34.88,41.42,34.88,3.35,73.0,41.16,71.03,24.44,34.88,41.42
2024-07-30 00:00:00+00:00,40.31,40.31,74.8,74.8,37.39,11.81,3.79,37.39,43.13,37.39,3.79,50.94,44.55,74.8,25.2,37.39,43.13
2024-07-31 00:00:00+00:00,42.33,42.33,76.2,76.2,38.21,11.54,4.04,38.21,42.14,38.21,4.04,51.5,42.92,76.2,24.31,38.21,42.14
2024-08-01 00:00:00+00:00,45.34,45.34,79.05,79.05,39.55,12.23,4.47,39.55,42.41,39.55,4.47,46.66,44.84,79.05,26.93,39.55,42.41
2024-08-02 00:00:00+00:00,46.84,46.84,81.44,81.44,37.5,12.92,4.89,37.5,41.69,37.5,4.89,51.68,50.47,81.44,27.08,37.5,41.69
2024-08-03 00:00:00+00:00,43.18,43.18,76.13,76.13,33.08,11.82,4.86,33.08,36.8,33.08,4.86,30.36,36.76,76.13,25.87,33.08,36.8
2024-08-04 00:00:00+00:00,38.92,38.92,67.79,67.79,30.56,11.11,4.75,30.56,32.14,30.56,4.75,25.79,28.15,67.79,25.28,30.56,32.14
2024-08-05 00:00:00+00:00,37.56,37.56,62.29,62.29,30.48,11.15,4.93,30.48,30.59,30.48,4.93,26.04,28.35,62.29,27.01,30.48,30.59
2024-08-06 00:00:00+00:00,37.49,37.49,59.57,59.57,31.58,13.59,5.59,31.58,29.97,31.58,5.59,7.84,17.63,59.57,27.96,31.58,29.97
2024-08-07 00:00:00+00:00,38.63,38.63,58.46,58.46,38.16,15.86,6.34,38.16,30.63,38.16,6.34,23.02,7.11,58.46,29.75,38.16,30.63
2024-08-08 00:00:00+00:00,38.99,38.99,56.78,56.78,44.49,16.14,6.87,44.49,31.32,44.49,6.87,0.01,0.01,56.78,30.6,44.49,31.32
2024-08-09 00:00:00+00:00,38.07,38.07,52.52,52.52,53.47,16.92,6.78,53.47,31.18,53.47,6.78,0.01,0.01,52.52,31.99,53.47,31.18
2024-08-10 00:00:00+00:00,40.73,40.73,59.13,59.13,68.31,13.46,6.2,68.31,38.42,68.31,6.2,44.14,0.01,59.13,35.31,68.31,38.42
2024-08-11 00:00:00+00:00,36.37,36.37,65.27,65.27,89.79,12.8,4.97,89.79,45.22,89.79,4.97,95.06,44.74,65.27,33.2,89.79,45.22
2024-08-12 00:00:00+00:00,33.63,33.63,65.86,65.86,85.35,12.26,3.86,85.35,48.0,85.35,3.86,72.64,53.16,65.86,28.7,85.35,48.0
2024-08-13 00:00:00+00:00,34.6,34.6,65.41,65.41,50.14,9.55,3.3,50.14,49.28,50.14,3.3,59.01,61.16,65.41,29.91,50.14,49.28
2024-08-14 00:00:00+00:00,36.8,36.8,63.43,63.43,36.85,8.42,3.14,36.85,50.17,36.85,3.14,59.43,84.76,63.43,32.76,36.85,50.17
2024-08-15 00:00:00+00:00,37.18,37.18,58.83,58.83,25.14,11.0,2.63,25.14,47.51,25.14,2.63,0.01,66.95,58.83,34.38,25.14,47.51
2024-08-16 00:00:00+00:00,34.29,34.29,52.62,52.62,19.6,11.83,1.32,19.6,45.36,19.6,1.32,0.01,51.13,52.62,37.36,19.6,45.36
2024-08-17 00:00:00+00:00,29.17,29.17,44.51,44.51,16.81,9.83,0.37,16.81,40.29,16.81,0.37,0.01,45.61,44.51,32.79,16.81,40.29
2024-08-18 00:00:00+00:00,27.39,27.39,39.49,39.49,19.21,9.48,0.01,19.21,36.39,19.21,0.01,0.01,27.55,39.49,30.47,19.21,36.39
2024-08-19 00:00:00+00:00,24.18,24.18,32.81,32.81,20.82,8.91,0.01,20.82,30.82,20.82,0.01,10.61,22.55,32.81,26.57,20.82,30.82
2024-08-20 00:00:00+00:00,22.38,22.38,28.72,28.72,20.17,8.65,0.01,20.17,27.35,20.17,0.01,21.25,13.96,28.72,23.84,20.17,27.35
2024-08-21 00:00:00+00:00,21.37,21.37,25.55,25.55,22.14,5.75,0.01,22.14,24.81,22.14,0.01,24.39,10.35,25.55,19.34,22.14,24.81
2024-08-22 00:00:00+00:00,23.14,23.14,25.77,25.77,34.23,3.09,0.01,34.23,25.58,34.23,0.01,25.32,3.36,25.77,18.59,34.23,25.58
2024-08-23 00:00:00+00:00,25.27,25.27,28.15,28.15,55.23,0.2,0.01,55.23,27.86,55.23,0.01,39.46,0.01,28.15,19.17,55.23,27.86
2024-08-24 00:00:00+00:00,23.36,23.36,32.05,32.05,63.05,0.01,0.01,63.05,30.4,63.05,0.01,34.73,0.01,32.05,18.89,63.05,30.4
2024-08-25 00:00:00+00:00,21.37,21.37,32.23,32.23,67.16,1.85,0.01,67.16,31.02,67.16,0.01,45.63,0.01,32.23,19.37,67.16,31.02
2024-08-26 00:00:00+00:00,22.25,22.25,32.79,32.79,75.98,2.4,0.01,75.98,34.0,75.98,0.01,16.62,0.01,32.79,19.01,75.98,34.0
2024-08-27 00:00:00+00:00,19.31,19.31,31.28,31.28,82.43,1.5,0.01,82.43,35.39,82.43,0.01,17.6,15.6,31.28,16.92,82.43,35.39
2024-08-28 00:00:00+00:00,19.6,19.6,25.65,25.65,87.13,0.81,0.01,87.13,36.89,87.13,0.01,0.01,37.94,25.65,15.0,87.13,36.89
2024-08-29 00:00:00+00:00,21.91,21.91,15.28,15.28,91.26,0.49,0.01,91.26,38.37,91.26,0.01,0.01,44.05,15.28,13.37,91.26,38.37
2024-08-30 00:00:00+00:00,22.48,22.48,9.55,9.55,83.64,0.36,0.01,83.64,36.4,83.64,0.01,4.93,50.57,9.55,12.35,83.64,36.4
2024-08-31 00:00:00+00:00,21.92,21.92,6.31,6.31,73.96,0.92,0.01,73.96,34.86,73.96,0.01,43.51,47.96,6.31,13.36,73.96,34.86
2024-09-01 00:00:00+00:00,22.83,22.83,12.14,12.14,68.85,4.86,0.01,68.85,34.96,68.85,0.01,25.05,70.8,12.14,20.22,68.85,34.96
2024-09-02 00:00:00+00:00,24.19,24.19,15.27,15.27,59.07,7.53,0.01,59.07,35.02,59.07,0.01,22.94,70.11,15.27,23.44,59.07,35.02
2024-09-03 00:00:00+00:00,25.37,25.37,18.35,18.35,44.58,7.58,0.01,44.58,35.02,44.58,0.01,84.01,48.0,18.35,22.27,44.58,35.02
2024-09-04 00:00:00+00:00,23.31,23.31,14.77,14.77,35.55,5.81,0.01,35.55,30.25,35.55,0.01,59.15,38.72,14.77,15.82,35.55,30.25
2024-09-05 00:00:00+00:00,22.06,22.06,12.67,12.67,32.26,1.68,0.01,32.26,28.23,32.26,0.01,35.96,24.27,12.67,10.65,32.26,28.23
2024-09-06 00:00:00+00:00,23.41,23.41,11.73,11.73,35.51,0.01,0.01,35.51,30.0,35.51,0.01,1.36,21.37,11.73,9.25,35.51,30.0
2024-09-07 00:00:00+00:00,25.37,25.37,15.2,15.2,35.32,0.01,0.01,35.32,33.18,35.32,0.01,0.51,19.28,15.2,9.8,35.32,33.18
2024-09-08 00:00:00+00:00,26.97,26.97,19.1,19.1,33.26,0.01,0.01,33.26,31.97,33.26,0.01,4.38,28.48,19.1,5.5,33.26,31.97
2024-09-09 00:00:00+00:00,28.1,28.1,24.01,24.01,32.21,2.84,0.01,32.21,31.12,32.21,0.01,39.24,33.5,24.01,9.75,32.21,31.12
2024-09-10 00:00:00+00:00,27.83,27.83,29.89,29.89,28.7,2.08,0.01,28.7,28.69,28.7,0.01,46.3,24.53,29.89,8.37,28.7,28.69
2024-09-11 00:00:00+00:00,31.68,31.68,35.48,35.48,31.38,3.18,0.01,31.38,31.12,31.38,0.01,50.61,20.67,35.48,10.84,31.38,31.12
2024-09-12 00:00:00+00:00,32.78,32.78,40.8,40.8,32.32,1.7,0.01,32.32,31.2,32.32,0.01,42.94,25.14,40.8,8.6,32.32,31.2
2024-09-13 00:00:00+00:00,32.56,32.56,39.47,39.47,30.96,3.19,0.01,30.96,30.99,30.96,0.01,20.53,28.56,39.47,6.02,30.96,30.99
2024-09-14 00:00:00+00:00,36.49,36.49,39.41,39.41,29.58,6.55,0.01,29.58,32.61,29.58,0.01,28.28,31.38,39.41,12.16,29.58,32.61
2024-09-15 00:00:00+00:00,39.97,39.97,40.83,40.83,34.38,7.5,0.01,34.38,35.1,34.38,0.01,41.23,37.06,40.83,17.56,34.38,35.1
2024-09-16 00:00:00+00:00,41.6,41.6,41.77,41.77,40.1,8.33,4.05,40.1,36.1,40.1,4.05,42.56,39.08,41.77,17.48,40.1,36.1
2024-09-17 00:00:00+00:00,40.93,40.93,41.22,41.22,41.23,9.14,5.08,41.23,35.06,41.23,5.08,52.31,38.42,41.22,17.63,41.23,35.06
2024-09-18 00:00:00+00:00,41.42,41.42,41.13,41.13,42.95,9.64,6.79,42.95,34.91,42.95,6.79,31.17,41.74,41.13,19.65,42.95,34.91
2024-09-19 00:00:00+00:00,42.4,42.4,40.29,40.29,42.72,11.66,7.41,42.72,34.03,42.72,7.41,39.12,39.17,40.29,24.1,42.72,34.03
2024-09-20 00:00:00+00:00,42.64,42.64,40.01,40.01,42.09,15.41,8.49,42.09,33.84,42.09,8.49,40.42,39.65,40.01,33.59,42.09,33.84
2024-09-21 00:00:00+00:00,40.19,40.19,37.12,37.12,38.84,17.38,9.25,38.84,31.53,38.84,9.25,0.01,37.02,37.12,32.12,38.84,31.53
2024-09-22 00:00:00+00:00,38.9,38.9,34.31,34.31,34.46,17.39,9.76,34.46,30.27,34.46,9.76,31.85,32.72,34.31,30.34,34.46,30.27
2024-09-23 00:00:00+00:00,40.08,40.08,33.9,33.9,32.81,18.64,10.78,32.81,30.95,32.81,10.78,44.37,44.83,33.9,31.23,32.81,30.95
2024-09-24 00:00:00+00:00,38.88,38.88,32.08,32.08,29.93,20.23,10.85,29.93,29.1,29.93,10.85,30.74,42.18,32.08,29.29,29.93,29.1
2024-09-25 00:00:00+00:00,38.87,38.87,31.84,31.84,28.89,21.58,11.17,28.89,28.17,28.89,11.17,18.46,39.64,31.84,27.77,28.89,28.17
2024-09-26 00:00:00+00:00,43.74,43.74,35.57,35.57,29.78,24.83,12.17,29.78,30.74,29.78,12.17,24.82,38.35,35.57,31.14,29.78,30.74
2024-09-27 00:00:00+00:00,48.4,48.4,38.31,38.31,31.36,27.9,13.36,31.36,33.81,31.36,13.36,9.05,39.03,38.31,35.68,31.36,33.81
2024-09-28 00:00:00+00:00,58.72,58.72,44.11,44.11,38.64,31.55,16.11,38.64,42.01,38.64,16.11,83.42,55.61,44.11,42.99,38.64,42.01
2024-09-29 00:00:00+00:00,64.29,64.29,48.19,48.19,40.44,34.98,18.88,40.44,46.42,40.44,18.88,86.41,76.49,48.19,48.78,40.44,46.42
2024-09-30 00:00:00+00:00,67.62,67.62,48.56,48.56,40.49,40.9,21.79,40.49,47.4,40.49,21.79,49.08,73.34,48.56,50.77,40.49,47.4
2024-10-01 00:00:00+00:00,74.57,74.57,50.87,50.87,50.26,49.31,25.53,50.26,50.36,50.26,25.53,51.09,80.61,50.87,55.54,50.26,50.36
2024-10-02 00:00:00+00:00,82.29,82.29,53.38,53.38,56.26,52.33,31.97,56.26,52.35,56.26,31.97,58.22,77.66,53.38,58.76,56.26,52.35
2024-10-03 00:00:00+00:00,85.12,85.12,53.33,53.33,50.7,50.67,37.39,50.7,50.94,50.7,37.39,60.67,70.04,53.33,57.76,50.7,50.94
2024-10-04 00:00:00+00:00,88.4,88.4,53.06,53.06,48.16,48.52,39.04,48.16,48.97,48.16,39.04,94.39,56.05,53.06,59.81,48.16,48.97
2024-10-05 00:00:00+00:00,88.94,88.94,53.35,53.35,44.47,45.86,39.49,44.47,46.75,44.47,39.49,45.47,45.61,53.35,57.78,44.47,46.75
2024-10-06 00:00:00+00:00,85.38,85.38,54.08,54.08,42.69,44.32,39.3,42.69,46.03,42.69,39.3,10.19,40.89,54.08,56.75,42.69,46.03
2024-10-07 00:00:00+00:00,78.5,78.5,50.49,50.49,38.36,40.97,37.24,38.36,43.76,38.36,37.24,47.41,35.89,50.49,54.33,38.36,43.76
2024-10-08 00:00:00+00:00,78.63,78.63,50.78,50.78,31.29,41.2,38.54,31.29,44.45,31.29,38.54,43.0,34.95,50.78,54.89,31.29,44.45
2024-10-09 00:00:00+00:00,80.74,80.74,52.69,52.69,23.21,41.38,40.58,23.21,46.06,23.21,40.58,33.41,30.71,52.69,54.01,23.21,46.06
2024-10-10 00:00:00+00:00,74.56,74.56,49.15,49.15,0.01,34.8,37.95,0.01,43.57,0.01,37.95,30.87,20.33,49.15,46.71,0.01,43.57
2024-10-11 00:00:00+00:00,74.1,74.1,46.86,46.86,0.01,31.32,37.88,0.01,44.6,0.01,37.88,45.18,17.01,46.86,46.1,0.01,44.6
2024-10-12 00:00:00+00:00,73.32,73.32,44.49,44.49,0.01,30.01,37.35,0.01,44.68,0.01,37.35,48.41,15.28,44.49,45.82,0.01,44.68
2024-10-13 00:00:00+00:00,74.87,74.87,43.7,43.7,10.53,30.3,37.55,10.53,46.2,10.53,37.55,58.08,15.36,43.7,47.34,10.53,46.2
2024-10-14 00:00:00+00:00,75.95,75.95,43.0,43.0,20.72,28.89,37.26,20.72,47.25,20.72,37.26,38.37,6.07,43.0,48.97,20.72,47.25
2024-10-15 00:00:00+00:00,71.22,71.22,40.76,40.76,27.7,27.16,34.43,27.7,45.12,27.7,34.43,33.63,9.89,40.76,46.52,27.7,45.12
2024-10-16 00:00:00+00:00,64.75,64.75,38.38,38.38,33.19,25.67,31.06,33.19,41.83,33.19,31.06,28.04,14.16,38.38,43.02,33.19,41.83
2024-10-17 00:00:00+00:00,69.02,69.02,40.25,40.25,37.65,29.22,33.07,37.65,45.84,37.65,33.07,40.59,28.42,40.25,46.82,37.65,45.84
2024-10-18 00:00:00+00:00,69.32,69.32,40.03,40.03,37.47,33.01,32.75,37.47,46.97,37.47,32.75,41.25,31.99,40.03,45.92,37.47,46.97
2024-10-19 00:00:00+00:00,70.38,70.38,41.42,41.42,35.95,35.54,33.07,35.95,48.7,35.95,33.07,25.18,31.71,41.42,45.27,35.95,48.7
2024-10-20 00:00:00+00:00,71.7,71.7,40.31,40.31,39.23,36.01,32.88,39.23,50.65,39.23,32.88,27.01,26.42,40.31,43.37,39.23,50.65
2024-10-21 00:00:00+00:00,78.05,78.05,42.11,42.11,38.12,12.92,33.47,38.12,55.06,38.12,33.47,41.69,20.87,42.11,43.51,38.12,55.06
2024-10-22 00:00:00+00:00,70.81,70.81,44.15,44.15,34.23,0.01,30.57,34.23,57.77,34.23,30.57,56.52,12.55,44.15,43.97,34.23,57.77
2024-10-23 00:00:00+00:00,61.45,61.45,48.47,48.47,41.22,0.01,27.94,41.22,62.32,41.22,27.94,69.04,10.7,48.47,47.37,41.22,62.32
2024-10-24 00:00:00+00:00,57.18,57.18,49.43,49.43,38.38,0.01,26.46,38.38,62.92,38.38,26.46,57.37,10.24,49.43,46.09,38.38,62.92
2024-10-25 00:00:00+00:00,56.6,56.6,48.64,48.64,42.06,0.01,23.35,42.06,60.39,42.06,23.35,60.49,9.43,48.64,42.9,42.06,60.39
2024-10-26 00:00:00+00:00,54.04,54.04,44.36,44.36,36.28,5.96,20.95,36.28,53.61,36.28,20.95,46.33,20.46,44.36,37.35,36.28,53.61
2024-10-27 00:00:00+00:00,50.4,50.4,44.15,44.15,40.12,7.14,21.13,40.12,53.35,40.12,21.13,41.53,37.15,44.15,35.9,40.12,53.35
2024-10-28 00:00:00+00:00,43.65,43.65,41.56,41.56,38.98,2.7,18.63,38.98,50.71,38.98,18.63,58.21,34.8,41.56,30.73,38.98,50.71
2024-10-29 00:00:00+00:00,45.97,45.97,43.56,43.56,38.48,1.26,19.51,38.48,53.53,38.48,19.51,47.14,34.38,43.56,29.43,38.48,53.53
2024-10-30 00:00:00+00:00,46.63,46.63,40.6,40.6,33.86,1.6,18.19,33.86,49.01,33.86,18.19,32.58,35.09,40.6,26.01,33.86,49.01
2024-10-31 00:00:00+00:00,50.25,50.25,39.79,39.79,31.65,6.23,19.0,31.65,48.97,31.65,19.0,0.81,37.22,39.79,25.06,31.65,48.97
2024-11-01 00:00:00+00:00,48.8,48.8,41.83,41.83,39.47,10.21,19.32,39.47,51.11,39.47,19.32,37.9,38.48,41.83,26.97,39.47,51.11
2024-11-02 00:00:00+00:00,49.1,49.1,42.01,42.01,43.6,7.36,18.29,43.6,55.53,43.6,18.29,74.74,55.89,42.01,30.37,43.6,55.53
2024-11-03 00:00:00+00:00,51.69,51.69,45.65,45.65,38.84,8.35,18.63,38.84,57.53,38.84,18.63,58.44,63.01,45.65,29.67,38.84,57.53
2024-11-04 00:00:00+00:00,53.73,53.73,45.46,45.46,37.88,9.39,19.31,37.88,60.64,37.88,19.31,95.28,69.29,45.46,34.38,37.88,60.64
2024-11-05 00:00:00+00:00,52.12,52.12,43.89,43.89,35.6,12.0,19.47,35.6,57.36,35.6,19.47,51.07,73.55,43.89,35.93,35.6,57.36
2024-11-06 00:00:00+00:00,59.2,59.2,49.49,49.49,37.17,16.26,22.6,37.17,62.53,37.17,22.6,33.17,87.41,49.49,41.64,37.17,62.53
2024-11-07 00:00:00+00:00,61.68,61.68,50.47,50.47,33.18,19.87,24.2,33.18,62.22,33.18,24.2,41.47,88.47,50.47,45.33,33.18,62.22
2024-11-08 00:00:00+00:00,64.25,64.25,51.35,51.35,21.63,24.0,26.22,21.63,58.0,21.63,26.22,53.77,83.17,51.35,50.28,21.63,58.0
2024-11-09 00:00:00+00:00,66.55,66.55,51.62,51.62,25.55,28.35,28.06,25.55,58.41,25.55,28.06,49.26,73.9,51.62,51.67,25.55,58.41
2024-11-10 00:00:00+00:00,66.23,66.23,49.78,49.78,23.84,40.71,29.2,23.84,56.35,23.84,29.2,50.5,62.51,49.78,50.04,23.84,56.35
2024-11-11 00:00:00+00:00,66.29,66.29,48.79,48.79,16.62,41.16,31.21,16.62,55.31,16.62,31.21,51.88,55.94,48.79,48.48,16.62,55.31
2024-11-12 00:00:00+00:00,74.23,74.23,54.24,54.24,13.78,47.01,37.2,13.78,63.73,13.78,37.2,32.86,64.23,54.24,53.04,13.78,63.73
2024-11-13 00:00:00+00:00,85.76,85.76,62.06,62.06,11.49,54.16,45.04,11.49,75.01,11.49,45.04,54.17,70.08,62.06,59.87,11.49,75.01
2024-11-14 00:00:00+00:00,100.81,100.81,73.44,73.44,13.53,62.74,54.1,13.53,86.65,13.53,54.1,0.01,81.75,73.44,68.17,13.53,86.65
2024-11-15 00:00:00+00:00,118.49,118.49,84.86,84.86,15.78,72.86,64.89,15.78,97.69,15.78,64.89,0.01,106.34,84.86,77.62,15.78,97.69
2024-11-16 00:00:00+00:00,132.16,132.16,93.93,93.93,23.88,81.7,72.41,23.88,108.09,23.88,72.41,0.01,120.41,93.93,84.14,23.88,108.09
2024-11-17 00:00:00+00:00,136.74,136.74,88.48,88.48,34.12,82.66,73.63,34.12,103.84,34.12,73.63,140.09,116.88,88.48,86.92,34.12,103.84
2024-11-18 00:00:00+00:00,133.91,133.91,77.75,77.75,48.37,84.0,70.86,48.37,107.41,48.37,70.86,134.79,107.84,77.75,85.77,48.37,107.41
2024-11-19 00:00:00+00:00,123.59,123.59,69.18,69.18,47.66,81.3,65.52,47.66,102.86,47.66,65.52,49.01,108.55,69.18,78.12,47.66,102.86
2024-11-20 00:00:00+00:00,106.43,106.43,62.99,62.99,37.44,72.65,57.16,37.44,88.4,37.44,57.16,0.01,120.59,62.99,65.44,37.44,88.4
2024-11-21 00:00:00+00:00,98.59,98.59,59.8,59.8,25.53,68.14,53.8,25.53,86.23,25.53,53.8,118.58,122.57,59.8,58.94,25.53,86.23
2024-11-22 00:00:00+00:00,92.71,92.71,58.16,58.16,11.68,66.03,51.18,11.68,81.72,11.68,51.18,110.23,114.84,58.16,53.03,11.68,81.72
2024-11-23 00:00:00+00:00,83.55,83.55,53.65,53.65,9.54,61.44,46.31,9.54,76.92,9.54,46.31,0.01,90.33,53.65,45.67,9.54,76.92
2024-11-24 00:00:00+00:00,80.06,80.06,51.34,51.34,9.22,60.73,44.35,9.22,79.53,9.22,44.35,19.95,82.79,51.34,42.84,9.22,79.53
2024-11-25 00:00:00+00:00,81.26,81.26,51.07,51.07,12.78,65.34,45.09,12.78,78.79,12.78,45.09,93.79,100.77,51.07,43.81,12.78,78.79
2024-11-26 00:00:00+00:00,80.55,80.55,45.55,45.55,13.78,67.63,44.39,13.78,72.87,13.78,44.39,103.84,103.84,45.55,43.11,13.78,72.87
2024-11-27 00:00:00+00:00,90.92,90.92,44.87,44.87,35.48,79.05,49.49,35.48,81.57,35.48,49.49,97.18,118.26,44.87,47.25,35.48,81.57
2024-11-28 00:00:00+00:00,99.34,99.34,53.99,53.99,45.19,89.1,55.43,45.19,87.06,45.19,55.43,131.69,131.69,53.99,51.75,45.19,87.06
2024-11-29 00:00:00+00:00,93.18,93.18,48.99,48.99,43.43,84.66,52.56,43.43,75.49,43.43,52.56,62.13,124.27,48.99,46.93,43.43,75.49
2024-11-30 00:00:00+00:00,99.91,99.91,47.14,47.14,55.26,91.41,56.57,55.26,71.47,55.26,56.57,0.01,133.64,47.14,48.26,55.26,71.47
2024-12-01 00:00:00+00:00,101.08,101.08,46.8,46.8,56.7,90.65,57.17,56.7,69.3,56.7,57.17,63.93,135.58,46.8,50.09,56.7,69.3
2024-12-02 00:00:00+00:00,102.48,102.48,49.34,49.34,54.42,90.81,58.1,54.42,67.51,54.42,58.1,139.95,122.14,49.34,46.12,54.42,67.51
2024-12-03 00:00:00+00:00,107.33,107.33,54.51,54.51,52.54,94.04,61.93,52.54,67.51,52.54,61.93,140.05,130.81,54.51,39.88,52.54,67.51
2024-12-04 00:00:00+00:00,113.06,113.06,62.83,62.83,51.61,98.67,66.24,51.61,70.02,51.61,66.24,86.56,127.08,62.83,35.02,51.61,70.02
2024-12-05 00:00:00+00:00,134.53,134.53,80.61,80.61,59.91,116.79,80.91,59.91,82.94,59.91,80.91,25.99,153.38,80.61,31.1,59.91,82.94
2024-12-06 00:00:00+00:00,192.48,192.48,118.38,118.38,80.64,165.94,118.46,80.64,118.62,80.64,118.46,169.48,214.17,118.38,25.57,80.64,118.62
2024-12-07 00:00:00+00:00,197.92,197.92,117.82,117.82,79.86,171.39,123.71,79.86,121.05,79.86,123.71,154.04,193.96,117.82,4.87,79.86,121.05
2024-12-08 00:00:00+00:00,195.82,195.82,116.04,116.04,79.61,169.16,123.5,79.61,118.75,79.61,123.5,241.38,178.66,116.04,0.01,79.61,118.75
2024-12-09 00:00:00+00:00,190.64,190.64,115.2,115.2,82.33,166.98,121.71,82.33,116.04,82.33,121.71,133.51,180.25,115.2,0.01,82.33,116.04
2024-12-10 00:00:00+00:00,179.62,179.62,112.17,112.17,80.16,166.12,116.21,80.16,110.53,80.16,116.21,159.74,151.13,112.17,0.01,80.16,110.53
2024-12-11 00:00:00+00:00,164.17,164.17,103.31,103.31,75.11,152.59,107.37,75.11,101.87,75.11,107.37,122.83,131.74,103.31,0.01,75.11,101.87
2024-12-12 00:00:00+00:00,124.72,124.72,78.9,78.9,57.75,116.57,82.3,57.75,77.69,57.75,82.3,99.23,91.74,78.9,0.01,57.75,77.69
2024-12-13 00:00:00+00:00,59.56,59.56,37.5,37.5,28.38,56.24,39.35,28.38,36.98,28.38,39.35,2.13,43.75,37.5,0.01,28.38,36.98
2024-12-14 00:00:00+00:00,43.35,43.35,26.89,26.89,21.02,40.99,28.81,21.02,27.06,21.02,28.81,38.81,31.5,26.89,0.01,21.02,27.06
2024-12-15 00:00:00+00:00,40.74,40.74,24.71,24.71,20.19,37.53,27.14,20.19,25.52,20.19,27.14,28.96,27.98,24.71,2.31,20.19,25.52
2024-12-16 00:00:00+00:00,39.17,39.17,23.93,23.93,20.09,34.61,26.0,20.09,23.95,20.09,26.0,30.22,27.91,23.93,5.1,20.09,23.95
2024-12-17 00:00:00+00:00,44.14,44.14,22.81,22.81,23.67,36.33,29.09,23.67,26.75,23.67,29.09,26.07,33.63,22.81,4.88,23.67,26.75
2024-12-18 00:00:00+00:00,40.85,40.85,19.17,19.17,20.49,32.94,26.99,20.49,24.69,20.49,26.99,40.08,27.59,19.17,2.54,20.49,24.69
2024-12-19 00:00:00+00:00,41.62,41.62,20.39,20.39,20.41,32.19,27.49,20.41,25.09,20.41,27.49,59.85,23.94,20.39,3.31,20.41,25.09
2024-12-20 00:00:00+00:00,43.25,43.25,22.55,22.55,20.63,32.0,29.3,20.63,25.86,20.63,29.3,61.37,3.46,22.55,4.61,20.63,25.86
2024-12-21 00:00:00+00:00,45.0,45.0,25.63,25.63,21.69,32.85,31.85,21.69,26.38,21.69,31.85,32.43,3.09,25.63,7.09,21.69,26.38
2024-12-22 00:00:00+00:00,46.8,46.8,25.8,25.8,23.17,33.9,33.77,23.17,27.06,23.17,33.77,51.68,20.22,25.8,15.93,23.17,27.06
2024-12-23 00:00:00+00:00,47.68,47.68,25.38,25.38,22.7,34.45,34.81,22.7,27.65,22.7,34.81,66.88,20.42,25.38,19.58,22.7,27.65
2024-12-24 00:00:00+00:00,44.19,44.19,25.33,25.33,20.57,32.38,32.66,20.57,25.62,20.57,32.66,40.08,21.27,25.33,18.97,20.57,25.62
2024-12-25 00:00:00+00:00,43.44,43.44,28.21,28.21,20.71,32.21,32.5,20.71,25.4,20.71,32.5,4.79,12.59,28.21,19.26,20.71,25.4
2024-12-26 00:00:00+00:00,41.19,41.19,27.72,27.72,19.88,30.33,31.23,19.88,24.17,19.88,31.23,43.74,10.96,27.72,19.31,19.88,24.17
2024-12-27 00:00:00+00:00,49.9,49.9,34.36,34.36,24.26,35.68,38.78,24.26,28.82,24.26,38.78,38.38,9.76,34.36,23.12,24.26,28.82
2024-12-28 00:00:00+00:00,53.96,53.96,39.53,39.53,26.81,38.66,42.85,26.81,30.92,26.81,42.85,0.01,3.93,39.53,23.59,26.81,30.92
2024-12-29 00:00:00+00:00,65.35,65.35,50.31,50.31,32.28,46.6,52.13,32.28,37.01,32.28,52.13,0.01,5.28,50.31,30.62,32.28,37.01
2024-12-30 00:00:00+00:00,70.63,70.63,54.32,54.32,34.68,50.81,56.35,34.68,39.31,34.68,56.35,67.21,23.58,54.32,34.55,34.68,39.31
2024-12-31 00:00:00+00:00,70.57,70.57,54.23,54.23,34.26,52.25,56.08,34.26,39.67,34.26,56.08,40.86,21.54,54.23,33.82,34.26,39.67
2025-01-01 00:00:00+00:00,70.62,70.62,54.03,54.03,30.63,54.03,55.24,30.63,41.22,30.63,55.24,28.48,25.21,54.03,33.12,30.63,41.22
